utt_id,session,start_time,end_time,duration,quality_codes,flags,category,split
tr-006_00818,tr-006,2339.09,2347.85,8.76,Good,TMC,spanish_only,train
tr-006_01061,tr-006,3696.52,3704.801,8.281,Good,,mixed,train
tr-005_00379,tr-005,3079.371,3088.756,9.385,EXC,BLK,,
tr-006_00682,tr-006,1452.002,1460.251,8.249,CRT-A,,jehe'a,train
tr-011_03180,tr-011,2475.399,2485.694,10.295,MTS,"TMC,NSY",mixed,
tr-009_02173,tr-009,1667.325,1678.37,11.045,Good,"TMC,NSY",jehe'a,dev
tr-008_01789,tr-008,1824.297,1835.522,11.225,MTS,"TMC,SPL",jehe'a,
tr-010_02514,tr-010,862.378,873.383,11.005,Good,SPL,jehe'a,train
tr-008_01965,tr-008,3232.24,3241.562,9.322,EXC,,,
tr-009_02033,tr-009,272.515,283.879,11.364,MTS,TMC,jehe'a,
tr-006_00764,tr-006,2010.03,2017.23,7.2,Good,,spanish_only,dev
tr-008_01940,tr-008,3037.94,3046.302,8.362,MTS,SPL,mixed,
tr-011_02855,tr-011,72.682,79.287,6.605,MTS,,mixed,
tr-009_02242,tr-009,2302.5,2310.28,7.78,MTS,NSY,mixed,
tr-009_02092,tr-009,919.018,929.147,10.129,"MTS,CRT-D",BLK,jehe'a,
tr-008_01719,tr-008,1328.104,1336.188,8.084,MTS,,mixed,
tr-008_01630,tr-008,636.61,642.866,6.256,MTS,BCO,mixed,
tr-010_02523,tr-010,905.748,916.878,11.13,Good,"SPL,TMC",mixed,train
tr-009_02266,tr-009,2464.575,2473.96,9.385,"MTS,CRT-A",TMC,spanish_only,
tr-009_02212,tr-009,2012.926,2019.73,6.804,CRT-A,,jehe'a,train
tr-010_02656,tr-010,1836.47,1847.425,10.955,Good,,mixed,train
tr-010_02513,tr-010,851.17,862.378,11.208,MTS,SPL,jehe'a,
tr-010_02816,tr-010,3096.061,3104.131,8.07,CRT-A,,spanish_only,train
tr-007_01226,tr-007,1201.35,1212.11,10.76,Good,NSY,mixed,train
tr-011_02990,tr-011,1044.734,1050.264,5.53,MTS,TMC,mixed,
tr-007_01359,tr-007,2302.578,2313.863,11.285,Good,,mixed,train
tr-008_01796,tr-008,1916.353,1927.859,11.506,CRT-A,TMC,jehe'a,train
tr-008_01661,tr-008,846.385,859.959,13.574,"MTS,CRT-D",BLK,spanish_only,
tr-008_01671,tr-008,932.52,937.925,5.405,MTS,,mixed,
tr-011_03193,tr-011,2613.085,2618.427,5.342,MTS,BCO,spanish_only,
tr-008_01955,tr-008,3155.379,3168.119,12.74,CRT-D,"BLK,NSY",jehe'a,dev
tr-011_03110,tr-011,1986.677,1991.168,4.491,Good,,mixed,test
tr-007_01215,tr-007,1061.95,1075.715,13.765,Good,"TMC,NSY",jehe'a,test
tr-010_02533,tr-010,968.878,980.523,11.645,Good,"SPL,NSY,TMC",mixed,train
tr-009_02319,tr-009,2845.942,2859.358,13.416,CRT-A,NSY,mixed,dev
tr-008_01838,tr-008,2244.197,2253.653,9.456,MTS,TMC,mixed,
tr-006_00589,tr-006,787.93,797.96,10.03,Good,,mixed,train
tr-005_00245,tr-005,1938.171,1946.006,7.835,CRT-D,,mixed,train
tr-010_02497,tr-010,753.163,762.138,8.975,MTS,SPL,jehe'a,
tr-010_02454,tr-010,398.368,408.408,10.04,Good,,jehe'a,test
tr-006_00945,tr-006,3048.34,3056.46,8.12,Good,SPL,mixed,dev
tr-008_01740,tr-008,1481.18,1488.959,7.779,MTS,,mixed,
tr-009_02024,tr-009,217.745,229.093,11.348,MTS,"NSY,TMC,SPL",jehe'a,
tr-008_01794,tr-008,1868.228,1879.96,11.732,Good,"TMC,SPL,BCO",mixed,train
tr-008_01674,tr-008,948.261,955.972,7.711,MTS,TMC,mixed,
tr-006_00900,tr-006,2789.47,2795.175,5.705,Good,,mixed,train
tr-008_01839,tr-008,2253.694,2262.781,9.087,MTS,BCO,jehe'a,
tr-008_01801,tr-008,1947.513,1957.741,10.228,MTS,,jehe'a,
tr-007_01182,tr-007,797.64,804.965,7.325,MTS,,mixed,
tr-009_02088,tr-009,863.032,877.148,14.116,MTS,"NSY,SPL",jehe'a,
tr-008_01862,tr-008,2442.18,2457.993,15.813,MTS,SPL,jehe'a,
tr-008_01650,tr-008,760.603,767.233,6.63,"MTS,CRT-A",,mixed,
tr-005_00213,tr-005,1759.501,1766.021,6.52,MTS,TMC,mixed,
tr-007_01459,tr-007,3025.777,3035.807,10.03,MTS,,jehe'a,
tr-006_01017,tr-006,3424.56,3434.645,10.085,Good,,mixed,test
tr-011_03111,tr-011,1991.389,1997.575,6.186,MTS,,mixed,
tr-006_00995,tr-006,3290.555,3296.518,5.963,Good,,mixed,test
tr-005_00433,tr-005,3519.258,3525.028,5.77,EXC,,,
tr-010_02505,tr-010,791.238,804.179,12.941,MTS,,mixed,
tr-011_02983,tr-011,1000.487,1006.977,6.49,MTS,,mixed,
tr-006_00649,tr-006,1174.39,1182.96,8.57,Good,,mixed,train
tr-010_02536,tr-010,990.368,997.931,7.563,Good,,jehe'a,test
tr-007_01224,tr-007,1181.6,1188.55,6.95,MTS,,mixed,
tr-005_00075,tr-005,569.545,579,9.455,MTS,,mixed,
tr-009_02052,tr-009,466.77,478.751,11.981,MTS,,jehe'a,
tr-010_02495,tr-010,740.028,749.428,9.4,MTS,,mixed,
tr-007_01384,tr-007,2516.573,2525.163,8.59,Good,,jehe'a,train
tr-007_01401,tr-007,2603.157,2611.282,8.125,CRT-D,BLK,mixed,test
tr-007_01433,tr-007,2855.652,2866.152,10.5,EXC,,,
tr-009_02065,tr-009,646.38,660.32,13.94,MTS,,jehe'a,
tr-011_02852,tr-011,51.205,55.605,4.4,EXC,,,
tr-005_00080,tr-005,608.905,615.585,6.68,EXC,,,
tr-009_02059,tr-009,594.61,604.54,9.93,MTS,,mixed,
tr-006_00727,tr-006,1780.86,1792.45,11.59,MTS,,mixed,
tr-011_02955,tr-011,804.291,816.034,11.743,Good,,spanish_only,test
tr-007_01372,tr-007,2424.417,2433.783,9.366,Good,,jehe'a,train
tr-009_02074,tr-009,721.462,735.135,13.673,MTS,,mixed,
tr-006_00526,tr-006,433.75,441.19,7.44,Good,,jehe'a,train
tr-009_02163,tr-009,1548.08,1554.84,6.76,Good,,mixed,test
tr-007_01504,tr-007,3413.634,3420.154,6.52,Good,,mixed,train
tr-005_00033,tr-005,269.425,275.43,6.005,EXC,BLK,,
tr-007_01388,tr-007,2535.957,2545.619,9.662,MTS,,jehe'a,
tr-011_02995,tr-011,1070.229,1075.583,5.354,Good,,mixed,test
tr-009_02078,tr-009,760.14,780.133,19.993,MTS,,mixed,
tr-009_02097,tr-009,966.091,975.273,9.182,MTS,,jehe'a,
tr-009_02003,tr-009,85.674,94.316,8.642,MTS,,jehe'a,
tr-007_01440,tr-007,2895.997,2903.447,7.45,Good,,jehe'a,test
tr-009_02026,tr-009,234.191,245.404,11.213,MTS,,jehe'a,
tr-009_02023,tr-009,210.24,216.917,6.677,Good,,jehe'a,test
tr-005_00432,tr-005,3512.493,3518.593,6.1,EXC,BLK,,
tr-011_03226,tr-011,2806.174,2820.672,14.498,Good,,mixed,train
tr-007_01220,tr-007,1155.835,1165.085,9.25,Good,,jehe'a,train
tr-010_02455,tr-010,408.578,418.213,9.635,MTS,,jehe'a,
tr-010_02807,tr-010,3017.911,3027.681,9.77,MTS,,mixed,
tr-007_01167,tr-007,626.625,636.525,9.9,Good,,mixed,train
tr-010_02470,tr-010,575.888,588.583,12.695,MTS,,jehe'a,
tr-007_01143,tr-007,455.855,463.315,7.46,Good,,mixed,train
tr-009_02087,tr-009,855.907,862.937,7.03,Good,,jehe'a,test
tr-011_02992,tr-011,1054.379,1061.17,6.791,MTS,,jehe'a,
tr-009_02385,tr-009,3600.631,3606.349,5.718,Good,,jehe'a,train
tr-005_00255,tr-005,2008.976,2018.916,9.94,CRT-D,BLK,mixed,train
tr-010_02587,tr-010,1339.338,1349.838,10.5,Good,,spanish_only,dev
tr-008_01969,tr-008,3264.627,3275.426,10.799,EXC,BLK,,
tr-007_01534,tr-007,3658.149,3667.339,9.19,CRT-D,BLK,jehe'a,train
tr-008_01966,tr-008,3241.562,3250.96,9.398,MTS,,jehe'a,
tr-008_01975,tr-008,3304.263,3314.383,10.12,EXC,BLK,,
tr-008_01916,tr-008,2883.481,2895.135,11.654,Good,,jehe'a,train
tr-008_01899,tr-008,2698.28,2710.862,12.582,MTS,,mixed,
tr-009_02247,tr-009,2336.04,2341.76,5.72,"MTS,CRT-A",,mixed,
tr-008_01573,tr-008,193.581,202.228,8.647,Good,,mixed,train
tr-008_01835,tr-008,2216.508,2224.73,8.222,MTS,,jehe'a,
tr-009_02060,tr-009,605.03,624.212,19.182,MTS,,jehe'a,
tr-007_01317,tr-007,2043.859,2055.983,12.124,Good,,mixed,train
tr-008_01814,tr-008,2032.913,2041.463,8.55,MTS,,jehe'a,
tr-009_02030,tr-009,260.667,264.497,3.83,Good,,jehe'a,train
tr-010_02465,tr-010,529.788,536.988,7.2,MTS,,mixed,
tr-009_02080,tr-009,783.572,794.971,11.399,Good,,jehe'a,test
tr-009_02261,tr-009,2439.399,2445.422,6.023,MTS,,mixed,
tr-006_00985,tr-006,3236.72,3242.45,5.73,Good,"TMC,SPL",jehe'a,train
tr-007_01412,tr-007,2723.222,2734.087,10.865,MTS,,mixed,
tr-008_01904,tr-008,2759.53,2771.185,11.655,MTS,,mixed,
tr-007_01305,tr-007,1874.283,1886.978,12.695,MTS,,jehe'a,
tr-007_01531,tr-007,3630.769,3640.489,9.72,Good,,jehe'a,train
tr-008_01913,tr-008,2862.633,2870.886,8.253,MTS,"SPL,TMC",mixed,
tr-008_01739,tr-008,1472.57,1480.29,7.72,MTS,,jehe'a,
tr-005_00250,tr-005,1969.886,1976.016,6.13,EXC,,,
tr-006_00734,tr-006,1826.7,1836.01,9.31,Good,,mixed,train
tr-006_00553,tr-006,597.77,614.84,17.07,Good,,mixed,train
tr-006_00722,tr-006,1727.58,1739.19,11.61,EXC,,,
tr-008_01628,tr-008,629.41,633.244,3.834,EXC,,,
tr-007_01533,tr-007,3644.439,3657.584,13.145,Good,,mixed,test
tr-008_01750,tr-008,1525.645,1533.834,8.189,Good,,mixed,train
tr-008_01730,tr-008,1401.86,1409.746,7.886,MTS,,mixed,
tr-007_01150,tr-007,499.895,506.76,6.865,Good,,mixed,train
tr-007_01368,tr-007,2403.928,2410.228,6.3,Good,,jehe'a,train
tr-011_03237,tr-011,2914.138,2919.789,5.651,Good,,mixed,test
tr-007_01445,tr-007,2947.087,2961.587,14.5,Good,,jehe'a,train
tr-007_01481,tr-007,3273.674,3279.194,5.52,MTS,,mixed,
tr-006_00816,tr-006,2328.212,2333.32,5.108,MTS,,jehe'a,
tr-011_02879,tr-011,281.697,294.604,12.907,MTS,,mixed,
tr-007_01390,tr-007,2547.692,2555.932,8.24,Good,,mixed,train
tr-005_00178,tr-005,1451.405,1461.845,10.44,MTS,,mixed,
tr-005_00270,tr-005,2111.786,2123.031,11.245,"MTS,CRT-D",BLK,mixed,
tr-005_00291,tr-005,2236.441,2246.666,10.225,Good,,jehe'a,train
tr-005_00078,tr-005,599.215,605.145,5.93,EXC,BLK,,
tr-005_00425,tr-005,3472.238,3478.553,6.315,MTS,,mixed,
tr-005_00176,tr-005,1435.35,1448.17,12.82,EXC,,,
tr-005_00434,tr-005,3525.268,3537.788,12.52,EXC,,,
tr-005_00325,tr-005,2558.766,2569.956,11.19,Good,,jehe'a,dev
tr-005_00138,tr-005,1148.675,1163,14.325,MTS,,jehe'a,
tr-005_00401,tr-005,3276.551,3290.476,13.925,EXC,"BCO,NCT",,
tr-005_00358,tr-005,2922.586,2936.441,13.855,MTS,,jehe'a,
tr-005_00418,tr-005,3387.806,3404.211,16.405,MTS,,jehe'a,
tr-005_00092,tr-005,725.74,734.02,8.28,EXC,"BCO,NCT",,
tr-005_00083,tr-005,623.82,636.36,12.54,MTS,,mixed,
tr-005_00405,tr-005,3312.661,3329.216,16.555,EXC,USR,,
tr-005_00247,tr-005,1952.036,1961.366,9.33,MTS,,jehe'a,
tr-005_00453,tr-005,3727.283,3739.768,12.485,EXC,BLK,,
tr-005_00396,tr-005,3205.246,3214.371,9.125,MTS,,jehe'a,
tr-005_00236,tr-005,1894.526,1901.771,7.245,MTS,TMC,guarani_only,
tr-005_00406,tr-005,3329.406,3335.656,6.25,Good,,jehe'a,test
tr-007_01328,tr-007,2116.118,2119.418,3.3,Good,,guarani_only,test
tr-010_02510,tr-010,828.618,831.483,2.865,Good,,guarani_only,test
tr-007_01213,tr-007,1053.585,1057.115,3.53,Good,,guarani_only,test
tr-008_01774,tr-008,1708.93,1711.955,3.025,Good,,guarani_only,test
tr-010_02424,tr-010,197.73,200.852,3.122,Good,,guarani_only,test
tr-010_02466,tr-010,537.268,540.223,2.955,Good,,guarani_only,test
tr-009_02044,tr-009,409.689,413.329,3.64,Good,NSY,guarani_only,test
tr-010_02534,tr-010,980.643,983.453,2.81,EXC,"NCT,BCO",,
tr-011_02918,tr-011,554.287,559.459,5.172,MTS,,spanish_only,
tr-006_00663,tr-006,1296.18,1301.37,5.19,Good,,spanish_only,dev
tr-006_00632,tr-006,1023.955,1028.845,4.89,Good,,spanish_only,train
tr-009_02159,tr-009,1494.077,1499.532,5.455,Good,,mixed,train
tr-007_01157,tr-007,550.72,556.36,5.64,Good,,spanish_only,train
tr-007_01128,tr-007,259.775,264.955,5.18,Good,,mixed,test
tr-010_02596,tr-010,1386.365,1391.627,5.262,MTS,,spanish_only,
tr-006_01083,tr-006,3831.036,3836.761,5.725,Good,,spanish_only,train
tr-006_00827,tr-006,2395.955,2401.41,5.455,Good,,spanish_only,train
tr-011_02998,tr-011,1086.989,1091.734,4.745,Good,,spanish_only,train
tr-006_00508,tr-006,354.86,360.66,5.8,Good,,spanish_only,train
tr-011_03039,tr-011,1342.765,1348.354,5.589,MTS,,spanish_only,
tr-006_00970,tr-006,3167.42,3172.08,4.66,MTS,,spanish_only,
tr-006_00573,tr-006,700.57,706.2,5.63,Good,,spanish_only,dev
tr-009_02125,tr-009,1222.71,1228.61,5.9,Good,,mixed,train
tr-007_01367,tr-007,2398.713,2403.013,4.3,Good,,spanish_only,dev
tr-008_01611,tr-008,516,521.815,5.815,EXC,BLK,,
tr-006_00931,tr-006,2953.17,2957.435,4.265,Good,,spanish_only,train
tr-005_00145,tr-005,1210.305,1214.325,4.02,EXC,BCO,,
tr-006_00642,tr-006,1104.31,1108.36,4.05,Good,,spanish_only,train
tr-007_01456,tr-007,3007.887,3013.007,5.12,Good,,spanish_only,train
tr-010_02617,tr-010,1523.76,1530.2,6.44,Good,,spanish_only,train
tr-011_03164,tr-011,2348.482,2352.291,3.809,Good,,spanish_only,train
tr-007_01507,tr-007,3426.924,3432.254,5.33,Good,,spanish_only,train
tr-011_02948,tr-011,770.685,774.542,3.857,Good,,spanish_only,test
tr-006_00821,tr-006,2356.445,2361.09,4.645,Good,,mixed,train
tr-006_00514,tr-006,386.52,392.2,5.68,Good,,spanish_only,train
tr-006_00731,tr-006,1805.19,1811.68,6.49,Good,,spanish_only,dev
tr-006_00706,tr-006,1629.46,1633.09,3.63,Good,,spanish_only,train
tr-011_02987,tr-011,1016.199,1020.489,4.29,Good,,spanish_only,train
tr-008_01556,tr-008,65.74,70.7,4.96,EXC,BLK,,
tr-006_00488,tr-006,226.04,230.9,4.86,Good,,spanish_only,dev
tr-011_02952,tr-011,785.526,790.284,4.758,Good,,spanish_only,train
tr-007_01286,tr-007,1723.183,1728.858,5.675,MTS,,spanish_only,
tr-007_01146,tr-007,471.86,477.55,5.69,Good,,spanish_only,train
tr-005_00059,tr-005,450.735,457.61,6.875,EXC,TMC,,
tr-009_02299,tr-009,2700.574,2706.48,5.906,Good,,spanish_only,train
tr-007_01516,tr-007,3500.589,3507.549,6.96,MTS,,spanish_only,
tr-010_02715,tr-010,2295.235,2302.24,7.005,Good,,spanish_only,train
tr-011_03227,tr-011,2820.907,2824.522,3.615,Good,,spanish_only,train
tr-010_02576,tr-010,1249.353,1255.823,6.47,Good,,spanish_only,train
tr-010_02666,tr-010,1926.91,1933.45,6.54,MTS,,spanish_only,
tr-006_00531,tr-006,496.12,502.77,6.65,Good,,spanish_only,train
tr-010_02696,tr-010,2128.115,2135.024,6.909,Good,,spanish_only,train
tr-007_01259,tr-007,1487.473,1494.493,7.02,Good,,spanish_only,train
tr-006_00504,tr-006,312.46,317.42,4.96,Good,,spanish_only,train
tr-007_01115,tr-007,212.66,217.46,4.8,EXC,BLK,,
tr-010_02781,tr-010,2801.255,2805.965,4.71,Good,,spanish_only,test
tr-011_02935,tr-011,684.559,689.149,4.59,Good,,spanish_only,train
tr-010_02801,tr-010,2988.215,2995.15,6.935,Good,,spanish_only,train
tr-005_00252,tr-005,1989.436,1996.376,6.94,Good,,spanish_only,train
tr-009_02291,tr-009,2663.872,2669.74,5.868,Good,,spanish_only,dev
tr-008_01783,tr-008,1768.451,1772.773,4.322,MTS,,spanish_only,
tr-011_03015,tr-011,1218.95,1223.179,4.229,Good,,spanish_only,train
tr-006_00930,tr-006,2949.21,2952.2,2.99,Good,,spanish_only,train
tr-005_00161,tr-005,1287.875,1291.995,4.12,Good,,spanish_only,test
tr-006_00466,tr-006,55.555,59.645,4.09,Good,,spanish_only,train
tr-006_00537,tr-006,528.61,535.79,7.18,Good,,spanish_only,train
tr-005_00382,tr-005,3095.011,3100.311,5.3,Good,,spanish_only,train
tr-011_03058,tr-011,1508.556,1513.974,5.418,Good,TMC,spanish_only,train
tr-008_01554,tr-008,44.612,50.975,6.363,Good,,spanish_only,train
tr-011_03104,tr-011,1953.629,1958.098,4.469,Good,,spanish_only,dev
tr-005_00186,tr-005,1543.71,1549.76,6.05,MTS,,spanish_only,
tr-011_03052,tr-011,1434.17,1438.039,3.869,MTS,,spanish_only,
tr-010_02626,tr-010,1601.675,1608.66,6.985,EXC,,,
tr-005_00120,tr-005,1021.645,1028.245,6.6,Good,,spanish_only,train
tr-011_03235,tr-011,2895.784,2899.392,3.608,Good,,mixed,train
tr-011_03123,tr-011,2098.411,2101.936,3.525,Good,,spanish_only,train
tr-008_01592,tr-008,383.198,390.133,6.935,Good,,spanish_only,dev
tr-010_02697,tr-010,2135.895,2143.265,7.37,MTS,NSY,mixed,
tr-007_01138,tr-007,353.24,358.36,5.12,Good,,spanish_only,dev
tr-010_02712,tr-010,2277.575,2282.669,5.094,Good,,mixed,train
tr-006_00667,tr-006,1318.37,1323.42,5.05,Good,,spanish_only,train
tr-007_01477,tr-007,3253.694,3259.014,5.32,Good,,spanish_only,train
tr-007_01119,tr-007,225.08,229.85,4.77,Good,,mixed,train
tr-006_00714,tr-006,1678.52,1684.11,5.59,Good,,spanish_only,train
tr-005_00131,tr-005,1104.425,1109.075,4.65,Good,,spanish_only,test
tr-009_02326,tr-009,2909.834,2914.38,4.546,Good,,mixed,train
tr-011_03185,tr-011,2547.303,2553.027,5.724,MTS,,spanish_only,
tr-006_00485,tr-006,201.01,203.65,2.64,Good,,spanish_only,train
tr-006_00813,tr-006,2311.425,2317.36,5.935,Good,,spanish_only,train
tr-011_03107,tr-011,1972.954,1977.239,4.285,Good,,mixed,train
tr-007_01356,tr-007,2290.323,2294.413,4.09,Good,,spanish_only,dev
tr-006_00883,tr-006,2694.28,2698.2,3.92,Good,,spanish_only,train
tr-006_00691,tr-006,1511.012,1514.782,3.77,Good,,spanish_only,train
tr-006_01067,tr-006,3726.441,3730.181,3.74,Good,,mixed,train
tr-005_00144,tr-005,1201,1209.71,8.71,Good,,spanish_only,train
tr-007_01469,tr-007,3151.659,3156.588,4.929,EXC,USR,,
tr-006_00805,tr-006,2245.895,2250.795,4.9,Good,,spanish_only,train
tr-006_00839,tr-006,2461.55,2465.23,3.68,Good,,spanish_only,train
tr-008_01677,tr-008,964.653,970.219,5.566,Good,,mixed,test
tr-011_02891,tr-011,340.356,345.957,5.601,Good,,spanish_only,train
tr-006_00851,tr-006,2525.295,2530.935,5.64,Good,TMC,spanish_only,train
tr-009_02186,tr-009,1793.99,1800.63,6.64,MTS,,spanish_only,
tr-011_03253,tr-011,2998.791,3002.34,3.549,Good,,spanish_only,train
tr-010_02775,tr-010,2756.44,2762.461,6.021,Good,,spanish_only,train
tr-006_00747,tr-006,1932.72,1936.16,3.44,Good,,spanish_only,train
tr-011_03045,tr-011,1382.564,1388.794,6.23,Good,,spanish_only,train
tr-008_01763,tr-008,1636.593,1639.791,3.198,EXC,,,
tr-007_01519,tr-007,3514.364,3521.129,6.765,Good,,spanish_only,train
tr-006_00817,tr-006,2333.89,2339.09,5.2,Good,,spanish_only,train
tr-007_01461,tr-007,3040.732,3046.012,5.28,Good,,spanish_only,train
tr-007_01515,tr-007,3494.544,3499.439,4.895,Good,,spanish_only,train
tr-009_02387,tr-009,3615.677,3621.242,5.565,Good,,spanish_only,train
tr-007_01274,tr-007,1570.583,1575.153,4.57,Good,,spanish_only,dev
tr-010_02556,tr-010,1150.183,1156.068,5.885,EXC,,,
tr-007_01289,tr-007,1752.383,1756.673,4.29,Good,,spanish_only,train
tr-011_03080,tr-011,1709.214,1713.464,4.25,Good,,mixed,train
tr-008_01588,tr-008,330.502,338.235,7.733,Good,,spanish_only,train
tr-005_00087,tr-005,649.07,656.86,7.79,EXC,,,
tr-006_00694,tr-006,1576.97,1580.8,3.83,Good,,spanish_only,train
tr-007_01147,tr-007,477.745,481.455,3.71,Good,,spanish_only,test
tr-006_00912,tr-006,2840.775,2844.365,3.59,Good,,spanish_only,train
tr-011_02854,tr-011,66.352,71.557,5.205,Good,,spanish_only,train
tr-006_00650,tr-006,1183.15,1188.097,4.947,Good,,spanish_only,test
tr-006_00798,tr-006,2199.05,2204.5,5.45,Good,,spanish_only,train
tr-009_02302,tr-009,2747.792,2751.258,3.466,Good,,spanish_only,train
tr-008_01703,tr-008,1188.61,1191.988,3.378,EXC,BLK,,
tr-010_02727,tr-010,2401.653,2407.657,6.004,Good,,spanish_only,train
tr-011_02964,tr-011,871.239,877.519,6.28,Good,,spanish_only,test
tr-010_02555,tr-010,1143.033,1149.353,6.32,Good,,spanish_only,test
tr-006_00529,tr-006,482.53,489.67,7.14,EXC,,,
tr-005_00185,tr-005,1537.04,1543.595,6.555,MTS,,spanish_only,
tr-009_02300,tr-009,2707.233,2710.16,2.927,EXC,,,
tr-008_01587,tr-008,323.118,330.502,7.384,EXC,,,
tr-010_02572,tr-010,1227.218,1234.748,7.53,Good,,spanish_only,train
tr-010_02658,tr-010,1852.38,1857.43,5.05,Good,,spanish_only,train
tr-007_01486,tr-007,3307.369,3312.809,5.44,EXC,BLK,,
tr-008_01702,tr-008,1183.786,1188.25,4.464,Good,,mixed,test
tr-010_02551,tr-010,1121.248,1127.18,5.932,EXC,,,
tr-010_02791,tr-010,2878.31,2882.53,4.22,EXC,,,
tr-008_01557,tr-008,70.7,74.891,4.191,MTS,,spanish_only,
tr-011_02965,tr-011,877.699,881.864,4.165,Good,,mixed,train
tr-011_03115,tr-011,2028.761,2032.874,4.113,MTS,,spanish_only,
tr-010_02599,tr-010,1396.724,1400.648,3.924,Good,,spanish_only,train
tr-008_01602,tr-008,474.735,481.1,6.365,EXC,,,
tr-006_00613,tr-006,912.99,916.78,3.79,Good,,spanish_only,train
tr-006_00587,tr-006,780.11,783.86,3.75,Good,,spanish_only,dev
tr-006_01031,tr-006,3519.9,3523.53,3.63,Good,,spanish_only,train
tr-006_00668,tr-006,1323.81,1327.31,3.5,Good,,spanish_only,test
tr-011_02997,tr-011,1083.454,1086.879,3.425,MTS,,spanish_only,
tr-006_00758,tr-006,1982.89,1986.3,3.41,Good,,spanish_only,train
tr-006_00741,tr-006,1862.85,1866.24,3.39,Good,,spanish_only,train
tr-010_02685,tr-010,2066.855,2071.995,5.14,Good,,spanish_only,train
tr-011_03181,tr-011,2486.031,2490.851,4.82,EXC,,,
tr-009_02193,tr-009,1897.401,1900.714,3.313,Good,,spanish_only,train
tr-006_01033,tr-006,3525.905,3529.21,3.305,Good,,spanish_only,dev
tr-011_02875,tr-011,255.698,258.936,3.238,Good,,spanish_only,train
tr-011_02909,tr-011,484.221,490.256,6.035,Good,,spanish_only,train
tr-011_03091,tr-011,1771.621,1774.723,3.102,Good,,spanish_only,train
tr-011_03137,tr-011,2212.839,2216.724,3.885,EXC,,,
tr-011_03153,tr-011,2291.896,2294.849,2.953,Good,,spanish_only,test
tr-009_02170,tr-009,1647.03,1653.61,6.58,MTS,,spanish_only,
tr-009_02269,tr-009,2480.176,2482.998,2.822,EXC,,,
tr-006_00708,tr-006,1636.28,1639.06,2.78,Good,,spanish_only,train
tr-011_03130,tr-011,2175.374,2178.028,2.654,Good,,spanish_only,train
tr-008_01608,tr-008,497.757,505.061,7.304,MTS,,spanish_only,
tr-011_03206,tr-011,2673.053,2681.055,8.002,MTS,,spanish_only,
tr-010_02758,tr-010,2600.115,2605.315,5.2,Good,,spanish_only,train
tr-010_02786,tr-010,2849.574,2854.945,5.371,Good,,spanish_only,train
tr-009_02102,tr-009,992.33,997.063,4.733,Good,,spanish_only,train
tr-010_02684,tr-010,2058.407,2066.635,8.228,Good,,mixed,train
tr-009_02339,tr-009,3100.335,3107.759,7.424,Good,,mixed,test
tr-010_02459,tr-010,484.478,491.528,7.05,Good,,jehe'a,train
tr-006_00717,tr-006,1692.58,1699.17,6.59,Good,TMC,mixed,train
tr-007_01188,tr-007,874.95,880.65,5.7,Good,,jehe'a,train
tr-007_01457,tr-007,3013.282,3018.852,5.57,Good,,mixed,train
tr-008_01939,tr-008,3032.429,3037.774,5.345,Good,,mixed,train
tr-008_01780,tr-008,1741.335,1762.897,21.562,Good,,jehe'a,train
tr-007_01137,tr-007,343.715,353.205,9.49,MTS,,jehe'a,
tr-006_00926,tr-006,2916.74,2927.37,10.63,Good,,mixed,train
tr-011_02957,tr-011,819.284,826.634,7.35,Good,,spanish_only,train
tr-007_01428,tr-007,2827.117,2834.302,7.185,Good,,mixed,dev
tr-008_01553,tr-008,36.573,43.484,6.911,EXC,BLK,,
tr-008_01873,tr-008,2549.883,2561.697,11.814,MTS,,jehe'a,
tr-008_01931,tr-008,2990.748,2996.969,6.221,Good,,mixed,test
tr-009_02176,tr-009,1695.791,1722.015,26.224,EXC,"TMC,NSY",,
tr-009_02036,tr-009,340.805,352.931,12.126,"MTS,CRT-A",NSY,jehe'a,
tr-007_01155,tr-007,537.025,545.725,8.7,Good,,mixed,train
tr-009_02014,tr-009,143.044,151.589,8.545,MTS,,jehe'a,
tr-008_01991,tr-008,3398.105,3405.988,7.883,EXC,,,
tr-007_01241,tr-007,1277.95,1285.07,7.12,Good,,mixed,dev
tr-010_02768,tr-010,2661.685,2676.109,14.424,Good,,spanish_only,train
tr-006_00738,tr-006,1849.34,1855.29,5.95,EXC,,,
tr-007_01192,tr-007,903.425,909.295,5.87,MTS,,mixed,
tr-010_02416,tr-010,143.639,163.015,19.376,MTS,,jehe'a,
tr-006_00628,tr-006,1000.235,1008.775,8.54,Good,,spanish_only,train
tr-006_00621,tr-006,959.375,963.895,4.52,Good,,spanish_only,train
tr-007_01455,tr-007,2994.907,3007.257,12.35,EXC,NCT,,
tr-009_02046,tr-009,418.474,435.11,16.636,EXC,NCT,,
tr-006_00461,tr-006,3.92,12.965,9.045,EXC,NCT,,
tr-007_01113,tr-007,201.02,209.325,8.305,Good,,mixed,dev
tr-010_02490,tr-010,680.438,688.375,7.937,MTS,,jehe'a,
tr-010_02450,tr-010,376.448,383.223,6.775,Good,,mixed,train
tr-010_02403,tr-010,48.482,55.06,6.578,CRT-D,"BLK,TMC,BCO",jehe'a,train
tr-009_02016,tr-009,174.143,180.394,6.251,Good,,jehe'a,train
tr-009_02234,tr-009,2228.72,2234.72,6,Good,,mixed,train
tr-007_01462,tr-007,3046.218,3052.097,5.879,Good,,mixed,dev
tr-006_00990,tr-006,3261.009,3266.61,5.601,Good,,jehe'a,test
tr-010_02826,tr-010,3138.926,3153.886,14.96,MTS,,mixed,
tr-007_01198,tr-007,963.365,978.354,14.989,EXC,BLK,,
tr-008_01759,tr-008,1581.046,1598.926,17.88,EXC,BLK,,
tr-006_01045,tr-006,3596.325,3605.07,8.745,Good,,mixed,train
tr-008_01769,tr-008,1669.393,1673.771,4.378,Good,,mixed,train
tr-006_01026,tr-006,3494.515,3506.97,12.455,EXC,NCT,,
tr-008_01954,tr-008,3145.6,3154.826,9.226,EXC,BLK,,
tr-008_01859,tr-008,2417.529,2427.01,9.481,Good,,jehe'a,train
tr-008_01915,tr-008,2875.185,2883.02,7.835,MTS,,mixed,
tr-008_01850,tr-008,2330.185,2336.925,6.74,MTS,,jehe'a,
tr-011_03222,tr-011,2771.619,2777.404,5.785,Good,,mixed,train
tr-006_00620,tr-006,953.815,959.165,5.35,Good,,jehe'a,train
tr-011_02928,tr-011,647.134,651.976,4.842,MTS,,mixed,
tr-007_01400,tr-007,2597.907,2602.472,4.565,EXC,,,
tr-006_00498,tr-006,271.29,275.71,4.42,EXC,,,
tr-011_03252,tr-011,2994.721,2997.974,3.253,Good,TMC,mixed,train
tr-005_00031,tr-005,253.115,266.18,13.065,EXC,NCT,,
tr-007_01413,tr-007,2734.432,2747.666,13.234,CRT-D,BLK,jehe'a,train
tr-010_02438,tr-010,321.298,329.288,7.99,CRT-D,BLK,jehe'a,train
tr-009_02211,tr-009,2005.091,2012.064,6.973,MTS,,jehe'a,
tr-009_02040,tr-009,379.12,385.24,6.12,MTS,,mixed,
tr-007_01437,tr-007,2882.152,2888.192,6.04,Good,,mixed,train
tr-007_01229,tr-007,1221.35,1226.92,5.57,Good,,mixed,train
tr-007_01133,tr-007,280.555,285.935,5.38,EXC,BLK,,
tr-007_01422,tr-007,2777.472,2782.762,5.29,Good,,mixed,train
tr-010_02737,tr-010,2466.51,2470.845,4.335,MTS,,spanish_only,
tr-005_00301,tr-005,2317.211,2321.001,3.79,Good,,mixed,train
tr-008_01906,tr-008,2775.102,2796.378,21.276,EXC,USR,,
tr-010_02771,tr-010,2684.715,2693.36,8.645,Good,,spanish_only,train
tr-009_02049,tr-009,442.777,450.069,7.292,Good,,mixed,dev
tr-006_00934,tr-006,2977.92,2984.07,6.15,Good,,mixed,train
tr-007_01468,tr-007,3145.644,3151.584,5.94,MTS,,jehe'a,
tr-008_01744,tr-008,1500.8,1506.545,5.745,Good,,mixed,train
tr-007_01199,tr-007,978.354,993.785,15.431,EXC,BLK,,
tr-007_01421,tr-007,2772.452,2777.472,5.02,Good,,mixed,test
tr-006_00765,tr-006,2019.08,2023.31,4.23,MTS,,spanish_only,
tr-006_00756,tr-006,1974.09,1978.22,4.13,Good,,spanish_only,train
tr-010_02749,tr-010,2532.355,2539.799,7.444,MTS,,mixed,
tr-007_01176,tr-007,713.945,721.15,7.205,Good,,spanish_only,train
tr-008_01971,tr-008,3283.947,3291.018,7.071,MTS,,jehe'a,
tr-006_00963,tr-006,3134.76,3140.945,6.185,Good,,mixed,train
tr-008_01830,tr-008,2151.897,2157.796,5.899,Good,SPL,jehe'a,train
tr-007_01416,tr-007,2753.157,2758.687,5.53,Good,,jehe'a,train
tr-008_01869,tr-008,2533.279,2538.635,5.356,MTS,,jehe'a,
tr-007_01479,tr-007,3263.769,3268.453,4.684,EXC,,,
tr-007_01365,tr-007,2391.638,2395.918,4.28,Good,,mixed,train
tr-009_01998,tr-009,26.063,42.461,16.398,"MTS,CRT-D","BLK,SPL",jehe'a,
tr-011_03007,tr-011,1157.055,1160.274,3.219,MTS,,mixed,
tr-008_01980,tr-008,3335.687,3345.257,9.57,MTS,SPL,jehe'a,
tr-009_02002,tr-009,78.394,85.489,7.095,MTS,SPL,mixed,
tr-007_01434,tr-007,2866.717,2873.332,6.615,MTS,,mixed,
tr-011_03276,tr-011,3188.613,3194.646,6.033,MTS,,mixed,
tr-007_01382,tr-007,2501.463,2507.323,5.86,Good,,jehe'a,train
tr-007_01376,tr-007,2469.828,2475.488,5.66,Good,,mixed,train
tr-007_01223,tr-007,1175.97,1181.6,5.63,CRT-A,,mixed,train
tr-007_01431,tr-007,2846.077,2851.607,5.53,CRT-D,,jehe'a,dev
tr-007_01205,tr-007,1015.455,1020.62,5.165,MTS,,mixed,
tr-006_00812,tr-006,2306.005,2311.035,5.03,Good,,mixed,train
tr-007_01438,tr-007,2888.507,2893.507,5,Good,,mixed,train
tr-005_00184,tr-005,1531.6,1536.49,4.89,Good,,mixed,train
tr-007_01544,tr-007,3722.544,3727.384,4.84,Good,,jehe'a,train
tr-006_00872,tr-006,2649.32,2654.125,4.805,Good,,mixed,train
tr-007_01419,tr-007,2764.757,2769.257,4.5,Good,,mixed,train
tr-008_01579,tr-008,287.59,291.925,4.335,Good,,spanish_only,dev
tr-006_00680,tr-006,1443.687,1447.837,4.15,Good,,mixed,test
tr-006_00957,tr-006,3104.065,3108.105,4.04,Good,,mixed,train
tr-006_00982,tr-006,3219.015,3222.985,3.97,Good,,mixed,train
tr-006_01015,tr-006,3411.62,3421.74,10.12,Good,,mixed,train
tr-007_01424,tr-007,2789.472,2801.342,11.87,Good,,jehe'a,train
tr-007_01287,tr-007,1729.488,1742.366,12.878,MTS,,mixed,
tr-006_00654,tr-006,1237.025,1250.565,13.54,Good,,spanish_only,test
tr-009_02109,tr-009,1076.084,1085.333,9.249,EXC,,,
tr-007_01329,tr-007,2119.573,2125.883,6.31,Good,,mixed,train
tr-010_02529,tr-010,950.173,956.05,5.877,Good,,jehe'a,test
tr-010_02549,tr-010,1086.588,1103.993,17.405,EXC,NCT,,
tr-006_00516,tr-006,395.01,399.93,4.92,Good,,spanish_only,train
tr-006_01019,tr-006,3440.275,3444.86,4.585,Good,,mixed,train
tr-010_02436,tr-010,309.638,314.11,4.472,Good,,mixed,train
tr-008_01823,tr-008,2109.11,2113.302,4.192,Good,,jehe'a,train
tr-009_02031,tr-009,265.877,269.701,3.824,Good,,mixed,train
tr-006_00655,tr-006,1250.885,1254.655,3.77,Good,,mixed,train
tr-010_02789,tr-010,2869.595,2873.135,3.54,Good,,mixed,train
tr-006_01077,tr-006,3794.556,3797.701,3.145,Good,,mixed,train
tr-006_00921,tr-006,2897.15,2900.25,3.1,Good,,spanish_only,train
tr-011_03236,tr-011,2901.462,2913.858,12.396,MTS,,mixed,
tr-011_03001,tr-011,1099.976,1113.144,13.168,MTS,,mixed,
tr-009_02196,tr-009,1911.376,1913.636,2.26,Good,,mixed,train
tr-009_02353,tr-009,3226.547,3236.723,10.176,MTS,NSY,mixed,
tr-006_01094,tr-006,3907.001,3914.036,7.035,Good,,jehe'a,train
tr-007_01430,tr-007,2838.597,2845.397,6.8,MTS,,jehe'a,
tr-007_01217,tr-007,1081.745,1102.62,20.875,EXC,NCT,,
tr-006_00541,tr-006,546.71,552.78,6.07,Good,,jehe'a,dev
tr-007_01243,tr-007,1289.335,1294.795,5.46,Good,,jehe'a,test
tr-007_01395,tr-007,2573.727,2579.162,5.435,Good,,mixed,test
tr-007_01370,tr-007,2416.488,2421.488,5,Good,,mixed,train
tr-010_02498,tr-010,762.348,767.268,4.92,Good,,mixed,train
tr-007_01183,tr-007,805.075,809.93,4.855,MTS,,mixed,
tr-007_01209,tr-007,1035.445,1039.92,4.475,Good,,mixed,train
tr-007_01132,tr-007,275.9,280.265,4.365,CRT-D,BLK,mixed,train
tr-011_03121,tr-011,2087.446,2091.741,4.295,EXC,BLK,,
tr-007_01446,tr-007,2961.762,2965.952,4.19,Good,,jehe'a,train
tr-011_02876,tr-011,259.352,263.326,3.974,MTS,,mixed,
tr-006_00832,tr-006,2418.5,2422.33,3.83,Good,,mixed,train
tr-005_00320,tr-005,2523.921,2540.031,16.11,EXC,NCT,,
tr-005_00268,tr-005,2102.161,2108.011,5.85,MTS,,jehe'a,
tr-005_00315,tr-005,2483.431,2491.951,8.52,Good,,mixed,train
tr-005_00225,tr-005,1810.266,1818.036,7.77,Good,,jehe'a,train
tr-005_00244,tr-005,1931.936,1938.096,6.16,Good,,jehe'a,train
tr-005_00115,tr-005,955.545,970.415,14.87,EXC,NCT,,
tr-005_00228,tr-005,1825.546,1830.586,5.04,CRT-D,BLK,mixed,train
tr-005_00420,tr-005,3423.971,3434.351,10.38,EXC,NCT,,
tr-005_00374,tr-005,3056.731,3062.931,6.2,Good,,jehe'a,test
tr-005_00323,tr-005,2547.501,2553.141,5.64,Good,,jehe'a,test
tr-005_00342,tr-005,2775.541,2782.461,6.92,Good,,mixed,dev
tr-005_00302,tr-005,2321.411,2341.546,20.135,EXC,NCT,,
tr-005_00209,tr-005,1715.526,1721.911,6.385,Good,,mixed,train
tr-005_00364,tr-005,3004.856,3010.006,5.15,Good,,jehe'a,test
tr-005_00259,tr-005,2046.821,2053.081,6.26,Good,,jehe'a,train
tr-005_00253,tr-005,1996.776,2002.166,5.39,CRT-A,,mixed,train
tr-005_00324,tr-005,2553.596,2558.586,4.99,Good,,mixed,train
tr-005_00201,tr-005,1639.465,1644.735,5.27,Good,,jehe'a,dev
tr-005_00194,tr-005,1603.335,1608.315,4.98,Good,,jehe'a,test
tr-009_02038,tr-009,355.579,359.974,4.395,MTS,,guarani_only,
tr-005_00105,tr-005,807.915,811.895,3.98,MTS,,guarani_only,
tr-010_02472,tr-010,594.39,596.76,2.37,Good,,guarani_only,test
tr-007_01114,tr-007,210.26,212.43,2.17,Good,,jehe'a,train
tr-008_01977,tr-008,3318.98,3323.139,4.159,EXC,,,
tr-010_02397,tr-010,16.615,18.675,2.06,Good,,guarani_only,test
tr-008_01834,tr-008,2211.408,2216.218,4.81,MTS,,jehe'a,
tr-008_01874,tr-008,2562.756,2566.01,3.254,Good,,jehe'a,dev
tr-009_02346,tr-009,3164,3168.67,4.67,Good,,spanish_only,train
tr-006_00518,tr-006,404.92,409.49,4.57,Good,,spanish_only,train
tr-006_00532,tr-006,503.14,507.7,4.56,Good,,spanish_only,train
tr-007_01497,tr-007,3383.649,3388.159,4.51,Good,,mixed,train
tr-006_00901,tr-006,2795.64,2800.05,4.41,Good,,spanish_only,train
tr-005_00017,tr-005,166.94,171.31,4.37,MTS,,spanish_only,
tr-010_02558,tr-010,1167.048,1171.358,4.31,Good,,spanish_only,train
tr-005_00070,tr-005,506.065,512.1,6.035,MTS,,spanish_only,
tr-005_00125,tr-005,1052.145,1056.245,4.1,Good,,spanish_only,train
tr-006_01086,tr-006,3848.621,3852.621,4,Good,,spanish_only,train
tr-006_00607,tr-006,893.16,897.12,3.96,Good,,spanish_only,train
tr-006_00593,tr-006,817.72,821.43,3.71,Good,,spanish_only,train
tr-006_00754,tr-006,1964.95,1968.61,3.66,Good,,spanish_only,train
tr-006_00999,tr-006,3307.55,3311.11,3.56,Good,,spanish_only,train
tr-011_03145,tr-011,2244.827,2248.369,3.542,Good,,spanish_only,train
tr-006_00510,tr-006,368.84,372.35,3.51,Good,,spanish_only,train
tr-011_03275,tr-011,3184.858,3188.24,3.382,Good,,spanish_only,train
tr-009_02157,tr-009,1481.402,1491.237,9.835,MTS,,spanish_only,
tr-006_00799,tr-006,2205.05,2208.34,3.29,Good,,spanish_only,dev
tr-006_00660,tr-006,1269.67,1272.93,3.26,MTS,,spanish_only,
tr-011_03225,tr-011,2800.119,2805.209,5.09,MTS,,spanish_only,
tr-006_00579,tr-006,725.31,730.7,5.39,MTS,,spanish_only,
tr-006_00702,tr-006,1614.19,1617.37,3.18,Good,,spanish_only,train
tr-010_02694,tr-010,2118.35,2121.47,3.12,Good,,spanish_only,test
tr-006_00909,tr-006,2828.305,2831.415,3.11,Good,,spanish_only,train
tr-011_03175,tr-011,2435.389,2439.588,4.199,Good,,spanish_only,train
tr-006_00850,tr-006,2518.445,2524.7,6.255,Good,,spanish_only,train
tr-006_01056,tr-006,3665.655,3668.485,2.83,Good,,spanish_only,train
tr-007_01482,tr-007,3279.319,3286.81,7.491,EXC,,,
tr-011_02959,tr-011,830.444,833.134,2.69,Good,,spanish_only,train
tr-009_02386,tr-009,3606.512,3614.12,7.608,Good,,spanish_only,train
tr-010_02605,tr-010,1447.9,1454.718,6.818,MTS,,spanish_only,
tr-006_00946,tr-006,3059.295,3061.715,2.42,Good,,mixed,train
tr-009_02305,tr-009,2759.274,2766.527,7.253,MTS,,spanish_only,
tr-011_03244,tr-011,2955.708,2957.958,2.25,Good,,spanish_only,train
tr-006_00992,tr-006,3270.22,3275.29,5.07,Good,,spanish_only,train
tr-005_00050,tr-005,398.345,403.78,5.435,Good,,spanish_only,train
tr-005_00126,tr-005,1056.64,1061.24,4.6,Good,,spanish_only,train
tr-009_02296,tr-009,2683.78,2689.44,5.66,MTS,,spanish_only,
tr-006_00513,tr-006,382.01,386.52,4.51,Good,,spanish_only,train
tr-005_00139,tr-005,1163.425,1167.795,4.37,Good,,spanish_only,dev
tr-010_02790,tr-010,2873.94,2878.15,4.21,Good,,spanish_only,train
tr-007_01265,tr-007,1526.138,1530.238,4.1,Good,,spanish_only,train
tr-011_02986,tr-011,1011.778,1015.814,4.036,Good,,spanish_only,train
tr-006_00552,tr-006,593.29,597.25,3.96,Good,,spanish_only,train
tr-009_02135,tr-009,1289.6,1293.482,3.882,Good,,spanish_only,train
tr-006_00502,tr-006,302.86,306.71,3.85,Good,,spanish_only,train
tr-011_03280,tr-011,3205.79,3209.542,3.752,CRT-A,TMC,spanish_only,train
tr-007_01269,tr-007,1551.188,1554.853,3.665,Good,,spanish_only,train
tr-005_00058,tr-005,446.57,450.2,3.63,EXC,,,
tr-009_02194,tr-009,1900.769,1904.331,3.562,Good,,spanish_only,train
tr-007_01152,tr-007,525.17,528.72,3.55,Good,,spanish_only,train
tr-006_01072,tr-006,3776.371,3779.871,3.5,Good,,spanish_only,train
tr-010_02707,tr-010,2233.395,2236.805,3.41,Good,,spanish_only,train
tr-011_03128,tr-011,2134.16,2137.559,3.399,Good,,spanish_only,train
tr-008_01629,tr-008,633.244,636.602,3.358,MTS,,spanish_only,
tr-005_00025,tr-005,218.76,222.07,3.31,Good,,spanish_only,train
tr-005_00370,tr-005,3039.866,3043.076,3.21,Good,,mixed,test
tr-009_02175,tr-009,1686.73,1695.585,8.855,MTS,,spanish_only,
tr-006_00858,tr-006,2558.64,2561.81,3.17,Good,,spanish_only,dev
tr-010_02614,tr-010,1506.468,1513.578,7.11,EXC,,,
tr-005_00173,tr-005,1398.62,1401.695,3.075,EXC,NCT,,
tr-011_02857,tr-011,93.537,98.212,4.675,MTS,,mixed,
tr-009_02382,tr-009,3583.943,3586.873,2.93,EXC,,,
tr-009_02268,tr-009,2476.622,2479.538,2.916,Good,,spanish_only,train
tr-011_03038,tr-011,1333.674,1339.784,6.11,Good,,spanish_only,train
tr-006_00896,tr-006,2776.52,2779.24,2.72,Good,,spanish_only,train
tr-006_00487,tr-006,223.12,225.79,2.67,Good,,mixed,test
tr-006_00567,tr-006,664.36,671.31,6.95,Good,,spanish_only,train
tr-011_02888,tr-011,330.361,332.729,2.368,Good,,spanish_only,train
tr-006_00640,tr-006,1055.55,1057.83,2.28,Good,,spanish_only,train
tr-011_02932,tr-011,669.829,672.039,2.21,Good,,spanish_only,train
tr-011_02978,tr-011,961.104,963.284,2.18,Good,,spanish_only,train
tr-010_02764,tr-010,2628.495,2635.996,7.501,MTS,,mixed,
tr-010_02662,tr-010,1893.19,1901.25,8.06,Good,,spanish_only,train
tr-009_02126,tr-009,1228.62,1233.615,4.995,Good,,spanish_only,train
tr-006_01018,tr-006,3435.405,3440.27,4.865,Good,,spanish_only,train
tr-010_02832,tr-010,3191.826,3197.426,5.6,Good,,spanish_only,train
tr-008_01758,tr-008,1575.113,1580.853,5.74,EXC,,,
tr-007_01361,tr-007,2318.248,2322.713,4.465,Good,,spanish_only,train
tr-009_02275,tr-009,2537.019,2541.32,4.301,Good,,spanish_only,train
tr-006_00622,tr-006,964.33,968.55,4.22,Good,,spanish_only,train
tr-005_00122,tr-005,1032.675,1036.825,4.15,Good,,spanish_only,dev
tr-006_01082,tr-006,3825.796,3829.851,4.055,Good,,mixed,train
tr-010_02678,tr-010,2003.035,2006.975,3.94,EXC,,,
tr-011_02859,tr-011,107.507,111.362,3.855,Good,,spanish_only,train
tr-011_02846,tr-011,5.22,8.985,3.765,MTS,,spanish_only,
tr-010_02754,tr-010,2562.82,2566.565,3.745,Good,,spanish_only,train
tr-008_01589,tr-008,338.784,342.464,3.68,Good,,spanish_only,train
tr-011_02890,tr-011,336.256,339.847,3.591,Good,,mixed,train
tr-010_02808,tr-010,3027.681,3031.221,3.54,Good,,spanish_only,train
tr-006_00987,tr-006,3246.89,3250.37,3.48,Good,,spanish_only,train
tr-009_02289,tr-009,2658.22,2661.631,3.411,Good,,spanish_only,train
tr-006_00586,tr-006,776.53,779.78,3.25,Good,,spanish_only,train
tr-007_01278,tr-007,1593.903,1597.093,3.19,Good,,spanish_only,train
tr-006_00959,tr-006,3112.45,3115.57,3.12,Good,,spanish_only,train
tr-006_00775,tr-006,2057.04,2060.14,3.1,Good,,spanish_only,train
tr-009_02082,tr-009,801.612,811.211,9.599,Good,,mixed,dev
tr-011_03155,tr-011,2301.645,2304.618,2.973,Good,,spanish_only,train
tr-007_01363,tr-007,2337.158,2340.098,2.94,Good,,spanish_only,train
tr-010_02804,tr-010,3006.768,3009.646,2.878,Good,,spanish_only,train
tr-009_02347,tr-009,3168.775,3174.56,5.785,Good,,spanish_only,train
tr-009_02379,tr-009,3561.316,3564.12,2.804,CRT-A,,spanish_only,train
tr-010_02713,tr-010,2282.669,2285.453,2.784,Good,,spanish_only,train
tr-011_02865,tr-011,147.427,150.181,2.754,MTS,,spanish_only,
tr-009_02325,tr-009,2902.68,2908.8,6.12,MTS,,spanish_only,
tr-006_00784,tr-006,2086.59,2089.28,2.69,Good,,spanish_only,train
tr-009_02276,tr-009,2541.34,2543.991,2.651,Good,,spanish_only,train
tr-011_02920,tr-011,562.639,565.269,2.63,Good,,spanish_only,dev
tr-011_03215,tr-011,2721.782,2724.273,2.491,Good,,spanish_only,train
tr-009_02144,tr-009,1387.189,1389.674,2.485,CRT-A,,spanish_only,dev
tr-009_02383,tr-009,3587.531,3589.934,2.403,Good,,spanish_only,train
tr-009_02356,tr-009,3241.829,3244.175,2.346,Good,,mixed,train
tr-006_00703,tr-006,1617.55,1619.83,2.28,Good,,spanish_only,train
tr-006_00752,tr-006,1960.53,1962.67,2.14,Good,,spanish_only,train
tr-006_00753,tr-006,1962.675,1964.675,2,Good,,spanish_only,train
tr-009_02342,tr-009,3126.75,3134.44,7.69,MTS,,spanish_only,
tr-010_02590,tr-010,1360.073,1368.313,8.24,MTS,,mixed,
tr-008_01647,tr-008,745.62,750.619,4.999,Good,,spanish_only,train
tr-007_01144,tr-007,464.16,468.925,4.765,MTS,,mixed,
tr-006_00728,tr-006,1792.73,1797.25,4.52,Good,,spanish_only,train
tr-008_01752,tr-008,1543.78,1548.231,4.451,MTS,,spanish_only,
tr-008_01626,tr-008,606.667,611.032,4.365,CRT-A,,spanish_only,dev
tr-010_02719,tr-010,2344.869,2349.15,4.281,Good,,spanish_only,train
tr-006_00804,tr-006,2241.68,2245.895,4.215,Good,,spanish_only,train
tr-006_01040,tr-006,3574.315,3578.345,4.03,Good,,spanish_only,train
tr-009_02284,tr-009,2637.144,2641.03,3.886,MTS,,spanish_only,
tr-011_03203,tr-011,2659.829,2663.679,3.85,Good,,spanish_only,train
tr-008_01574,tr-008,203.48,207.293,3.813,Good,,spanish_only,train
tr-007_01470,tr-007,3157.059,3160.849,3.79,Good,,spanish_only,train
tr-006_00737,tr-006,1845.63,1849.34,3.71,Good,,spanish_only,train
tr-008_01724,tr-008,1362.652,1366.311,3.659,CRT-D,BLK,spanish_only,train
tr-006_00709,tr-006,1639.41,1642.98,3.57,Good,,spanish_only,train
tr-008_01599,tr-008,414.967,418.477,3.51,Good,,spanish_only,dev
tr-011_02940,tr-011,724.926,728.424,3.498,Good,,spanish_only,train
tr-010_02652,tr-010,1819.79,1823.264,3.474,Good,,spanish_only,train
tr-006_00779,tr-006,2070.1,2073.51,3.41,CRT-D,,spanish_only,train
tr-011_03242,tr-011,2949.083,2952.398,3.315,Good,,spanish_only,train
tr-005_00005,tr-005,57.76,61.06,3.3,Good,,spanish_only,train
tr-006_00637,tr-006,1046.04,1049.34,3.3,Good,,spanish_only,train
tr-005_00037,tr-005,290.595,293.875,3.28,EXC,NCT,,
tr-005_00168,tr-005,1327.395,1330.635,3.24,MTS,,spanish_only,
tr-009_02216,tr-009,2048.62,2051.85,3.23,MTS,,mixed,
tr-005_00035,tr-005,282.51,285.71,3.2,Good,,spanish_only,train
tr-006_00681,tr-006,1448.207,1451.407,3.2,EXC,TMC,,
tr-007_01321,tr-007,2068.428,2071.598,3.17,Good,,spanish_only,train
tr-007_01201,tr-007,997.805,1000.905,3.1,Good,,spanish_only,train
tr-005_00151,tr-005,1236.465,1239.525,3.06,Good,,spanish_only,train
tr-009_02119,tr-009,1169.28,1172.29,3.01,CRT-A,,spanish_only,train
tr-011_03141,tr-011,2226.841,2229.819,2.978,Good,,spanish_only,train
tr-011_03025,tr-011,1270.024,1272.991,2.967,Good,,mixed,train
tr-011_03049,tr-011,1404.349,1407.248,2.899,CRT-D,,spanish_only,train
tr-006_00544,tr-006,560.48,563.36,2.88,Good,,spanish_only,train
tr-009_02226,tr-009,2169.136,2171.98,2.844,EXC,NCT,,
tr-009_02203,tr-009,1951.029,1953.842,2.813,CRT-A,,spanish_only,train
tr-006_00539,tr-006,541.29,544.08,2.79,Good,,spanish_only,train
tr-010_02573,tr-010,1234.748,1240.365,5.617,Good,,spanish_only,train
tr-010_02639,tr-010,1722.125,1724.875,2.75,Good,,spanish_only,train
tr-011_02906,tr-011,418.858,423.336,4.478,Good,,spanish_only,train
tr-006_00847,tr-006,2498.775,2501.485,2.71,Good,,spanish_only,train
tr-011_03151,tr-011,2286.16,2288.844,2.684,CRT-D,BLK,spanish_only,train
tr-008_01760,tr-008,1598.926,1607.798,8.872,MTS,,mixed,
tr-010_02752,tr-010,2555.405,2559.035,3.63,Good,,mixed,train
tr-006_00522,tr-006,422,425.57,3.57,Good,,spanish_only,dev
tr-011_03016,tr-011,1223.414,1226.844,3.43,Good,,mixed,train
tr-011_03286,tr-011,3229.734,3241.718,11.984,EXC,,,
tr-007_01378,tr-007,2479.588,2482.728,3.14,Good,,mixed,train
tr-009_02004,tr-009,94.724,103.787,9.063,"MTS,CRT-D",NSY,mixed,
tr-010_02448,tr-010,366.478,373.213,6.735,Good,SPL,mixed,train
tr-006_00528,tr-006,476.07,482.52,6.45,Good,,mixed,train
tr-007_01240,tr-007,1271.04,1277.17,6.13,Good,,mixed,train
tr-007_01185,tr-007,814.535,820.155,5.62,CRT-D,SPL,mixed,train
tr-010_02399,tr-010,24.095,29.425,5.33,Good,SPL,mixed,train
tr-010_02782,tr-010,2806.585,2811.505,4.92,Good,,mixed,train
tr-006_00755,tr-006,1968.89,1973.7,4.81,Good,,spanish_only,train
tr-006_00554,tr-006,615,619.7,4.7,Good,NCT,mixed,train
tr-009_02009,tr-009,119.407,123.951,4.544,CRT-D,,mixed,train
tr-006_00894,tr-006,2765.795,2770.3,4.505,Good,TMC,mixed,train
tr-007_01465,tr-007,3104.214,3108.344,4.13,CRT-A,USR,jehe'a,train
tr-008_01979,tr-008,3330.633,3334.633,4,EXC,NCT,,
tr-006_00814,tr-006,2317.765,2321.635,3.87,Good,,mixed,train
tr-006_00724,tr-006,1749.27,1752.72,3.45,MTS,,mixed,
tr-011_03213,tr-011,2715.73,2719.055,3.325,Good,,mixed,train
tr-006_00581,tr-006,733.253,745.05,11.797,CRT-D,,mixed,train
tr-011_03006,tr-011,1154.359,1157.055,2.696,EXC,NCT,,
tr-005_00269,tr-005,2108.136,2110.606,2.47,"MTS,CRT-D",,mixed,
tr-008_01970,tr-008,3275.426,3282.881,7.455,EXC,NCT,,
tr-007_01301,tr-007,1859.428,1865.333,5.905,CRT-D,BLK,mixed,train
tr-007_01435,tr-007,2873.637,2879.136,5.499,Good,,mixed,train
tr-006_01047,tr-006,3609.17,3614.47,5.3,Good,,mixed,train
tr-009_02348,tr-009,3175.06,3180.216,5.156,Good,TMC,jehe'a,train
tr-007_01521,tr-007,3552.684,3557.734,5.05,Good,,jehe'a,train
tr-010_02504,tr-010,786.298,791.188,4.89,Good,,jehe'a,train
tr-005_00422,tr-005,3440.856,3445.676,4.82,CRT-A,USR,mixed,train
tr-005_00456,tr-005,3785.008,3789.528,4.52,MTS,,mixed,
tr-008_01775,tr-008,1712.155,1716.508,4.353,MTS,,jehe'a,
tr-006_00686,tr-006,1483.012,1487.292,4.28,Good,TMC,mixed,train
tr-009_02084,tr-009,822.78,826.987,4.207,Good,TMC,jehe'a,train
tr-009_02108,tr-009,1071.478,1075.567,4.089,"MTS,CRT-D","BLK,TMC,BCO",mixed,
tr-006_00928,tr-006,2942.175,2946.175,4,Good,TMC,mixed,train
tr-006_01050,tr-006,3622.875,3626.655,3.78,CRT-A,TMC,mixed,train
tr-011_02851,tr-011,41.49,51.205,9.715,"MTS,CRT-D","BLK,NCT,BCO",spanish_only,
tr-007_01261,tr-007,1497.803,1501.294,3.491,Good,,mixed,train
tr-005_00248,tr-005,1961.561,1964.981,3.42,MTS,BCO,mixed,
tr-007_01397,tr-007,2587.592,2590.652,3.06,Good,TMC,mixed,train
tr-009_02032,tr-009,269.701,272.24,2.539,Good,,spanish_only,train
tr-011_03133,tr-011,2185.799,2188.03,2.231,Good,,spanish_only,train
tr-011_03186,tr-011,2553.027,2568.197,15.17,MTS,BCO,spanish_only,
tr-010_02440,tr-010,333.513,338.518,5.005,Good,,mixed,train
tr-009_02019,tr-009,192.711,197.5,4.789,"MTS,CRT-D","BLK,NSY",jehe'a,
tr-007_01338,tr-007,2185.793,2190.483,4.69,Good,,mixed,train
tr-007_01204,tr-007,1010.382,1014.995,4.613,Good,,jehe'a,train
tr-009_02015,tr-009,151.589,173.693,22.104,"MTS,CRT-D","BLK,NSY",jehe'a,
tr-009_02099,tr-009,978.15,982.54,4.39,Good,NSY,mixed,train
tr-008_01907,tr-008,2796.527,2800.773,4.246,MTS,,mixed,
tr-007_01295,tr-007,1811.558,1815.703,4.145,MTS,USR,mixed,
tr-005_00149,tr-005,1228.64,1232.6,3.96,MTS,BCO,mixed,
tr-007_01343,tr-007,2205.468,2209.278,3.81,Good,,jehe'a,train
tr-007_01275,tr-007,1576.753,1580.433,3.68,Good,,mixed,train
tr-006_00733,tr-006,1817.16,1826.7,9.54,Good,TMC,mixed,train
tr-009_02381,tr-009,3573.323,3583.645,10.322,Good,TMC,mixed,train
tr-010_02501,tr-010,776.04,779.168,3.128,Good,SPL,mixed,train
tr-006_00950,tr-006,3080.815,3083.54,2.725,Good,TMC,mixed,train
tr-006_01025,tr-006,3491.845,3494.395,2.55,Good,,mixed,test
tr-008_01919,tr-008,2904.429,2911.4,6.971,Good,USR,mixed,train
tr-007_01190,tr-007,884.094,899.815,15.721,Good,TMC,mixed,train
tr-006_01081,tr-006,3808.531,3824.406,15.875,CRT-A,,mixed,train
tr-007_01101,tr-007,41.94,46.715,4.775,"MTS,CRT-D",TMC,mixed,
tr-009_02314,tr-009,2812.81,2829.119,16.309,MTS,TMC,mixed,
tr-006_00838,tr-006,2456.415,2460.975,4.56,Good,,jehe'a,train
tr-006_00902,tr-006,2800.68,2805.09,4.41,CRT-A,,mixed,train
tr-007_01408,tr-007,2636.757,2641.067,4.31,EXC,"TMC,NCT",,
tr-010_02742,tr-010,2490.504,2494.67,4.166,MTS,TMC,mixed,
tr-006_01046,tr-006,3605.07,3609.16,4.09,Good,,mixed,dev
tr-011_02886,tr-011,321.374,325.327,3.953,Good,,jehe'a,train
tr-005_00442,tr-005,3617.548,3621.468,3.92,CRT-D,,mixed,train
tr-010_02484,tr-010,654.163,657.878,3.715,MTS,TMC,mixed,
tr-005_00239,tr-005,1908.721,1912.351,3.63,Good,TMC,mixed,train
tr-008_01984,tr-008,3362.567,3366.135,3.568,Good,TMC,jehe'a,train
tr-010_02405,tr-010,58.115,61.5,3.385,CRT-D,,mixed,train
tr-007_01296,tr-007,1816.728,1820.018,3.29,EXC,NCT,,
tr-005_00339,tr-005,2742.186,2745.296,3.11,CRT-A,TMC,mixed,train
tr-006_00619,tr-006,950.06,953.16,3.1,CRT-D,TMC,spanish_only,dev
tr-010_02842,tr-010,3298.667,3301.746,3.079,EXC,,,
tr-009_02207,tr-009,1992.676,1995.699,3.023,CRT-D,,mixed,train
tr-008_01825,tr-008,2123.488,2126.188,2.7,CRT-D,TMC,jehe'a,train
tr-009_02231,tr-009,2187.065,2199.432,12.367,Good,,mixed,test
tr-009_02219,tr-009,2102.365,2104.669,2.304,CRT-D,,mixed,test
tr-009_02139,tr-009,1313.793,1328.404,14.611,EXC,NCT,,
tr-010_02499,tr-010,767.453,773.4,5.947,Good,,jehe'a,train
tr-008_01963,tr-008,3213.515,3219.26,5.745,Good,TMC,jehe'a,train
tr-008_01882,tr-008,2603.119,2608.742,5.623,Good,,mixed,train
tr-009_02081,tr-009,795.959,801.505,5.546,EXC,,,
tr-010_02410,tr-010,115.625,120.595,4.97,Good,TMC,mixed,train
tr-006_01006,tr-006,3342.67,3347.54,4.87,CRT-D,,mixed,train
tr-010_02512,tr-010,846.038,850.573,4.535,Good,TMC,jehe'a,train
tr-010_02637,tr-010,1694.795,1714.725,19.93,"MTS,CRT-A",,spanish_only,
tr-009_02232,tr-009,2200.45,2204.696,4.246,Good,,mixed,train
tr-007_01444,tr-007,2942.357,2946.507,4.15,CRT-D,BLK,mixed,train
tr-006_00891,tr-006,2753.34,2757.41,4.07,Good,TMC,mixed,train
tr-007_01212,tr-007,1049.075,1053.075,4,Good,TMC,mixed,train
tr-006_00895,tr-006,2770.795,2774.645,3.85,Good,TMC,jehe'a,dev
tr-006_01041,tr-006,3578.425,3582.055,3.63,Good,,jehe'a,train
tr-007_01426,tr-007,2805.547,2809.167,3.62,CRT-D,,mixed,train
tr-010_02427,tr-010,218.865,222.413,3.548,MTS,,jehe'a,
tr-006_01074,tr-006,3783.846,3787.366,3.52,Good,TMC,mixed,train
tr-007_01235,tr-007,1249.926,1253.337,3.411,Good,TMC,jehe'a,train
tr-006_00960,tr-006,3116.01,3119.37,3.36,CRT-D,USR,jehe'a,train
tr-007_01357,tr-007,2294.703,2297.953,3.25,Good,TMC,jehe'a,train
tr-006_00597,tr-006,837.68,840.9,3.22,Good,USR,jehe'a,train
tr-007_01207,tr-007,1028.135,1031.285,3.15,Good,TMC,jehe'a,train
tr-006_00868,tr-006,2625.83,2628.95,3.12,Good,,spanish_only,train
tr-008_01918,tr-008,2900.967,2904.047,3.08,MTS,TMC,jehe'a,
tr-011_02885,tr-011,318.247,321.082,2.835,Good,,jehe'a,train
tr-008_01804,tr-008,1969.678,1972.473,2.795,Good,TMC,mixed,train
tr-008_01784,tr-008,1772.773,1775.538,2.765,Good,,spanish_only,train
tr-011_03178,tr-011,2469.652,2472.244,2.592,CRT-D,BLK,mixed,dev
tr-008_01788,tr-008,1821.258,1823.675,2.417,EXC,NCT,,
tr-005_00319,tr-005,2521.391,2523.736,2.345,Good,TMC,mixed,test
tr-006_00927,tr-006,2928.78,2941.746,12.966,CRT-D,TMC,spanish_only,train
tr-008_01894,tr-008,2679.812,2681.831,2.019,EXC,USR,,
tr-008_01995,tr-008,3419.34,3426.58,7.24,CRT-D,TMC,mixed,train
tr-007_01451,tr-007,2979.452,2984.907,5.455,CRT-D,TMC,jehe'a,train
tr-008_01849,tr-008,2323.487,2328.091,4.604,Good,,jehe'a,train
tr-008_01879,tr-008,2591.286,2595.733,4.447,Good,,mixed,train
tr-006_00689,tr-006,1500.067,1504.212,4.145,Good,,mixed,dev
tr-006_00937,tr-006,2989.425,2993.435,4.01,Good,,mixed,train
tr-006_00898,tr-006,2783.065,2786.87,3.805,Good,TMC,mixed,train
tr-007_01386,tr-007,2528.658,2532.33,3.672,Good,TMC,mixed,train
tr-007_01099,tr-007,33.635,37.225,3.59,EXC,NCT,,
tr-008_01910,tr-008,2842.581,2846.12,3.539,Good,,mixed,train
tr-007_01195,tr-007,920.535,923.975,3.44,Good,,jehe'a,train
tr-006_01052,tr-006,3650.47,3653.885,3.415,Good,,mixed,dev
tr-006_00958,tr-006,3108.75,3112.12,3.37,Good,TMC,mixed,train
tr-009_02089,tr-009,877.148,880.498,3.35,Good,TMC,mixed,train
tr-007_01499,tr-007,3390.944,3394.264,3.32,EXC,,,
tr-008_01949,tr-008,3097.223,3100.518,3.295,Good,,jehe'a,train
tr-008_01745,tr-008,1506.845,1510.01,3.165,Good,,mixed,train
tr-008_01870,tr-008,2538.8,2541.88,3.08,Good,SPL,mixed,train
tr-011_03083,tr-011,1720.226,1723.229,3.003,Good,,mixed,train
tr-007_01214,tr-007,1058.425,1061.385,2.96,Good,,mixed,test
tr-007_01415,tr-007,2750.182,2753.102,2.92,MTS,TMC,mixed,
tr-005_00371,tr-005,3043.166,3049.646,6.48,Good,TMC,jehe'a,dev
tr-005_00084,tr-005,637.01,642.165,5.155,Good,TMC,jehe'a,train
tr-005_00373,tr-005,3052.431,3056.441,4.01,CRT-D,BLK,mixed,dev
tr-005_00345,tr-005,2789.926,2793.846,3.92,CRT-D,,jehe'a,test
tr-005_00348,tr-005,2806.631,2814.401,7.77,CRT-A,,jehe'a,test
tr-005_00258,tr-005,2041.231,2046.756,5.525,Good,,jehe'a,test
tr-005_00198,tr-005,1622.815,1627.75,4.935,Good,,jehe'a,test
tr-005_00231,tr-005,1870.751,1875.041,4.29,Good,,mixed,train
tr-005_00086,tr-005,645.27,649.065,3.795,Good,,mixed,test
tr-005_00251,tr-005,1976.726,1989.211,12.485,EXC,,,
tr-005_00206,tr-005,1696.441,1700.481,4.04,Good,,mixed,test
tr-005_00427,tr-005,3487.603,3491.353,3.75,Good,,jehe'a,train
tr-005_00286,tr-005,2210.541,2215.706,5.165,Good,,mixed,test
tr-005_00276,tr-005,2151.971,2156.636,4.665,Good,,jehe'a,test
tr-005_00263,tr-005,2067.681,2071.601,3.92,EXC,,,
tr-005_00232,tr-005,1876.361,1879.541,3.18,Good,,mixed,test
tr-005_00256,tr-005,2019.201,2022.106,2.905,Good,,mixed,train
tr-005_00106,tr-005,812.07,814.665,2.595,MTS,,guarani_only,
tr-007_01525,tr-007,3567.559,3572.943,5.384,MTS,,jehe'a,
tr-005_00293,tr-005,2260.401,2264.161,3.76,Good,,jehe'a,test
tr-010_02395,tr-010,8.06,11.85,3.79,Good,,guarani_only,test
tr-006_00936,tr-006,2986.75,2989.11,2.36,Good,,guarani_only,train
tr-009_02085,tr-009,830.377,832.587,2.21,Good,,guarani_only,train
tr-008_01880,tr-008,2598.004,2600.156,2.152,Good,,guarani_only,
tr-009_02317,tr-009,2840.096,2842.134,2.038,Good,NSY,jehe'a,train
tr-007_01429,tr-007,2834.487,2838.152,3.665,EXC,NCT,,
tr-010_02539,tr-010,1019.298,1021.858,2.56,MTS,,guarani_only,
tr-005_00408,tr-005,3343.431,3345.776,2.345,Good,,guarani_only,train
tr-008_01837,tr-008,2241.944,2244.197,2.253,Good,,jehe'a,train
tr-009_02391,tr-009,3665.08,3669.185,4.105,Good,,spanish_only,train
tr-011_02984,tr-011,1006.977,1009.504,2.527,Good,,spanish_only,train
tr-006_00594,tr-006,822.01,824.44,2.43,Good,,spanish_only,train
tr-006_00534,tr-006,515.83,518.23,2.4,Good,TMC,spanish_only,train
tr-006_00772,tr-006,2049.58,2051.94,2.36,Good,TMC,spanish_only,train
tr-009_02271,tr-009,2504.291,2506.57,2.279,Good,,spanish_only,train
tr-011_03165,tr-011,2353.015,2355.261,2.246,CRT-D,BLK,mixed,train
tr-006_00635,tr-006,1040.225,1042.435,2.21,Good,TMC,spanish_only,train
tr-011_02976,tr-011,954.388,956.489,2.101,CRT-D,,mixed,train
tr-010_02780,tr-010,2793.579,2801.048,7.469,CRT-A,,spanish_only,train
tr-008_01640,tr-008,678.206,686.18,7.974,MTS,,mixed,
tr-011_03195,tr-011,2620.784,2625.924,5.14,Good,TMC,spanish_only,dev
tr-011_03158,tr-011,2323.673,2328.239,4.566,CRT-D,BLK,spanish_only,train
tr-006_00782,tr-006,2079.24,2083.63,4.39,CRT-A,,spanish_only,train
tr-010_02755,tr-010,2566.655,2572.75,6.095,Good,TMC,spanish_only,dev
tr-011_03144,tr-011,2240.953,2244.827,3.874,MTS,,spanish_only,
tr-006_00925,tr-006,2912.755,2916.585,3.83,Good,,spanish_only,train
tr-006_01073,tr-006,3779.871,3783.651,3.78,Good,,spanish_only,train
tr-006_01054,tr-006,3657.325,3660.927,3.602,Good,,spanish_only,train
tr-005_00079,tr-005,605.31,608.905,3.595,CRT-D,BLK,spanish_only,train
tr-006_00538,tr-006,536.58,540.09,3.51,Good,,spanish_only,dev
tr-007_01308,tr-007,1896.745,1900.248,3.503,MTS,TMC,spanish_only,
tr-011_02864,tr-011,142.677,146.097,3.42,Good,,jehe'a,train
tr-006_00479,tr-006,169.875,173.205,3.33,Good,TMC,spanish_only,train
tr-006_00991,tr-006,3266.92,3270.22,3.3,CRT-A,,spanish_only,train
tr-011_03274,tr-011,3179.423,3182.713,3.29,Good,,spanish_only,train
tr-011_02950,tr-011,779.19,782.449,3.259,CRT-A,TMC,jehe'a,train
tr-011_03034,tr-011,1313.407,1316.6,3.193,Good,,spanish_only,train
tr-006_00698,tr-006,1594.47,1597.61,3.14,Good,,spanish_only,train
tr-009_02303,tr-009,2751.908,2754.991,3.083,Good,,spanish_only,train
tr-007_01181,tr-007,794.06,797.11,3.05,CRT-A,,mixed,train
tr-008_01637,tr-008,666.521,669.521,3,Good,,spanish_only,train
tr-010_02629,tr-010,1615.038,1618.011,2.973,Good,,spanish_only,train
tr-006_00688,tr-006,1496.562,1499.527,2.965,Good,TMC,spanish_only,train
tr-006_00770,tr-006,2043.31,2046.25,2.94,Good,,spanish_only,train
tr-007_01158,tr-007,556.36,559.26,2.9,Good,,spanish_only,train
tr-006_00623,tr-006,968.55,971.41,2.86,CRT-A,,spanish_only,train
tr-008_01609,tr-008,505.061,507.88,2.819,CRT-D,BLK,spanish_only,train
tr-009_02367,tr-009,3378.605,3381.413,2.808,Good,,spanish_only,dev
tr-011_02893,tr-011,348.526,351.297,2.771,Good,,spanish_only,train
tr-008_01623,tr-008,593.442,596.152,2.71,CRT-D,BLK,spanish_only,train
tr-006_01090,tr-006,3888.106,3890.741,2.635,Good,TMC,spanish_only,train
tr-006_00570,tr-006,684.38,686.97,2.59,Good,,spanish_only,train
tr-006_00707,tr-006,1633.38,1635.96,2.58,Good,,spanish_only,train
tr-010_02623,tr-010,1559.552,1562.102,2.55,Good,,spanish_only,train
tr-005_00164,tr-005,1306.52,1309.03,2.51,Good,,spanish_only,train
tr-006_00645,tr-006,1119.12,1121.6,2.48,Good,,spanish_only,train
tr-006_00823,tr-006,2375.84,2378.31,2.47,Good,TMC,spanish_only,train
tr-011_03041,tr-011,1360.339,1362.792,2.453,Good,,spanish_only,train
tr-006_00833,tr-006,2423.12,2429.5,6.38,Good,,spanish_only,train
tr-009_02285,tr-009,2641.03,2643.37,2.34,Good,TMC,spanish_only,train
tr-010_02785,tr-010,2843.03,2849.574,6.544,CRT-D,BLK,spanish_only,train
tr-011_03063,tr-011,1535.404,1541.963,6.559,MTS,,spanish_only,
tr-006_00591,tr-006,801.58,803.87,2.29,CRT-D,TMC,spanish_only,train
tr-011_03287,tr-011,3242.403,3244.686,2.283,EXC,,,
tr-006_00774,tr-006,2054.59,2056.83,2.24,Good,,spanish_only,train
tr-006_00773,tr-006,2052.14,2054.35,2.21,Good,TMC,spanish_only,train
tr-010_02644,tr-010,1741.85,1751.784,9.934,Good,,spanish_only,train
tr-011_03026,tr-011,1273.184,1275.354,2.17,Good,,spanish_only,train
tr-006_00826,tr-006,2393.795,2395.945,2.15,Good,TMC,spanish_only,train
tr-007_01293,tr-007,1802.188,1804.308,2.12,CRT-D,BLK,spanish_only,train
tr-011_03199,tr-011,2642.509,2644.568,2.059,CRT-D,BLK,spanish_only,dev
tr-011_03092,tr-011,1776.419,1778.419,2,Good,TMC,spanish_only,train
tr-006_00876,tr-006,2662.735,2670.04,7.305,Good,,spanish_only,train
tr-009_02155,tr-009,1459.859,1470.53,10.671,Good,,spanish_only,train
tr-007_01514,tr-007,3485.689,3494.444,8.755,EXC,,,
tr-009_02279,tr-009,2569.884,2575.484,5.6,EXC,NCT,,
tr-005_00147,tr-005,1219.97,1224.405,4.435,Good,,spanish_only,dev
tr-010_02843,tr-010,3301.937,3313.562,11.625,MTS,,spanish_only,
tr-010_02618,tr-010,1530.275,1534.445,4.17,EXC,NCT,,
tr-008_01673,tr-008,944.415,948.261,3.846,Good,,spanish_only,train
tr-011_02980,tr-011,968.159,971.969,3.81,MTS,,mixed,
tr-005_00157,tr-005,1273.335,1277.125,3.79,CRT-A,,mixed,train
tr-010_02568,tr-010,1210.675,1214.403,3.728,Good,,spanish_only,train
tr-005_00377,tr-005,3072.256,3075.896,3.64,CRT-D,BLK,spanish_only,train
tr-008_01561,tr-008,99.734,103.29,3.556,CRT-D,BLK,mixed,train
tr-006_01085,tr-006,3844.961,3848.471,3.51,Good,TMC,spanish_only,train
tr-005_00018,tr-005,172.635,176.085,3.45,Good,,spanish_only,train
tr-006_01095,tr-006,3915.311,3918.731,3.42,Good,,spanish_only,train
tr-008_01755,tr-008,1562.781,1566.201,3.42,Good,,spanish_only,train
tr-006_00520,tr-006,413.18,416.54,3.36,Good,TMC,spanish_only,train
tr-006_01062,tr-006,3705.111,3708.416,3.305,Good,,spanish_only,dev
tr-007_01492,tr-007,3348.969,3352.164,3.195,Good,,mixed,test
tr-006_00904,tr-006,2810.03,2813.12,3.09,Good,,spanish_only,train
tr-007_01452,tr-007,2985.057,2988.117,3.06,Good,,mixed,train
tr-006_00605,tr-006,886.94,889.96,3.02,CRT-D,,mixed,test
tr-010_02751,tr-010,2552.158,2555.173,3.015,Good,,spanish_only,train
tr-010_02646,tr-010,1775.97,1778.93,2.96,Good,,spanish_only,dev
tr-006_00771,tr-006,2046.25,2049.18,2.93,Good,,spanish_only,train
tr-011_03159,tr-011,2328.541,2331.404,2.863,Good,,spanish_only,train
tr-009_02200,tr-009,1939.886,1942.741,2.855,CRT-D,,spanish_only,train
tr-006_00736,tr-006,1842.63,1845.43,2.8,Good,,spanish_only,dev
tr-011_03152,tr-011,2289.115,2291.896,2.781,Good,,spanish_only,train
tr-006_00585,tr-006,773.76,776.52,2.76,Good,TMC,spanish_only,train
tr-006_00807,tr-006,2253.92,2256.65,2.73,CRT-A,,spanish_only,train
tr-010_02805,tr-010,3009.646,3012.356,2.71,Good,TMC,spanish_only,train
tr-006_00638,tr-006,1049.345,1052.035,2.69,Good,,spanish_only,train
tr-010_02682,tr-010,2051.735,2054.415,2.68,Good,,spanish_only,dev
tr-006_00678,tr-006,1427.672,1430.346,2.674,CRT-A,,mixed,train
tr-007_01277,tr-007,1589.878,1592.538,2.66,Good,TMC,spanish_only,train
tr-008_01736,tr-008,1453.03,1455.65,2.62,Good,,spanish_only,train
tr-006_00918,tr-006,2885.76,2888.35,2.59,Good,,spanish_only,train
tr-011_02951,tr-011,782.945,785.526,2.581,Good,,spanish_only,train
tr-011_03060,tr-011,1523.208,1525.774,2.566,CRT-D,,mixed,train
tr-006_01078,tr-006,3798.271,3800.821,2.55,Good,,spanish_only,train
tr-007_01126,tr-007,253.595,256.135,2.54,Good,,spanish_only,train
tr-009_02236,tr-009,2238.1,2240.62,2.52,Good,TMC,spanish_only,train
tr-006_01064,tr-006,3712.641,3715.131,2.49,Good,TMC,spanish_only,train
tr-010_02567,tr-010,1207.653,1210.108,2.455,MTS,,spanish_only,
tr-010_02800,tr-010,2985.632,2988.047,2.415,Good,TMC,spanish_only,train
tr-011_03179,tr-011,2472.969,2475.373,2.404,Good,TMC,mixed,train
tr-011_02902,tr-011,398.177,400.564,2.387,Good,,spanish_only,train
tr-009_02201,tr-009,1942.741,1945.051,2.31,Good,,spanish_only,train
tr-006_00874,tr-006,2657.12,2659.41,2.29,Good,TMC,spanish_only,dev
tr-007_01161,tr-007,578.015,580.285,2.27,EXC,NCT,,
tr-006_00524,tr-006,428.13,430.35,2.22,Good,TMC,spanish_only,dev
tr-008_01655,tr-008,814.717,816.92,2.203,EXC,,,
tr-011_03272,tr-011,3170.283,3172.409,2.126,MTS,,mixed,
tr-006_01003,tr-006,3325.025,3331.825,6.8,CRT-A,,spanish_only,train
tr-006_00795,tr-006,2149.25,2156.08,6.83,Good,,jehe'a,train
tr-011_03029,tr-011,1281.919,1283.969,2.05,Good,,spanish_only,train
tr-011_03059,tr-011,1515.215,1522.434,7.219,Good,TMC,spanish_only,train
tr-010_02840,tr-010,3272.352,3285.939,13.587,MTS,,spanish_only,
tr-006_00574,tr-006,706.29,710.94,4.65,MTS,TMC,spanish_only,
tr-006_01009,tr-006,3375.675,3381.32,5.645,Good,,mixed,test
tr-011_03156,tr-011,2305.653,2310.075,4.422,Good,,spanish_only,train
tr-010_02834,tr-010,3229.896,3236.089,6.193,Good,,spanish_only,train
tr-007_01244,tr-007,1295.16,1299.105,3.945,Good,,spanish_only,train
tr-011_03220,tr-011,2749.194,2753.129,3.935,EXC,NSY,,
tr-011_03200,tr-011,2644.765,2648.582,3.817,Good,TMC,spanish_only,dev
tr-005_00394,tr-005,3183.361,3187.146,3.785,Good,,spanish_only,train
tr-010_02753,tr-010,2559.095,2562.695,3.6,Good,,spanish_only,train
tr-010_02691,tr-010,2099.465,2111.075,11.61,Good,,spanish_only,train
tr-005_00062,tr-005,468.185,471.75,3.565,CRT-D,BLK,spanish_only,train
tr-006_00629,tr-006,1009.87,1013.415,3.545,Good,,spanish_only,train
tr-006_00474,tr-006,151.24,154.675,3.435,Good,,spanish_only,train
tr-008_01686,tr-008,1023.266,1026.662,3.396,MTS,,spanish_only,
tr-005_00452,tr-005,3722.548,3725.918,3.37,Good,,spanish_only,train
tr-010_02824,tr-010,3126.684,3129.996,3.312,Good,,spanish_only,train
tr-008_01732,tr-008,1436.033,1439.283,3.25,Good,,spanish_only,train
tr-006_00648,tr-006,1170.445,1173.64,3.195,Good,,spanish_only,train
tr-005_00012,tr-005,150.73,153.885,3.155,MTS,,spanish_only,
tr-005_00308,tr-005,2425.426,2428.491,3.065,Good,,spanish_only,train
tr-010_02592,tr-010,1371.753,1374.753,3,Good,,spanish_only,train
tr-005_00046,tr-005,372.52,375.51,2.99,Good,TMC,spanish_only,train
tr-010_02584,tr-010,1311.478,1314.458,2.98,Good,,spanish_only,train
tr-008_01764,tr-008,1639.791,1642.711,2.92,EXC,,,
tr-007_01448,tr-007,2969.342,2972.202,2.86,Good,,spanish_only,train
tr-005_00063,tr-005,472.13,474.92,2.79,Good,,spanish_only,train
tr-006_00482,tr-006,179.37,182.15,2.78,Good,,spanish_only,train
tr-005_00309,tr-005,2428.626,2431.386,2.76,Good,NSY,spanish_only,train
tr-011_02919,tr-011,559.649,562.382,2.733,Good,,spanish_only,dev
tr-006_01091,tr-006,3891.161,3893.856,2.695,Good,,spanish_only,train
tr-009_02248,tr-009,2341.76,2344.4,2.64,Good,,spanish_only,train
tr-006_00879,tr-006,2677.555,2680.155,2.6,Good,TMC,spanish_only,train
tr-006_00881,tr-006,2684.065,2686.635,2.57,Good,,spanish_only,train
tr-011_02924,tr-011,592.92,595.428,2.508,CRT-A,TMC,spanish_only,train
tr-009_02334,tr-009,3068.84,3071.32,2.48,Good,,spanish_only,train
tr-009_02249,tr-009,2344.44,2346.9,2.46,Good,TMC,spanish_only,train
tr-008_01659,tr-008,840.728,843.143,2.415,Good,,spanish_only,train
tr-009_02322,tr-009,2871.689,2874.098,2.409,Good,,spanish_only,train
tr-007_01166,tr-007,617.165,625.995,8.83,Good,,mixed,train
tr-010_02750,tr-010,2541.78,2552.158,10.378,Good,,mixed,train
tr-011_03004,tr-011,1140.319,1148.951,8.632,EXC,,,
tr-005_00182,tr-005,1501.14,1511.76,10.62,EXC,,,
tr-008_01981,tr-008,3346.067,3353.067,7,EXC,NCT,,
tr-008_01621,tr-008,582.427,590.086,7.659,MTS,,mixed,
tr-008_01925,tr-008,2958.229,2969.602,11.373,MTS,,jehe'a,
tr-005_00071,tr-005,512.38,522.935,10.555,MTS,,mixed,
tr-007_01334,tr-007,2157.133,2164.938,7.805,MTS,,mixed,
tr-006_00788,tr-006,2118.17,2125.39,7.22,Good,,jehe'a,dev
tr-006_00582,tr-006,745.58,755.55,9.97,Good,,mixed,train
tr-007_01490,tr-007,3337.819,3344.919,7.1,Good,,jehe'a,test
tr-008_01962,tr-008,3202.747,3213.355,10.608,EXC,,,
tr-011_03172,tr-011,2413.621,2425.284,11.663,EXC,,,
tr-006_00860,tr-006,2567.15,2574.02,6.87,Good,,mixed,train
tr-009_02067,tr-009,669.015,676.955,7.94,Good,,mixed,train
tr-005_00165,tr-005,1309.69,1317.565,7.875,MTS,,spanish_only,
tr-006_00766,tr-006,2023.31,2030.72,7.41,Good,,spanish_only,train
tr-009_02123,tr-009,1200.98,1210.835,9.855,MTS,,jehe'a,
tr-005_00162,tr-005,1292.55,1303.355,10.805,MTS,,mixed,
tr-011_03031,tr-011,1302.044,1304.404,2.36,EXC,NSY,,
tr-006_00711,tr-006,1649.14,1656.28,7.14,Good,,mixed,train
tr-009_02043,tr-009,394.985,408.324,13.339,EXC,"BLK,NCT",,
tr-009_02029,tr-009,253.157,260.659,7.502,Good,,jehe'a,dev
tr-008_01649,tr-008,755.172,760.232,5.06,MTS,,mixed,
tr-006_00505,tr-006,317.42,323.66,6.24,Good,,spanish_only,dev
tr-011_02953,tr-011,790.284,796.394,6.11,Good,,mixed,test
tr-008_01819,tr-008,2084.113,2094.61,10.497,MTS,,jehe'a,
tr-008_01842,tr-008,2288.647,2301.198,12.551,MTS,,jehe'a,
tr-009_02093,tr-009,930.853,942.924,12.071,MTS,,jehe'a,
tr-011_03102,tr-011,1920.349,1925.49,5.141,MTS,,mixed,
tr-007_01484,tr-007,3293.554,3303.654,10.1,Good,,mixed,test
tr-011_02947,tr-011,763.71,769.68,5.97,CRT-D,BLK,jehe'a,train
tr-011_03167,tr-011,2368.218,2374.468,6.25,MTS,,mixed,
tr-011_03073,tr-011,1632.449,1636.889,4.44,MTS,,spanish_only,
tr-005_00181,tr-005,1492.44,1500.96,8.52,EXC,,,
tr-011_03157,tr-011,2310.547,2318.92,8.373,EXC,NCT,,
tr-008_01738,tr-008,1458.804,1463.9,5.096,EXC,NCT,,
tr-006_00969,tr-006,3158.092,3166.965,8.873,Good,,mixed,train
tr-010_02711,tr-010,2266.615,2276.745,10.13,CRT-A,,mixed,train
tr-008_01821,tr-008,2097.1,2102.73,5.63,MTS,,jehe'a,
tr-008_01777,tr-008,1720.689,1735.547,14.858,Good,,jehe'a,train
tr-007_01162,tr-007,580.745,593.28,12.535,MTS,,mixed,
tr-008_01824,tr-008,2113.302,2122.678,9.376,MTS,,mixed,
tr-011_02849,tr-011,21.485,34.875,13.39,"CRT-D,MTS",,mixed,
tr-008_01831,tr-008,2158.546,2170.202,11.656,"MTS,CRT-A",,jehe'a,
tr-010_02730,tr-010,2416.461,2425.117,8.656,Good,,mixed,train
tr-010_02419,tr-010,177.295,184.846,7.551,Good,,mixed,train
tr-005_00284,tr-005,2190.086,2201.246,11.16,MTS,,mixed,
tr-007_01284,tr-007,1708.278,1719.76,11.482,MTS,,mixed,
tr-007_01501,tr-007,3397.029,3403.834,6.805,MTS,,jehe'a,
tr-010_02722,tr-010,2358.403,2372.695,14.292,Good,,mixed,train
tr-005_00447,tr-005,3671.443,3681.448,10.005,EXC,,,
tr-006_00713,tr-006,1668.28,1678.32,10.04,Good,,mixed,train
tr-006_00750,tr-006,1945.56,1955.81,10.25,EXC,USR,,
tr-007_01545,tr-007,3727.519,3738.229,10.71,EXC,,,
tr-006_00492,tr-006,246.877,254.192,7.315,Good,,mixed,train
tr-008_01851,tr-008,2337.205,2348.613,11.408,EXC,BCO,,
tr-008_01887,tr-008,2626.352,2643.767,17.415,Good,,jehe'a,train
tr-008_01550,tr-008,18.58,27.684,9.104,MTS,,mixed,
tr-008_01958,tr-008,3175.058,3185.643,10.585,EXC,,,
tr-008_01803,tr-008,1961.34,1968.832,7.492,EXC,BCO,,
tr-007_01225,tr-007,1189.705,1201.285,11.58,MTS,NCT,mixed,
tr-011_03273,tr-011,3172.409,3179.393,6.984,MTS,,mixed,
tr-009_02050,tr-009,450.765,460.131,9.366,Good,,mixed,train
tr-007_01253,tr-007,1349.595,1359.4,9.805,MTS,,mixed,
tr-010_02733,tr-010,2434.215,2442.795,8.58,MTS,,spanish_only,
tr-006_01020,tr-006,3444.86,3452.78,7.92,Good,,spanish_only,train
tr-008_01911,tr-008,2848.247,2855.524,7.277,Good,,jehe'a,train
tr-009_02107,tr-009,1059.926,1071.361,11.435,MTS,,mixed,
tr-009_02095,tr-009,950.21,963.264,13.054,EXC,USR,,
tr-005_00190,tr-005,1580.5,1586.86,6.36,Good,,mixed,train
tr-010_02481,tr-010,627.273,639.86,12.587,MTS,,jehe'a,
tr-011_02871,tr-011,201.842,208.612,6.77,MTS,,mixed,
tr-009_02365,tr-009,3356.692,3365.889,9.197,MTS,,mixed,
tr-008_01773,tr-008,1700.235,1708.93,8.695,CRT-D,,jehe'a,train
tr-008_01876,tr-008,2571.174,2581.796,10.622,EXC,TMC,,
tr-009_02376,tr-009,3505.015,3517.967,12.952,MTS,,spanish_only,
tr-009_02001,tr-009,62.074,77.2,15.126,EXC,NSY,,
tr-009_02336,tr-009,3079.367,3092.775,13.408,MTS,,jehe'a,
tr-006_00625,tr-006,980.705,990.28,9.575,MTS,,mixed,
tr-011_02868,tr-011,189.361,196.777,7.416,EXC,BLK,,
tr-008_01808,tr-008,1986.755,2000.928,14.173,EXC,BLK,,
tr-005_00114,tr-005,950.53,955.39,4.86,MTS,,jehe'a,
tr-009_02069,tr-009,682.04,691.585,9.545,MTS,,jehe'a,
tr-009_02340,tr-009,3109.158,3119.71,10.552,Good,,mixed,test
tr-009_02034,tr-009,284.056,291.427,7.371,MTS,,mixed,
tr-006_00647,tr-006,1163.055,1170.085,7.03,EXC,USR,,
tr-009_02110,tr-009,1085.731,1103.151,17.42,EXC,,,
tr-011_03046,tr-011,1389.924,1398.806,8.882,Good,TMC,spanish_only,train
tr-008_01943,tr-008,3051.129,3064.761,13.632,Good,,jehe'a,train
tr-007_01268,tr-007,1542.133,1550.958,8.825,CRT-D,,spanish_only,train
tr-008_01989,tr-008,3383.566,3393.249,9.683,CRT-D,,mixed,train
tr-007_01266,tr-007,1531.233,1539.863,8.63,EXC,NSY,,
tr-007_01346,tr-007,2216.863,2225.333,8.47,EXC,TMC,,
tr-008_01705,tr-008,1213.569,1221.627,8.058,Good,,mixed,test
tr-006_00634,tr-006,1032.24,1039.53,7.29,Good,,spanish_only,train
tr-011_02944,tr-011,750.339,757.217,6.878,Good,,mixed,train
tr-009_02349,tr-009,3186.386,3198.286,11.9,EXC,NSY,,
tr-011_03255,tr-011,3020.348,3029.098,8.75,MTS,,mixed,
tr-010_02519,tr-010,889.563,894.973,5.41,EXC,BCO,,
tr-007_01325,tr-007,2095.433,2106.083,10.65,EXC,NCT,,
tr-009_02073,tr-009,705.95,721.03,15.08,MTS,,jehe'a,
tr-010_02760,tr-010,2609.43,2618.52,9.09,Good,,mixed,train
tr-010_02714,tr-010,2286.63,2294.985,8.355,Good,,mixed,train
tr-007_01194,tr-007,913.12,920.175,7.055,CRT-D,,jehe'a,train
tr-008_01567,tr-008,150.596,164.308,13.712,EXC,NCT,,
tr-010_02746,tr-010,2515.55,2521.375,5.825,Good,,mixed,test
tr-007_01276,tr-007,1580.908,1589.773,8.865,Good,,mixed,train
tr-008_01807,tr-008,1980.617,1985.962,5.345,MTS,TMC,mixed,
tr-007_01110,tr-007,164.655,175.54,10.885,Good,,jehe'a,train
tr-008_01790,tr-008,1836.306,1848.239,11.933,Good,TMC,jehe'a,train
tr-007_01513,tr-007,3472.654,3484.909,12.255,"MTS,CRT-D","BLK,NSY",jehe'a,
tr-010_02773,tr-010,2722.105,2730.17,8.065,MTS,,mixed,
tr-010_02651,tr-010,1811.803,1819.53,7.727,Good,,spanish_only,train
tr-008_01833,tr-008,2204.081,2211.2,7.119,Good,,jehe'a,train
tr-006_00809,tr-006,2261.745,2273.745,12,EXC,NSY,,
tr-009_01999,tr-009,42.522,56.682,14.16,Good,NCT,jehe'a,train
tr-010_02511,tr-010,831.483,846.038,14.555,Good,,jehe'a,train
tr-008_01898,tr-008,2693.337,2698.068,4.731,EXC,BCO,,
tr-011_03238,tr-011,2919.789,2931.919,12.13,MTS,,jehe'a,
tr-007_01248,tr-007,1316.115,1325.3,9.185,EXC,,,
tr-005_00000,tr-005,0.11,14.815,14.705,EXC,,,
tr-010_02429,tr-010,227.335,240.491,13.156,EXC,,,
tr-009_02335,tr-009,3072.006,3079.367,7.361,Good,,mixed,train
tr-010_02527,tr-010,931.333,945.663,14.33,MTS,,mixed,
tr-007_01330,tr-007,2125.883,2135.743,9.86,Good,,jehe'a,dev
tr-006_00837,tr-006,2450.025,2454.705,4.68,Good,,mixed,train
tr-005_00455,tr-005,3772.763,3784.963,12.2,Good,,mixed,train
tr-007_01403,tr-007,2614.452,2623.577,9.125,Good,,jehe'a,train
tr-007_01336,tr-007,2172.958,2183.043,10.085,Good,,jehe'a,train
tr-007_01149,tr-007,491.33,499.435,8.105,Good,,mixed,train
tr-007_01335,tr-007,2164.938,2172.588,7.65,Good,,mixed,train
tr-007_01206,tr-007,1020.81,1027.63,6.82,Good,,mixed,train
tr-007_01394,tr-007,2567.232,2573.232,6,Good,,jehe'a,train
tr-011_03022,tr-011,1253.419,1259.054,5.635,Good,,spanish_only,train
tr-005_00384,tr-005,3102.591,3108.181,5.59,EXC,NCT,,
tr-005_00240,tr-005,1913.101,1918.271,5.17,CRT-D,,mixed,dev
tr-009_02352,tr-009,3209.326,3224.713,15.387,EXC,"NCT,BCO",,
tr-008_01549,tr-008,8.835,18.58,9.745,CRT-D,"BLK,SPL",mixed,train
tr-005_00272,tr-005,2125.386,2136.541,11.155,CRT-D,"BLK,NSY,NCT",mixed,train
tr-005_00402,tr-005,3290.741,3301.901,11.16,CRT-A,TMC,jehe'a,dev
tr-005_00385,tr-005,3108.411,3115.911,7.5,EXC,NCT,,
tr-005_00367,tr-005,3020.426,3030.161,9.735,"MTS,CRT-D","BLK,NSY,NCT",jehe'a,
tr-005_00392,tr-005,3155.351,3165.326,9.975,MTS,NSY,jehe'a,
tr-005_00208,tr-005,1704.596,1715.481,10.885,Good,,jehe'a,train
tr-005_00349,tr-005,2815.156,2827.991,12.835,"MTS,CRT-A","SPL,TMC",jehe'a,
tr-005_00076,tr-005,579.695,595.22,15.525,"MTS,CRT-A",TMC,jehe'a,
tr-005_00199,tr-005,1627.93,1636.345,8.415,MTS,TMC,jehe'a,
tr-005_00292,tr-005,2246.751,2259.301,12.55,Good,TMC,jehe'a,train
tr-005_00337,tr-005,2731.626,2738.041,6.415,CRT-D,"BLK,TMC",mixed,train
tr-005_00285,tr-005,2201.671,2209.651,7.98,MTS,TMC,mixed,
tr-005_00449,tr-005,3688.083,3700.448,12.365,MTS,"NCT,TMC",jehe'a,
tr-005_00279,tr-005,2165.451,2174.601,9.15,Good,"SPL,TMC",jehe'a,train
tr-005_00296,tr-005,2288.366,2301.201,12.835,CRT-A,TMC,jehe'a,train
tr-005_00359,tr-005,2937.536,2958.531,20.995,Good,"SPL,TMC",jehe'a,train
tr-005_00229,tr-005,1831.161,1838.161,7,Good,TMC,jehe'a,train
tr-005_00108,tr-005,847.28,851.05,3.77,EXC,NCT,,
tr-005_00398,tr-005,3262.761,3269.271,6.51,MTS,TMC,jehe'a,
tr-008_01884,tr-008,2612.375,2615.304,2.929,Good,TMC,guarani_only,test
tr-010_02425,tr-010,201.215,204.076,2.861,Good,TMC,mixed,test
tr-008_01948,tr-008,3093.145,3095.593,2.448,Good,TMC,guarani_only,test
tr-005_00280,tr-005,2175.441,2178.411,2.97,EXC,TMC,,
tr-005_00340,tr-005,2746.536,2749.906,3.37,Good,TMC,mixed,test
tr-008_01973,tr-008,3295.059,3298.483,3.424,MTS,,jehe'a,
tr-005_00414,tr-005,3367.081,3369.921,2.84,Good,,guarani_only,train
tr-007_01347,tr-007,2226.313,2228.963,2.65,Good,,guarani_only,test
tr-006_00862,tr-006,2582.785,2587.855,5.07,Good,TMC,spanish_only,train
tr-006_00715,tr-006,1684.28,1689.32,5.04,Good,TMC,spanish_only,train
tr-005_00137,tr-005,1142.78,1147.64,4.86,Good,TMC,mixed,train
tr-006_00551,tr-006,587.09,592.71,5.62,Good,NSY,spanish_only,train
tr-005_00056,tr-005,432.605,437.205,4.6,MTS,"TMC,NSY",spanish_only,
tr-006_00464,tr-006,45.51,50.725,5.215,Good,TMC,spanish_only,train
tr-011_03119,tr-011,2075.129,2080.829,5.7,MTS,,spanish_only,
tr-006_00566,tr-006,659.71,664.22,4.51,Good,"TMC,NSY",spanish_only,dev
tr-006_00802,tr-006,2231.97,2236.46,4.49,CRT-A,TMC,spanish_only,train
tr-011_03251,tr-011,2988.569,2993.293,4.724,Good,TMC,spanish_only,train
tr-011_03072,tr-011,1626.379,1631.949,5.57,"MTS,CRT-D",BLK,spanish_only,
tr-007_01231,tr-007,1229.965,1235.555,5.59,EXC,NCT,,
tr-009_02315,tr-009,2829.119,2833.766,4.647,CRT-A,,spanish_only,train
tr-007_01169,tr-007,641.495,647.355,5.86,Good,TMC,spanish_only,train
tr-011_03204,tr-011,2664.276,2668.623,4.347,Good,,spanish_only,train
tr-007_01299,tr-007,1848.048,1853.833,5.785,MTS,,spanish_only,
tr-006_00859,tr-006,2562.46,2566.76,4.3,Good,TMC,mixed,train
tr-006_00690,tr-006,1504.212,1510.247,6.035,Good,,spanish_only,train
tr-008_01634,tr-008,655.576,659.58,4.004,Good,TMC,mixed,train
tr-011_03051,tr-011,1427.754,1434.17,6.416,MTS,,spanish_only,
tr-005_00169,tr-005,1331.115,1336.225,5.11,EXC,NSY,,
tr-006_00602,tr-006,870.55,876.88,6.33,CRT-A,,spanish_only,train
tr-010_02553,tr-010,1134.903,1140.18,5.277,Good,,spanish_only,train
tr-009_02182,tr-009,1777.88,1782.63,4.75,Good,TMC,spanish_only,train
tr-010_02665,tr-010,1921.55,1926.22,4.67,"MTS,CRT-D",TMC,spanish_only,
tr-007_01294,tr-007,1805.773,1811.433,5.66,"MTS,CRT-D",BLK,spanish_only,
tr-006_01043,tr-006,3588.795,3593.365,4.57,Good,TMC,spanish_only,train
tr-011_03283,tr-011,3216.688,3221.116,4.428,CRT-D,,spanish_only,train
tr-011_03224,tr-011,2792.989,2799.549,6.56,Good,,mixed,dev
tr-005_00234,tr-005,1885.436,1890.506,5.07,Good,,spanish_only,train
tr-006_01055,tr-006,3660.927,3665.12,4.193,Good,,spanish_only,train
tr-006_01057,tr-006,3668.675,3673.455,4.78,CRT-D,,spanish_only,train
tr-005_00124,tr-005,1046.265,1051.775,5.51,CRT-D,,spanish_only,test
tr-006_01024,tr-006,3487.56,3491.62,4.06,Good,,spanish_only,test
tr-008_01725,tr-008,1367.045,1372.873,5.828,"MTS,CRT-D","BLK,TMC",mixed,
tr-011_03088,tr-011,1760.288,1766.139,5.851,CRT-D,BLK,spanish_only,train
tr-011_02977,tr-011,956.799,960.919,4.12,Good,TMC,spanish_only,train
tr-006_00955,tr-006,3097.052,3100.78,3.728,Good,TMC,spanish_only,train
tr-011_02960,tr-011,834.454,837.629,3.175,EXC,,,
tr-007_01203,tr-007,1006.51,1010.382,3.872,EXC,TMC,,
tr-005_00034,tr-005,275.89,282.405,6.515,Good,TMC,spanish_only,train
tr-010_02690,tr-010,2092,2099.29,7.29,Good,,mixed,dev
tr-011_03208,tr-011,2684.969,2688.573,3.604,MTS,TMC,spanish_only,
tr-006_00644,tr-006,1112.4,1119.12,6.72,Good,TMC,mixed,train
tr-005_00307,tr-005,2419.601,2424.786,5.185,CRT-A,"TMC,NSY",spanish_only,train
tr-005_00068,tr-005,497.095,502.405,5.31,Good,TMC,spanish_only,train
tr-006_00611,tr-006,904.94,909.65,4.71,Good,,spanish_only,train
tr-008_01754,tr-008,1557.856,1562.471,4.615,Good,,spanish_only,train
tr-010_02635,tr-010,1683.952,1688.53,4.578,Good,,spanish_only,train
tr-008_01676,tr-008,959.731,964.23,4.499,"MTS,CRT-A",TMC,spanish_only,
tr-009_02252,tr-009,2354.66,2360.42,5.76,MTS,NSY,mixed,
tr-006_00600,tr-006,862.95,867.28,4.33,Good,TMC,mixed,train
tr-006_00735,tr-006,1836.33,1842.27,5.94,Good,TMC,spanish_only,train
tr-009_02320,tr-009,2863.06,2867.282,4.222,CRT-A,,spanish_only,train
tr-005_00088,tr-005,657.285,664.945,7.66,Good,,spanish_only,dev
tr-006_00512,tr-006,377.81,381.93,4.12,Good,TMC,spanish_only,train
tr-006_00470,tr-006,99.505,103.585,4.08,Good,TMC,spanish_only,dev
tr-010_02653,tr-010,1823.264,1827.225,3.961,Good,,spanish_only,train
tr-009_02210,tr-009,2001.865,2004.365,2.5,MTS,NCT,spanish_only,
tr-006_00631,tr-006,1019.905,1023.805,3.9,CRT-A,TMC,spanish_only,train
tr-005_00287,tr-005,2215.906,2219.706,3.8,Good,TMC,spanish_only,train
tr-011_03070,tr-011,1615.739,1621.574,5.835,"MTS,CRT-D",BLK,spanish_only,
tr-011_02887,tr-011,325.619,329.738,4.119,Good,,spanish_only,train
tr-006_00604,tr-006,880.55,886.94,6.39,Good,TMC,spanish_only,train
tr-011_03234,tr-011,2891.696,2895.358,3.662,CRT-D,BLK,spanish_only,train
tr-008_01610,tr-008,508.965,516,7.035,Good,,spanish_only,train
tr-005_00103,tr-005,795.835,803.53,7.695,"MTS,CRT-D",,mixed,
tr-006_01005,tr-006,3335.33,3342.205,6.875,Good,TMC,spanish_only,train
tr-005_00064,tr-005,475.15,483.445,8.295,Good,"TMC,NSY",spanish_only,train
tr-010_02686,tr-010,2072.175,2079.3,7.125,Good,,spanish_only,dev
tr-006_00476,tr-006,157.815,162.965,5.15,Good,TMC,mixed,train
tr-011_03097,tr-011,1852.53,1857.709,5.179,Good,TMC,mixed,train
tr-011_03011,tr-011,1195.199,1200.189,4.99,Good,,spanish_only,train
tr-010_02560,tr-010,1177.073,1181.898,4.825,Good,,spanish_only,train
tr-006_00700,tr-006,1605.63,1611.14,5.51,Good,TMC,spanish_only,train
tr-007_01458,tr-007,3020.572,3025.232,4.66,Good,TMC,spanish_only,train
tr-006_00759,tr-006,1986.94,1991.5,4.56,Good,NSY,spanish_only,train
tr-010_02797,tr-010,2950.91,2955.45,4.54,CRT-A,"NSY,TMC",spanish_only,test
tr-006_00490,tr-006,238.117,242.592,4.475,Good,TMC,spanish_only,train
tr-007_01483,tr-007,3287.479,3293.334,5.855,"CRT-D,CRT-A",BLK,spanish_only,train
tr-005_00091,tr-005,720.66,724.96,4.3,"CRT-D,CRT-A",TMC,spanish_only,train
tr-006_00705,tr-006,1624.72,1629,4.28,Good,TMC,mixed,train
tr-010_02704,tr-010,2201.75,2207.95,6.2,Good,,spanish_only,train
tr-006_00677,tr-006,1423.752,1427.597,3.845,Good,NSY,spanish_only,train
tr-006_00769,tr-006,2036.54,2043.04,6.5,Good,TMC,spanish_only,train
tr-006_00511,tr-006,372.54,377.62,5.08,Good,TMC,spanish_only,train
tr-006_00521,tr-006,416.555,421.755,5.2,CRT-A,TMC,spanish_only,train
tr-007_01219,tr-007,1149.975,1155.325,5.35,Good,,mixed,train
tr-005_00023,tr-005,197.22,200.93,3.71,Good,TMC,spanish_only,train
tr-011_02845,tr-011,0,4.69,4.69,Good,TMC,spanish_only,train
tr-006_00938,tr-006,2993.435,2997.095,3.66,CRT-A,TMC,spanish_only,train
tr-008_01665,tr-008,894.108,899.714,5.606,CRT-A,TMC,spanish_only,train
tr-006_00685,tr-006,1479.227,1482.847,3.62,Good,TMC,spanish_only,train
tr-011_02880,tr-011,294.604,300.437,5.833,CRT-A,NSY,spanish_only,train
tr-011_03205,tr-011,2669.512,2673.053,3.541,Good,TMC,spanish_only,train
tr-010_02836,tr-010,3239.286,3247.086,7.8,CRT-D,BLK,spanish_only,train
tr-011_03122,tr-011,2091.741,2095.128,3.387,CRT-A,,mixed,train
tr-005_00052,tr-005,406.505,412.755,6.25,MTS,,spanish_only,
tr-010_02815,tr-010,3089.306,3096.012,6.706,Good,,spanish_only,test
tr-009_02239,tr-009,2279.57,2286.48,6.91,EXC,NCT,,
tr-011_02934,tr-011,679.334,684.549,5.215,MTS,,mixed,
tr-007_01320,tr-007,2063.408,2068.308,4.9,Good,TMC,spanish_only,train
tr-008_01613,tr-008,539.89,545.43,5.54,Good,,spanish_only,train
tr-011_02914,tr-011,515.063,519.657,4.594,CRT-A,TMC,spanish_only,train
tr-005_00273,tr-005,2136.621,2141.031,4.41,Good,TMC,spanish_only,train
tr-010_02795,tr-010,2920.18,2924.542,4.362,CRT-A,TMC,spanish_only,train
tr-009_02392,tr-009,3676.515,3684.191,7.676,MTS,TMC,spanish_only,
tr-006_00548,tr-006,573.87,579.97,6.1,Good,TMC,spanish_only,train
tr-007_01344,tr-007,2209.548,2213.648,4.1,Good,,spanish_only,train
tr-005_00233,tr-005,1879.996,1883.826,3.83,Good,TMC,spanish_only,train
tr-011_03284,tr-011,3221.762,3225.1,3.338,EXC,NCT,,
tr-009_02298,tr-009,2692.32,2700.24,7.92,CRT-A,TMC,mixed,train
tr-011_02883,tr-011,307.427,312.608,5.181,CRT-D,BLK,spanish_only,train
tr-011_03142,tr-011,2231.718,2236.709,4.991,Good,TMC,spanish_only,train
tr-011_03021,tr-011,1247.784,1253.184,5.4,Good,,spanish_only,test
tr-010_02703,tr-010,2195.462,2200.99,5.528,Good,TMC,spanish_only,test
tr-011_02922,tr-011,569.942,573.332,3.39,"MTS,CRT-A",,mixed,
tr-009_02202,tr-009,1945.051,1951.029,5.978,Good,,spanish_only,test
tr-011_03065,tr-011,1551.846,1555.974,4.128,MTS,TMC,spanish_only,
tr-011_02882,tr-011,303.142,306.292,3.15,Good,,spanish_only,train
tr-011_03260,tr-011,3054.363,3057.493,3.13,Good,TMC,spanish_only,dev
tr-011_02994,tr-011,1065.976,1069.834,3.858,MTS,TMC,spanish_only,
tr-009_02172,tr-009,1659.94,1666.57,6.63,MTS,,spanish_only,
tr-009_02241,tr-009,2295.4,2302.5,7.1,Good,TMC,spanish_only,train
tr-006_00834,tr-006,2429.5,2436.93,7.43,CRT-A,TMC,spanish_only,train
tr-010_02802,tr-010,2995.965,3001.035,5.07,Good,,spanish_only,train
tr-009_02195,tr-009,1906.476,1911.376,4.9,MTS,TMC,spanish_only,
tr-009_02187,tr-009,1802.834,1807.337,4.503,MTS,TMC,spanish_only,
tr-007_01358,tr-007,2298.003,2302.343,4.34,CRT-A,TMC,spanish_only,train
tr-010_02574,tr-010,1241.958,1246.198,4.24,Good,,mixed,train
tr-006_00500,tr-006,295.21,299.41,4.2,Good,TMC,spanish_only,train
tr-010_02688,tr-010,2082.725,2086.915,4.19,Good,TMC,spanish_only,dev
tr-011_02993,tr-011,1061.474,1065.619,4.145,CRT-D,BLK,spanish_only,train
tr-009_02306,tr-009,2766.791,2776.26,9.469,MTS,,spanish_only,
tr-007_01540,tr-007,3707.409,3711.319,3.91,CRT-D,BLK,spanish_only,train
tr-009_02227,tr-009,2172.121,2175.916,3.795,MTS,,spanish_only,
tr-009_02262,tr-009,2446.099,2449.88,3.781,CRT-A,,spanish_only,train
tr-006_00555,tr-006,619.92,623.56,3.64,Good,TMC,spanish_only,train
tr-010_02620,tr-010,1538.965,1542.535,3.57,CRT-D,"BLK,TMC",mixed,dev
tr-009_02256,tr-009,2393.861,2397.349,3.488,Good,TMC,spanish_only,train
tr-011_02968,tr-011,889.919,893.334,3.415,Good,TMC,spanish_only,train
tr-011_02967,tr-011,885.284,888.684,3.4,Good,TMC,spanish_only,dev
tr-006_00861,tr-006,2575.98,2581.1,5.12,CRT-A,,mixed,train
tr-011_02897,tr-011,367.427,372.437,5.01,MTS,TMC,spanish_only,
tr-006_01060,tr-006,3691.01,3695.8,4.79,Good,TMC,spanish_only,train
tr-009_02152,tr-009,1449.002,1453.622,4.62,Good,TMC,spanish_only,train
tr-007_01369,tr-007,2410.318,2415.968,5.65,Good,TMC,spanish_only,train
tr-006_00562,tr-006,642.81,648.7,5.89,CRT-A,TMC,spanish_only,train
tr-011_03100,tr-011,1902.539,1906.664,4.125,"CRT-D,CRT-A,MTS",TMC,mixed,
tr-011_03174,tr-011,2428.398,2434.564,6.166,EXC,,,
tr-006_01022,tr-006,3463.515,3466.475,2.96,CRT-A,TMC,mixed,dev
tr-006_00606,tr-006,889.96,892.84,2.88,Good,TMC,spanish_only,train
tr-011_03140,tr-011,2223.719,2226.565,2.846,Good,TMC,spanish_only,train
tr-005_00417,tr-005,3380.656,3387.33,6.674,Good,TMC,spanish_only,train
tr-005_00288,tr-005,2220.301,2226.996,6.695,Good,TMC,spanish_only,dev
tr-011_03082,tr-011,1716.635,1719.985,3.35,CRT-D,TMC,mixed,train
tr-006_00828,tr-006,2401.93,2409.695,7.765,Good,TMC,spanish_only,train
tr-011_03191,tr-011,2603.215,2608.297,5.082,Good,,spanish_only,dev
tr-008_01581,tr-008,294.759,299.738,4.979,Good,TMC,spanish_only,train
tr-005_00290,tr-005,2231.011,2236.441,5.43,CRT-A,TMC,spanish_only,train
tr-006_00979,tr-006,3209.185,3211.955,2.77,Good,TMC,mixed,dev
tr-009_02162,tr-009,1544.72,1547.367,2.647,Good,TMC,spanish_only,train
tr-006_00975,tr-006,3194.46,3197.01,2.55,Good,TMC,jehe'a,train
tr-007_01165,tr-007,614.525,616.975,2.45,Good,,mixed,train
tr-011_02899,tr-011,377.282,379.677,2.395,Good,TMC,spanish_only,train
tr-008_01591,tr-008,380.878,383.198,2.32,Good,TMC,mixed,train
tr-009_02278,tr-009,2566.676,2568.717,2.041,Good,TMC,jehe'a,train
tr-008_01717,tr-008,1310.48,1323.833,13.353,Good,TMC,mixed,train
tr-008_01927,tr-008,2973.246,2978.623,5.377,Good,TMC,jehe'a,train
tr-005_00249,tr-005,1965.216,1969.841,4.625,EXC,BLK,,
tr-007_01460,tr-007,3036.112,3040.602,4.49,Good,SPL,jehe'a,dev
tr-005_00001,tr-005,14.92,35.14,20.22,EXC,NCT,,
tr-008_01860,tr-008,2427.687,2431.884,4.197,Good,"TMC,SPL",mixed,train
tr-010_02431,tr-010,261.856,265.948,4.092,Good,TMC,mixed,dev
tr-008_01890,tr-008,2651.813,2655.644,3.831,Good,SPL,jehe'a,train
tr-010_02471,tr-010,588.583,592.348,3.765,CRT-A,"TMC,SPL",jehe'a,train
tr-010_02439,tr-010,329.578,333.088,3.51,Good,"TMC,SPL",mixed,train
tr-007_01532,tr-007,3640.954,3644.214,3.26,Good,TMC,mixed,train
tr-010_02502,tr-010,779.343,782.498,3.155,Good,"TMC,SPL",jehe'a,train
tr-010_02530,tr-010,956.42,959.518,3.098,Good,"TMC,SPL",mixed,train
tr-008_01929,tr-008,2983.704,2986.693,2.989,Good,,mixed,train
tr-008_01746,tr-008,1511.01,1513.86,2.85,Good,"TMC,SPL",mixed,train
tr-006_00897,tr-006,2780.185,2782.955,2.77,Good,TMC,mixed,test
tr-010_02441,tr-010,338.518,341.288,2.77,Good,"TMC,SPL",mixed,train
tr-009_02197,tr-009,1913.641,1916.391,2.75,Good,TMC,mixed,dev
tr-008_01781,tr-008,1762.897,1765.567,2.67,CRT-D,TMC,mixed,train
tr-006_01016,tr-006,3421.74,3424.31,2.57,Good,NSY,mixed,dev
tr-006_00749,tr-006,1942.58,1945.11,2.53,Good,TMC,mixed,train
tr-011_02874,tr-011,252.703,255.206,2.503,Good,,spanish_only,train
tr-005_00055,tr-005,429.59,432.05,2.46,MTS,TMC,mixed,
tr-008_01721,tr-008,1339.888,1342.283,2.395,EXC,BLK,,
tr-006_00956,tr-006,3101.63,3103.89,2.26,Good,TMC,mixed,train
tr-006_00679,tr-006,1430.482,1443.467,12.985,Good,TMC,mixed,train
tr-009_02362,tr-009,3315.055,3317.13,2.075,Good,"TMC,SPL",mixed,train
tr-010_02457,tr-010,460.833,479.718,18.885,CRT-D,"BLK,SPL",jehe'a,train
tr-006_00662,tr-006,1280.425,1295.895,15.47,Good,TMC,mixed,train
tr-009_01997,tr-009,20.555,25.952,5.397,MTS,NSY,jehe'a,
tr-010_02522,tr-010,900.958,905.748,4.79,MTS,SPL,mixed,
tr-010_02428,tr-010,222.413,226.93,4.517,MTS,SPL,jehe'a,
tr-008_01847,tr-008,2314.795,2319.037,4.242,Good,SPL,mixed,test
tr-010_02394,tr-010,1.81,5.92,4.11,Good,NSY,spanish_only,dev
tr-008_01863,tr-008,2458.514,2462.256,3.742,Good,SPL,mixed,test
tr-007_01505,tr-007,3420.359,3423.949,3.59,CRT-D,BLK,jehe'a,train
tr-009_02022,tr-009,206.757,210.234,3.477,Good,"NSY,SPL",mixed,train
tr-007_01242,tr-007,1285.205,1288.645,3.44,Good,,mixed,train
tr-008_01843,tr-008,2301.48,2304.876,3.396,Good,SPL,jehe'a,train
tr-008_01776,tr-008,1717.326,1720.689,3.363,Good,SPL,mixed,dev
tr-008_01889,tr-008,2647.659,2650.993,3.334,Good,TMC,jehe'a,train
tr-007_01285,tr-007,1719.76,1723.053,3.293,"CRT-D,MTS","BLK,NSY",spanish_only,
tr-008_01855,tr-008,2371.338,2374.598,3.26,Good,SPL,mixed,train
tr-008_01872,tr-008,2546.31,2549.536,3.226,Good,SPL,jehe'a,train
tr-006_01063,tr-006,3709.436,3712.491,3.055,Good,"NSY,TMC",mixed,train
tr-010_02548,tr-010,1081.248,1084.25,3.002,Good,"TMC,SPL",mixed,train
tr-010_02517,tr-010,881.608,884.523,2.915,Good,SPL,jehe'a,train
tr-011_03285,tr-011,3226.419,3229.328,2.909,MTS,NSY,spanish_only,
tr-009_02028,tr-009,250.185,253.07,2.885,Good,TMC,mixed,test
tr-007_01228,tr-007,1216.925,1219.725,2.8,Good,NSY,jehe'a,train
tr-010_02413,tr-010,128.816,131.584,2.768,Good,,jehe'a,train
tr-005_00153,tr-005,1244.695,1247.41,2.715,Good,,mixed,train
tr-005_00166,tr-005,1317.835,1320.535,2.7,MTS,TMC,mixed,
tr-007_01420,tr-007,2769.482,2772.132,2.65,Good,TMC,jehe'a,train
tr-010_02500,tr-010,773.4,776.04,2.64,Good,NSY,mixed,train
tr-008_01778,tr-008,1736.188,1738.786,2.598,CRT-D,"SPL,NSY,BLK",mixed,train
tr-010_02487,tr-010,667.46,669.978,2.518,Good,SPL,mixed,train
tr-008_01845,tr-008,2308.927,2311.414,2.487,Good,TMC,mixed,dev
tr-007_01159,tr-007,559.325,561.745,2.42,CRT-D,"SPL,BLK",mixed,train
tr-010_02547,tr-010,1077.848,1080.238,2.39,Good,"TMC,SPL",mixed,train
tr-008_01938,tr-008,3029.778,3032.163,2.385,Good,SPL,mixed,train
tr-007_01302,tr-007,1865.653,1867.973,2.32,Good,SPL,mixed,train
tr-011_02870,tr-011,199.542,201.838,2.296,EXC,,,
tr-008_01735,tr-008,1448.586,1450.866,2.28,Good,,mixed,dev
tr-006_01037,tr-006,3541.62,3543.81,2.19,Good,"TMC,SPL",mixed,train
tr-009_02070,tr-009,691.61,693.78,2.17,CRT-D,BLK,guarani_only,train
tr-009_02208,tr-009,1995.921,1998.081,2.16,CRT-A,TMC,mixed,train
tr-008_01988,tr-008,3381.387,3383.506,2.119,Good,"SPL,NSY",mixed,train
tr-007_01239,tr-007,1268.77,1270.84,2.07,Good,TMC,mixed,train
tr-008_01827,tr-008,2129.56,2131.56,2,CRT-A,TMC,mixed,train
tr-005_00156,tr-005,1256.93,1273.155,16.225,EXC,"NSY,NCT",,
tr-009_02341,tr-009,3119.895,3124.48,4.585,Good,TMC,jehe'a,train
tr-009_02094,tr-009,943.42,947.665,4.245,Good,"SPL,NSY",mixed,train
tr-006_01010,tr-006,3381.58,3385.35,3.77,Good,"SPL,NSY",mixed,train
tr-007_01449,tr-007,2972.497,2976.092,3.595,MTS,NSY,mixed,
tr-009_02312,tr-009,2804.333,2807.816,3.483,Good,NSY,spanish_only,train
tr-009_02007,tr-009,110.248,113.614,3.366,Good,"SPL,NSY",mixed,test
tr-008_01741,tr-008,1489.67,1492.983,3.313,Good,SPL,mixed,train
tr-009_02209,tr-009,1998.475,2001.721,3.246,Good,TMC,spanish_only,dev
tr-008_01802,tr-008,1957.842,1961.033,3.191,MTS,"BCO,SPL",jehe'a,
tr-005_00041,tr-005,330.08,333.11,3.03,Good,,mixed,train
tr-008_01666,tr-008,899.985,908.567,8.582,MTS,"BCO,TMC,NSY",jehe'a,
tr-007_01258,tr-007,1484.523,1487.473,2.95,CRT-D,BLK,mixed,train
tr-008_01956,tr-008,3168.7,3171.618,2.918,MTS,"TMC,SPL",mixed,
tr-010_02444,tr-010,347.908,350.813,2.905,MTS,TMC,mixed,
tr-008_01813,tr-008,2029.002,2031.756,2.754,Good,NSY,mixed,dev
tr-008_01743,tr-008,1497.788,1500.437,2.649,Good,SPL,mixed,train
tr-006_00893,tr-006,2763.245,2765.795,2.55,Good,,jehe'a,train
tr-006_00786,tr-006,2112.2,2114.67,2.47,Good,,mixed,train
tr-006_00659,tr-006,1267.135,1269.505,2.37,CRT-D,,spanish_only,train
tr-006_00976,tr-006,3197.45,3199.76,2.31,Good,TMC,mixed,train
tr-010_02759,tr-010,2606.588,2608.824,2.236,Good,,spanish_only,train
tr-005_00260,tr-005,2053.581,2055.721,2.14,Good,TMC,mixed,train
tr-008_01871,tr-008,2542.397,2544.53,2.133,Good,SPL,mixed,train
tr-010_02740,tr-010,2484.67,2486.79,2.12,EXC,TMC,,
tr-011_03194,tr-011,2618.427,2620.487,2.06,Good,,spanish_only,train
tr-005_00383,tr-005,3100.316,3102.361,2.045,EXC,BCO,,
tr-006_00863,tr-006,2587.855,2589.865,2.01,Good,SPL,mixed,train
tr-005_00054,tr-005,415.295,429.51,14.215,EXC,"BLK,TMC",,
tr-008_01856,tr-008,2376.004,2381.064,5.06,Good,SPL,jehe'a,train
tr-005_00376,tr-005,3066.616,3071.151,4.535,MTS,,jehe'a,
tr-008_01551,tr-008,27.684,31.852,4.168,Good,SPL,mixed,dev
tr-008_01976,tr-008,3314.437,3318.493,4.056,Good,,mixed,dev
tr-008_01877,tr-008,2583.053,2586.87,3.817,Good,SPL,mixed,train
tr-008_01816,tr-008,2072.276,2075.806,3.53,Good,"TMC,SPL",mixed,train
tr-006_00871,tr-006,2645.8,2649.185,3.385,Good,NSY,mixed,train
tr-007_01398,tr-007,2590.967,2594.277,3.31,Good,,mixed,test
tr-008_01891,tr-008,2656.418,2659.511,3.093,Good,,jehe'a,train
tr-006_00997,tr-006,3299.78,3302.77,2.99,Good,SPL,jehe'a,train
tr-006_00973,tr-006,3187.645,3190.605,2.96,Good,,mixed,train
tr-005_00085,tr-005,642.4,645.265,2.865,"MTS,CRT-D",,mixed,
tr-006_00996,tr-006,3296.518,3299.265,2.747,Good,TMC,mixed,test
tr-011_02848,tr-011,18.815,21.48,2.665,Good,TMC,mixed,train
tr-007_01529,tr-007,3621.134,3623.724,2.59,Good,,mixed,train
tr-006_00669,tr-006,1327.615,1330.165,2.55,Good,,spanish_only,train
tr-007_01523,tr-007,3561.294,3563.814,2.52,Good,,jehe'a,train
tr-010_02475,tr-010,603.028,605.458,2.43,Good,TMC,jehe'a,train
tr-010_02491,tr-010,688.375,690.79,2.415,Good,"TMC,SPL",jehe'a,train
tr-005_00010,tr-005,102.18,120.45,18.27,CRT-D,BCO,mixed,test
tr-010_02412,tr-010,126.478,128.816,2.338,Good,SPL,mixed,train
tr-006_00966,tr-006,3148.22,3150.525,2.305,Good,,mixed,dev
tr-010_02821,tr-010,3116.841,3119.136,2.295,Good,,spanish_only,train
tr-009_02355,tr-009,3239.547,3241.784,2.237,CRT-D,NSY,spanish_only,train
tr-009_02056,tr-009,552.62,554.855,2.235,Good,SPL,mixed,train
tr-005_00097,tr-005,772.205,774.335,2.13,Good,,mixed,train
tr-010_02496,tr-010,749.603,751.673,2.07,Good,SPL,mixed,train
tr-008_01947,tr-008,3080.264,3092.944,12.68,Good,SPL,jehe'a,train
tr-008_01820,tr-008,2094.61,2096.614,2.004,CRT-A,,mixed,train
tr-005_00411,tr-005,3354.181,3356.181,2,Good,TMC,mixed,train
tr-007_01476,tr-007,3237.734,3253.064,15.33,MTS,TMC,mixed,
tr-008_01811,tr-008,2020.449,2025.001,4.552,Good,SPL,mixed,train
tr-007_01249,tr-007,1326.25,1329.963,3.713,Good,,jehe'a,train
tr-008_01748,tr-008,1518.07,1521.397,3.327,Good,,jehe'a,train
tr-005_00313,tr-005,2447.881,2451.471,3.59,Good,TMC,guarani_only,train
tr-005_00354,tr-005,2870.071,2872.961,2.89,Good,,mixed,train
tr-005_00386,tr-005,3116.756,3119.906,3.15,EXC,"BCO,NCT",,
tr-005_00399,tr-005,3269.491,3272.081,2.59,Good,TMC,jehe'a,train
tr-005_00116,tr-005,971.075,973.49,2.415,Good,"TMC,SPL",jehe'a,train
tr-005_00404,tr-005,3308.196,3312.076,3.88,Good,TMC,jehe'a,train
tr-005_00400,tr-005,3272.421,3275.851,3.43,Good,TMC,jehe'a,train
tr-005_00216,tr-005,1776.576,1779.196,2.62,Good,TMC,mixed,train
tr-005_00094,tr-005,739.345,753.85,14.505,"CRT-D,MTS","BLK,NSY,TMC",jehe'a,
tr-005_00135,tr-005,1136.215,1139.95,3.735,EXC,BLK,,
tr-005_00375,tr-005,3063.726,3066.456,2.73,Good,TMC,mixed,train
tr-005_00204,tr-005,1672.376,1693.376,21,"CRT-A,MTS",,jehe'a,
tr-005_00200,tr-005,1636.455,1639.365,2.91,Good,,jehe'a,train
tr-005_00014,tr-005,157.485,160.04,2.555,Good,NSY,spanish_only,train
tr-005_00277,tr-005,2156.831,2158.941,2.11,CRT-D,TMC,mixed,train
tr-005_00310,tr-005,2432.201,2435.181,2.98,Good,,jehe'a,train
tr-005_00353,tr-005,2864.936,2867.611,2.675,CRT-D,TMC,mixed,train
tr-005_00334,tr-005,2721.651,2723.871,2.22,Good,,jehe'a,train
tr-005_00217,tr-005,1779.196,1781.526,2.33,Good,,mixed,train
tr-010_02507,tr-010,821.3,823.533,2.233,Good,,guarani_only,train
tr-010_02467,tr-010,540.223,542.253,2.03,Good,,jehe'a,train
tr-008_01878,tr-008,2587.563,2589.569,2.006,EXC,,,
tr-006_00998,tr-006,3303.015,3306.475,3.46,Good,,guarani_only,train
tr-007_01208,tr-007,1032.395,1035.245,2.85,Good,,guarani_only,test
tr-009_02064,tr-009,643.66,646.37,2.71,Good,,unknown,
tr-005_00207,tr-005,1701.386,1703.916,2.53,Good,,guarani_only,test
tr-009_02037,tr-009,352.97,355.364,2.394,Good,,guarani_only,train
tr-005_00028,tr-005,237.93,240.27,2.34,CRT-D,,spanish_only,dev
tr-005_00038,tr-005,294.62,296.94,2.32,EXC,,,
tr-010_02783,tr-010,2811.815,2814.125,2.31,Good,,mixed,train
tr-010_02787,tr-010,2855.035,2857.325,2.29,Good,,spanish_only,train
tr-009_02184,tr-009,1788.95,1791.22,2.27,Good,,spanish_only,train
tr-006_00477,tr-006,163.16,165.42,2.26,Good,,spanish_only,train
tr-011_02945,tr-011,757.51,759.714,2.204,Good,,spanish_only,train
tr-011_03231,tr-011,2844.28,2846.458,2.178,Good,,jehe'a,train
tr-006_00929,tr-006,2946.825,2948.985,2.16,Good,,spanish_only,train
tr-008_01893,tr-008,2677.656,2679.812,2.156,MTS,,spanish_only,
tr-011_03278,tr-011,3198.74,3200.861,2.121,Good,,spanish_only,train
tr-009_02222,tr-009,2142.553,2144.665,2.112,Good,,spanish_only,train
tr-007_01122,tr-007,237.355,239.465,2.11,Good,,spanish_only,train
tr-006_00542,tr-006,553.54,555.62,2.08,Good,NSY,spanish_only,train
tr-009_02288,tr-009,2649.86,2656.6,6.74,Good,NSY,spanish_only,train
tr-008_01657,tr-008,831.034,837.801,6.767,EXC,BLK,,
tr-007_01116,tr-007,217.695,219.695,2,Good,,spanish_only,dev
tr-008_01709,tr-008,1238.022,1245.647,7.625,Good,,spanish_only,train
tr-006_00462,tr-006,14.325,30.31,15.985,MTS,NSY,mixed,
tr-010_02612,tr-010,1497.013,1502.308,5.295,MTS,NSY,spanish_only,
tr-005_00167,tr-005,1321.55,1326.2,4.65,EXC,NSY,,
tr-006_01097,tr-006,3925.156,3931.035,5.879,EXC,NSY,,
tr-010_02627,tr-010,1608.925,1612.56,3.635,MTS,,spanish_only,
tr-009_02136,tr-009,1294.069,1297.407,3.338,Good,,spanish_only,train
tr-009_02287,tr-009,2646.42,2649.64,3.22,Good,,spanish_only,train
tr-010_02835,tr-010,3236.089,3239.286,3.197,CRT-D,BLK,spanish_only,train
tr-009_02181,tr-009,1774.73,1777.88,3.15,Good,,spanish_only,train
tr-008_01632,tr-008,647.567,650.687,3.12,Good,,spanish_only,train
tr-008_01691,tr-008,1073.24,1076.343,3.103,Good,,spanish_only,train
tr-005_00378,tr-005,3076.181,3079.231,3.05,EXC,,,
tr-010_02738,tr-010,2470.955,2473.965,3.01,CRT-A,,spanish_only,dev
tr-011_03062,tr-011,1532.43,1535.366,2.936,"MTS,CRT-D",,spanish_only,
tr-011_03042,tr-011,1362.792,1365.719,2.927,MTS,,spanish_only,
tr-005_00098,tr-005,774.455,777.365,2.91,EXC,BCO,,
tr-007_01522,tr-007,3557.904,3560.774,2.87,Good,,spanish_only,train
tr-010_02565,tr-010,1201.179,1204.01,2.831,Good,,spanish_only,train
tr-011_03143,tr-011,2238.13,2240.953,2.823,Good,,spanish_only,dev
tr-007_01491,tr-007,3345.169,3347.969,2.8,EXC,BCO,,
tr-011_03256,tr-011,3029.353,3031.8,2.447,EXC,NCT,,
tr-006_00853,tr-006,2534.39,2537.02,2.63,Good,,spanish_only,train
tr-009_02165,tr-009,1564.78,1567.365,2.585,Good,,spanish_only,train
tr-006_00543,tr-006,556.85,559.38,2.53,Good,,spanish_only,train
tr-005_00069,tr-005,502.735,505.245,2.51,Good,TMC,spanish_only,train
tr-011_03020,tr-011,1244.917,1247.405,2.488,Good,,spanish_only,train
tr-005_00274,tr-005,2141.411,2143.881,2.47,Good,,spanish_only,train
tr-011_02930,tr-011,663.869,666.321,2.452,Good,,spanish_only,train
tr-006_00968,tr-006,3155.23,3157.658,2.428,MTS,TMC,spanish_only,
tr-008_01604,tr-008,485.062,487.472,2.41,Good,,spanish_only,train
tr-011_03048,tr-011,1401.419,1403.824,2.405,CRT-D,,spanish_only,train
tr-011_03187,tr-011,2568.197,2570.554,2.357,EXC,,,
tr-008_01586,tr-008,318.957,321.297,2.34,EXC,,,
tr-007_01230,tr-007,1227.07,1229.39,2.32,Good,,spanish_only,train
tr-006_00559,tr-006,633.79,636.09,2.3,Good,,spanish_only,train
tr-011_02912,tr-011,508.912,511.212,2.3,Good,USR,spanish_only,train
tr-008_01767,tr-008,1655.559,1657.845,2.286,Good,,spanish_only,train
tr-006_00954,tr-006,3094.78,3097.052,2.272,Good,,spanish_only,train
tr-011_03084,tr-011,1723.379,1725.634,2.255,MTS,,spanish_only,
tr-006_00610,tr-006,902.51,904.76,2.25,Good,TMC,spanish_only,train
tr-006_00525,tr-006,431.19,433.41,2.22,Good,TMC,spanish_only,train
tr-010_02613,tr-010,1502.388,1504.593,2.205,CRT-D,,spanish_only,train
tr-006_00658,tr-006,1264.62,1266.82,2.2,Good,,spanish_only,train
tr-006_00965,tr-006,3144.78,3146.97,2.19,Good,,spanish_only,train
tr-010_02663,tr-010,1901.325,1903.485,2.16,Good,,spanish_only,train
tr-007_01454,tr-007,2991.887,2994.037,2.15,EXC,,,
tr-006_00576,tr-006,715.16,717.26,2.1,MTS,BCO,spanish_only,
tr-011_03198,tr-011,2639.993,2642.075,2.082,Good,,spanish_only,train
tr-006_00829,tr-006,2409.695,2411.765,2.07,Good,,spanish_only,train
tr-009_02235,tr-009,2235.13,2237.17,2.04,Good,,spanish_only,dev
tr-010_02767,tr-010,2657.95,2659.99,2.04,CRT-D,,spanish_only,train
tr-011_03214,tr-011,2719.055,2721.084,2.029,CRT-D,BLK,spanish_only,train
tr-005_00030,tr-005,251.04,253.06,2.02,CRT-D,,spanish_only,dev
tr-006_00884,tr-006,2698.655,2706.345,7.69,Good,,spanish_only,train
tr-006_00536,tr-006,523.27,528.23,4.96,Good,,spanish_only,train
tr-005_00093,tr-005,734.685,739.26,4.575,CRT-A,,spanish_only,train
tr-005_00409,tr-005,3346.531,3350.951,4.42,EXC,,,
tr-009_02177,tr-009,1722.385,1726.306,3.921,MTS,,spanish_only,
tr-008_01635,tr-008,659.595,663.476,3.881,MTS,,spanish_only,
tr-010_02608,tr-010,1460.758,1467.333,6.575,MTS,,spanish_only,
tr-006_00588,tr-006,783.86,787.41,3.55,CRT-A,,spanish_only,train
tr-010_02806,tr-010,3013.666,3017.076,3.41,Good,TMC,spanish_only,train
tr-010_02649,tr-010,1801.615,1804.98,3.365,Good,,spanish_only,train
tr-011_03279,tr-011,3201.908,3205.143,3.235,EXC,,,
tr-005_00036,tr-005,286.82,289.95,3.13,Good,TMC,spanish_only,train
tr-011_02921,tr-011,566.312,569.312,3,Good,,spanish_only,train
tr-009_02154,tr-009,1456.947,1459.859,2.912,Good,,spanish_only,train
tr-009_02129,tr-009,1247.782,1250.647,2.865,MTS,,spanish_only,
tr-011_02894,tr-011,351.622,354.462,2.84,Good,,spanish_only,train
tr-005_00163,tr-005,1303.485,1306.285,2.8,Good,,spanish_only,train
tr-006_00840,tr-006,2465.945,2468.705,2.76,Good,,mixed,train
tr-008_01645,tr-008,739.11,741.825,2.715,Good,,spanish_only,dev
tr-006_01096,tr-006,3920.276,3922.911,2.635,Good,,spanish_only,train
tr-007_01118,tr-007,221.95,224.52,2.57,Good,,spanish_only,train
tr-005_00101,tr-005,782.5,785.03,2.53,MTS,,spanish_only,
tr-008_01569,tr-008,169.746,172.211,2.465,Good,,spanish_only,train
tr-010_02799,tr-010,2983.2,2985.632,2.432,Good,,spanish_only,dev
tr-009_02292,tr-009,2670.174,2672.58,2.406,Good,,spanish_only,train
tr-011_03014,tr-011,1216.571,1218.95,2.379,Good,,spanish_only,train
tr-008_01607,tr-008,494.322,496.687,2.365,Good,,spanish_only,train
tr-005_00042,tr-005,333.33,335.68,2.35,Good,,spanish_only,train
tr-010_02844,tr-010,3318.782,3321.127,2.345,Good,,spanish_only,train
tr-006_00849,tr-006,2515.31,2517.65,2.34,Good,,spanish_only,train
tr-006_00783,tr-006,2083.91,2086.21,2.3,Good,,spanish_only,dev
tr-006_00697,tr-006,1592.07,1594.36,2.29,Good,TMC,spanish_only,train
tr-007_01264,tr-007,1522.233,1524.507,2.274,Good,,spanish_only,train
tr-006_01028,tr-006,3509.905,3512.175,2.27,Good,,spanish_only,train
tr-011_03126,tr-011,2125.809,2128.059,2.25,Good,,spanish_only,train
tr-010_02792,tr-010,2882.633,2884.879,2.246,Good,,spanish_only,train
tr-010_02831,tr-010,3189.321,3191.561,2.24,MTS,,spanish_only,
tr-007_01322,tr-007,2071.598,2073.798,2.2,Good,,spanish_only,train
tr-011_03019,tr-011,1241.666,1243.841,2.175,Good,,spanish_only,train
tr-005_00388,tr-005,3125.091,3127.261,2.17,MTS,,spanish_only,
tr-006_00781,tr-006,2076.89,2079.05,2.16,Good,,spanish_only,train
tr-005_00117,tr-005,973.495,975.645,2.15,Good,,spanish_only,train
tr-005_00039,tr-005,297.005,299.145,2.14,Good,TMC,spanish_only,train
tr-006_00815,tr-006,2321.915,2328.092,6.177,Good,,spanish_only,train
tr-006_00767,tr-006,2030.72,2033.21,2.49,Good,TMC,spanish_only,train
tr-006_00546,tr-006,567.92,570.34,2.42,Good,,spanish_only,train
tr-006_00496,tr-006,265.92,268.3,2.38,Good,,spanish_only,train
tr-007_01355,tr-007,2283.158,2289.858,6.7,Good,TMC,spanish_only,train
tr-009_02101,tr-009,989.6,991.864,2.264,MTS,,spanish_only,
tr-006_00854,tr-006,2537.24,2539.47,2.23,Good,,spanish_only,dev
tr-006_01088,tr-006,3880.756,3882.906,2.15,Good,,spanish_only,train
tr-009_02083,tr-009,811.211,822.612,11.401,MTS,,spanish_only,
tr-009_02327,tr-009,2914.52,2924.634,10.114,"CRT-A,MTS",BCO,mixed,
tr-006_00913,tr-006,2844.705,2852.845,8.14,Good,,spanish_only,train
tr-010_02724,tr-010,2378.765,2384.125,5.36,CRT-A,NSY,spanish_only,train
tr-009_02178,tr-009,1729.77,1734.221,4.451,MTS,NSY,spanish_only,
tr-010_02602,tr-010,1427.673,1432.061,4.388,Good,,spanish_only,train
tr-006_00865,tr-006,2594.195,2598.15,3.955,Good,,spanish_only,train
tr-008_01914,tr-008,2871.32,2875.185,3.865,Good,,spanish_only,train
tr-011_03163,tr-011,2344.668,2348.482,3.814,Good,,spanish_only,train
tr-006_00519,tr-006,409.49,413.18,3.69,Good,,spanish_only,train
tr-005_00065,tr-005,484.3,487.9,3.6,Good,,spanish_only,dev
tr-008_01614,tr-008,545.855,549.435,3.58,Good,,spanish_only,train
tr-010_02676,tr-010,1996.8,2000.31,3.51,MTS,BCO,spanish_only,
tr-011_03168,tr-011,2375.082,2378.524,3.442,CRT-D,BLK,spanish_only,train
tr-009_02133,tr-009,1279.407,1282.782,3.375,Good,,spanish_only,train
tr-005_00016,tr-005,163.515,166.825,3.31,Good,,spanish_only,train
tr-006_00790,tr-006,2129.59,2132.88,3.29,Good,,spanish_only,train
tr-005_00150,tr-005,1233.05,1236.31,3.26,Good,,mixed,train
tr-007_01393,tr-007,2563.182,2566.432,3.25,Good,,spanish_only,train
tr-010_02777,tr-010,2772.215,2775.385,3.17,Good,,spanish_only,train
tr-006_01004,tr-006,3332.03,3335.165,3.135,Good,,spanish_only,train
tr-007_01324,tr-007,2091.768,2094.828,3.06,Good,,spanish_only,train
tr-010_02748,tr-010,2526.91,2529.93,3.02,Good,,spanish_only,train
tr-006_00609,tr-006,899.52,902.51,2.99,Good,,spanish_only,train
tr-006_00768,tr-006,2033.21,2036.18,2.97,Good,,mixed,train
tr-010_02642,tr-010,1735.115,1738.06,2.945,Good,,spanish_only,train
tr-006_00545,tr-006,564.5,567.41,2.91,Good,,spanish_only,train
tr-011_03027,tr-011,1275.874,1278.756,2.882,Good,,mixed,train
tr-005_00003,tr-005,51.225,54.065,2.84,Good,,spanish_only,dev
tr-006_00603,tr-006,877.35,880.16,2.81,Good,TMC,spanish_only,dev
tr-007_01447,tr-007,2966.092,2968.882,2.79,Good,,spanish_only,train
tr-009_02307,tr-009,2776.32,2779.06,2.74,MTS,,spanish_only,
tr-011_03068,tr-011,1601.699,1604.36,2.661,CRT-D,BLK,spanish_only,train
tr-008_01570,tr-008,172.211,181.895,9.684,MTS,,spanish_only,
tr-011_02972,tr-011,923.648,926.229,2.581,Good,,spanish_only,train
tr-006_00695,tr-006,1581.02,1583.59,2.57,CRT-A,,spanish_only,train
tr-006_00797,tr-006,2196.51,2199.05,2.54,Good,,spanish_only,train
tr-006_00835,tr-006,2437.165,2439.665,2.5,Good,,spanish_only,train
tr-010_02779,tr-010,2791.1,2793.579,2.479,Good,,spanish_only,train
tr-011_03216,tr-011,2726.036,2728.505,2.469,EXC,BLK,,
tr-011_03250,tr-011,2986.162,2988.569,2.407,CRT-D,BLK,spanish_only,train
tr-011_02931,tr-011,666.799,669.196,2.397,Good,,spanish_only,train
tr-011_03228,tr-011,2824.522,2826.854,2.332,Good,,spanish_only,train
tr-011_02969,tr-011,893.334,895.66,2.326,Good,,spanish_only,train
tr-005_00061,tr-005,460.85,467.435,6.585,MTS,,spanish_only,
tr-008_01716,tr-008,1307.088,1309.377,2.289,EXC,,,
tr-009_02290,tr-009,2661.631,2663.872,2.241,Good,,spanish_only,train
tr-005_00271,tr-005,2123.076,2125.306,2.23,"MTS,CRT-A",,mixed,
tr-011_03149,tr-011,2258.339,2260.535,2.196,Good,,spanish_only,train
tr-007_01509,tr-007,3437.574,3439.754,2.18,Good,,spanish_only,dev
tr-009_02223,tr-009,2145.099,2147.265,2.166,Good,NSY,spanish_only,train
tr-008_01708,tr-008,1234.847,1236.987,2.14,Good,,spanish_only,train
tr-010_02566,tr-010,1204.01,1206.114,2.104,Good,,spanish_only,train
tr-011_03113,tr-011,2019.347,2021.397,2.05,CRT-A,,spanish_only,train
tr-006_00882,tr-006,2687.01,2694.14,7.13,Good,,mixed,train
tr-010_02735,tr-010,2446.331,2453.885,7.554,Good,NSY,spanish_only,train
tr-008_01753,tr-008,1549.401,1557.791,8.39,Good,,spanish_only,train
tr-005_00152,tr-005,1239.69,1244.69,5,Good,,spanish_only,train
tr-007_01300,tr-007,1853.958,1858.448,4.49,EXC,"NSY,BLK",,
tr-010_02717,tr-010,2312.316,2316.574,4.258,Good,,spanish_only,train
tr-010_02731,tr-010,2425.117,2429.29,4.173,Good,,spanish_only,train
tr-006_01049,tr-006,3618.938,3622.875,3.937,Good,,spanish_only,train
tr-010_02657,tr-010,1848.28,1852.12,3.84,Good,,spanish_only,train
tr-009_02378,tr-009,3557.405,3561.205,3.8,MTS,,spanish_only,
tr-007_01360,tr-007,2313.993,2317.733,3.74,Good,,spanish_only,train
tr-008_01699,tr-008,1146.76,1150.425,3.665,CRT-D,,spanish_only,train
tr-009_02183,tr-009,1783.13,1786.72,3.59,Good,NSY,mixed,train
tr-011_02896,tr-011,363.887,367.427,3.54,CRT-D,,spanish_only,train
tr-005_00066,tr-005,488.065,491.55,3.485,CRT-D,BLK,spanish_only,train
tr-007_01193,tr-007,909.37,912.8,3.43,Good,,spanish_only,dev
tr-007_01200,tr-007,994.18,997.6,3.42,Good,,spanish_only,train
tr-006_00617,tr-006,937.77,941.155,3.385,Good,,spanish_only,train
tr-010_02692,tr-010,2111.65,2114.985,3.335,MTS,,mixed,
tr-008_01723,tr-008,1358.52,1361.759,3.239,Good,,spanish_only,train
tr-010_02728,tr-010,2408.325,2411.515,3.19,Good,,spanish_only,train
tr-010_02766,tr-010,2654.87,2657.95,3.08,Good,,spanish_only,train
tr-009_02198,tr-009,1916.721,1919.776,3.055,Good,,spanish_only,train
tr-010_02693,tr-010,2115.225,2118.245,3.02,"CRT-A,MTS",,spanish_only,
tr-010_02770,tr-010,2680.959,2683.96,3.001,Good,,spanish_only,train
tr-010_02793,tr-010,2884.879,2887.815,2.936,Good,TMC,spanish_only,dev
tr-006_01027,tr-006,3506.98,3509.9,2.92,Good,,spanish_only,train
tr-010_02762,tr-010,2623.085,2625.944,2.859,"MTS,CRT-A",,spanish_only,
tr-008_01683,tr-008,1011.191,1014.036,2.845,MTS,,spanish_only,
tr-006_00787,tr-006,2114.68,2117.48,2.8,Good,,spanish_only,train
tr-005_00222,tr-005,1798.786,1801.546,2.76,EXC,BLK,,
tr-011_03013,tr-011,1213.82,1216.571,2.751,Good,,spanish_only,train
tr-009_02295,tr-009,2680.449,2683.16,2.711,Good,,spanish_only,train
tr-006_00564,tr-006,653.79,656.49,2.7,CRT-A,,spanish_only,dev
tr-006_00743,tr-006,1870.06,1872.74,2.68,Good,,spanish_only,train
tr-005_00343,tr-005,2783.316,2785.991,2.675,EXC,BCO,,
tr-010_02669,tr-010,1974.525,1977.19,2.665,MTS,,spanish_only,
tr-010_02570,tr-010,1221.689,1224.323,2.634,Good,,spanish_only,dev
tr-011_03023,tr-011,1259.344,1261.944,2.6,Good,,spanish_only,train
tr-006_00467,tr-006,60.215,62.8,2.585,Good,,spanish_only,train
tr-007_01318,tr-007,2055.983,2058.563,2.58,Good,,spanish_only,train
tr-006_00556,tr-006,624.25,626.8,2.55,Good,,spanish_only,train
tr-011_02938,tr-011,711.499,714.049,2.55,Good,,spanish_only,train
tr-010_02641,tr-010,1732.585,1735.115,2.53,CRT-A,,spanish_only,dev
tr-006_00493,tr-006,255.002,257.492,2.49,Good,,spanish_only,train
tr-007_01121,tr-007,234.655,237.125,2.47,Good,,spanish_only,train
tr-011_03245,tr-011,2957.958,2962.114,4.156,Good,TMC,mixed,dev
tr-005_00170,tr-005,1336.93,1339.335,2.405,EXC,BCO,,
tr-006_00608,tr-006,897.13,899.52,2.39,Good,,spanish_only,dev
tr-010_02562,tr-010,1185.013,1187.363,2.35,Good,,spanish_only,train
tr-007_01127,tr-007,256.26,258.56,2.3,Good,,spanish_only,train
tr-008_01727,tr-008,1386.836,1389.112,2.276,EXC,BLK,,
tr-008_01903,tr-008,2756.92,2759.187,2.267,Good,,spanish_only,train
tr-007_01117,tr-007,219.73,221.95,2.22,CRT-D,BLK,spanish_only,train
tr-005_00015,tr-005,160.54,162.7,2.16,Good,,spanish_only,train
tr-009_02375,tr-009,3499.705,3501.829,2.124,Good,,spanish_only,dev
tr-011_03028,tr-011,1278.756,1280.846,2.09,CRT-A,,spanish_only,train
tr-006_00941,tr-006,3014.25,3016.31,2.06,Good,,spanish_only,train
tr-008_01690,tr-008,1071.026,1073.042,2.016,Good,,spanish_only,train
tr-011_02981,tr-011,972.119,979.639,7.52,MTS,TMC,spanish_only,
tr-006_00664,tr-006,1301.87,1309.86,7.99,Good,,spanish_only,train
tr-010_02769,tr-010,2676.109,2680.725,4.616,MTS,,spanish_only,
tr-008_01672,tr-008,939.835,944.415,4.58,EXC,BCO,,
tr-011_02933,tr-011,673.615,677.689,4.074,Good,,spanish_only,train
tr-008_01596,tr-008,399.226,403.19,3.964,MTS,,spanish_only,
tr-006_00776,tr-006,2060.44,2064.38,3.94,Good,,spanish_only,train
tr-006_00845,tr-006,2491.895,2495.82,3.925,Good,,spanish_only,dev
tr-009_02311,tr-009,2790.233,2794.024,3.791,CRT-D,,spanish_only,train
tr-005_00048,tr-005,380.97,384.64,3.67,CRT-A,,spanish_only,train
tr-011_03197,tr-011,2636.411,2639.993,3.582,Good,,spanish_only,train
tr-009_02321,tr-009,2867.669,2871.24,3.571,Good,,spanish_only,train
tr-006_01089,tr-006,3884.386,3887.946,3.56,Good,NSY,spanish_only,train
tr-006_00730,tr-006,1801.02,1804.54,3.52,Good,,spanish_only,train
tr-008_01765,tr-008,1642.711,1646.146,3.435,CRT-D,BLK,spanish_only,train
tr-008_01633,tr-008,651.322,654.712,3.39,Good,,spanish_only,train
tr-005_00020,tr-005,179.42,182.78,3.36,Good,,spanish_only,train
tr-011_02942,tr-011,735.564,738.817,3.253,Good,,spanish_only,train
tr-011_02988,tr-011,1021.349,1024.589,3.24,EXC,USR,,
tr-006_01080,tr-006,3804.696,3807.856,3.16,Good,,spanish_only,train
tr-009_02229,tr-009,2178.944,2182.05,3.106,Good,NSY,spanish_only,train
tr-008_01756,tr-008,1566.671,1569.732,3.061,Good,,spanish_only,train
tr-006_00988,tr-006,3250.735,3253.727,2.992,Good,,spanish_only,train
tr-005_00300,tr-005,2313.091,2316.081,2.99,Good,TMC,spanish_only,train
tr-006_00729,tr-006,1797.48,1800.41,2.93,Good,,spanish_only,train
tr-006_01053,tr-006,3654.045,3656.935,2.89,Good,TMC,spanish_only,train
tr-006_01058,tr-006,3673.935,3676.735,2.8,Good,,spanish_only,train
tr-006_00908,tr-006,2825.225,2828.015,2.79,Good,TMC,spanish_only,train
tr-007_01404,tr-007,2623.847,2626.612,2.765,CRT-D,BLK,spanish_only,train
tr-010_02734,tr-010,2443.145,2445.899,2.754,Good,,spanish_only,train
tr-010_02673,tr-010,1988.985,1991.695,2.71,Good,TMC,spanish_only,train
tr-008_01658,tr-008,837.801,840.466,2.665,Good,,spanish_only,dev
tr-006_00497,tr-006,268.66,271.29,2.63,Good,,spanish_only,train
tr-009_02294,tr-009,2677.18,2679.766,2.586,Good,,spanish_only,train
tr-010_02571,tr-010,1224.693,1227.218,2.525,Good,,spanish_only,train
tr-009_02230,tr-009,2182.05,2187.065,5.015,Good,NSY,spanish_only,train
tr-008_01568,tr-008,164.308,169.746,5.438,CRT-A,,spanish_only,train
tr-009_02272,tr-009,2506.57,2509.022,2.452,Good,,spanish_only,train
tr-006_00633,tr-006,1029.07,1031.483,2.413,Good,TMC,spanish_only,train
tr-010_02670,tr-010,1977.595,1979.965,2.37,Good,TMC,spanish_only,train
tr-006_00983,tr-006,3223.135,3225.925,2.79,Good,,mixed,train
tr-006_00869,tr-006,2629.105,2631.865,2.76,Good,TMC,spanish_only,train
tr-005_00032,tr-005,266.355,268.98,2.625,CRT-D,"BLK,TMC",spanish_only,train
tr-011_03077,tr-011,1695.559,1698.054,2.495,Good,TMC,mixed,train
tr-006_00875,tr-006,2660.31,2662.72,2.41,Good,,mixed,train
tr-009_02267,tr-009,2474.299,2476.622,2.323,Good,TMC,spanish_only,train
tr-008_01787,tr-008,1818.337,1820.642,2.305,Good,TMC,spanish_only,train
tr-006_00800,tr-006,2208.52,2221.82,13.3,Good,TMC,mixed,train
tr-010_02482,tr-010,640.608,646.188,5.58,Good,,mixed,train
tr-010_02451,tr-010,383.223,388.438,5.215,MTS,"SPL,NSY",mixed,
tr-010_02400,tr-010,29.725,34.28,4.555,Good,"SPL,NSY",mixed,train
tr-008_01974,tr-008,3298.483,3302.945,4.462,CRT-D,"BLK,TMC",mixed,train
tr-008_01990,tr-008,3393.249,3397.633,4.384,Good,"SPL,TMC",jehe'a,train
tr-010_02396,tr-010,12.49,16.615,4.125,Good,"SPL,TMC,NSY",mixed,train
tr-009_02061,tr-009,624.705,628.6,3.895,MTS,"SPL,TMC",mixed,
tr-008_01917,tr-008,2896.083,2899.889,3.806,Good,,jehe'a,dev
tr-007_01168,tr-007,637.02,640.7,3.68,Good,,jehe'a,train
tr-008_01983,tr-008,3358.716,3361.986,3.27,"MTS,CRT-D","BLK,SPL,TMC",jehe'a,
tr-009_02010,tr-009,124.321,127.545,3.224,Good,NSY,mixed,train
tr-007_01245,tr-007,1299.88,1303.03,3.15,Good,,mixed,train
tr-011_02853,tr-011,55.885,66.26,10.375,EXC,,,
tr-010_02542,tr-010,1059.918,1062.858,2.94,Good,,jehe'a,train
tr-006_00549,tr-006,580.57,583.36,2.79,Good,,mixed,train
tr-007_01236,tr-007,1253.625,1256.395,2.77,Good,TMC,jehe'a,train
tr-009_02079,tr-009,780.306,783.073,2.767,Good,"TMC,SPL",mixed,dev
tr-010_02477,tr-010,609.633,612.35,2.717,EXC,,,
tr-005_00193,tr-005,1600.735,1603.335,2.6,Good,,mixed,train
tr-006_01076,tr-006,3791.696,3794.266,2.57,Good,,mixed,train
tr-007_01326,tr-007,2106.083,2108.613,2.53,Good,TMC,jehe'a,train
tr-007_01414,tr-007,2747.666,2750.147,2.481,MTS,,mixed,
tr-010_02814,tr-010,3086.287,3088.716,2.429,Good,,mixed,train
tr-005_00381,tr-005,3092.091,3094.436,2.345,Good,"TMC,NSY",mixed,train
tr-008_01853,tr-008,2351.21,2353.417,2.207,Good,TMC,mixed,test
tr-007_01417,tr-007,2758.957,2761.042,2.085,CRT-D,"BLK,TMC",mixed,train
tr-008_01693,tr-008,1080.128,1098.968,18.84,EXC,,,
tr-008_01651,tr-008,767.799,782.437,14.638,EXC,,,
tr-009_02051,tr-009,460.193,466.105,5.912,MTS,"SPL,TMC",mixed,
tr-008_01886,tr-008,2621.356,2626.331,4.975,CRT-A,"TMC,SPL",mixed,train
tr-008_01817,tr-008,2075.986,2080.596,4.61,Good,,mixed,train
tr-007_01442,tr-007,2918.127,2922.567,4.44,Good,,mixed,train
tr-010_02545,tr-010,1068.773,1072.983,4.21,CRT-A,,mixed,test
tr-007_01406,tr-007,2629.642,2633.387,3.745,CRT-D,BLK,mixed,train
tr-010_02503,tr-010,782.498,786.12,3.622,Good,SPL,jehe'a,train
tr-010_02476,tr-010,606.113,609.628,3.515,MTS,TMC,jehe'a,
tr-008_01992,tr-008,3406.555,3410.03,3.475,Good,TMC,jehe'a,train
tr-007_01536,tr-007,3671.969,3675.399,3.43,Good,"TMC,SPL",jehe'a,dev
tr-009_02337,tr-009,3092.775,3096.139,3.364,Good,"NSY,TMC",mixed,train
tr-007_01102,tr-007,46.985,50.34,3.355,MTS,"TMC,NSY",mixed,
tr-010_02493,tr-010,716.553,719.858,3.305,Good,TMC,jehe'a,train
tr-008_01799,tr-008,1938.375,1941.648,3.273,Good,TMC,mixed,dev
tr-005_00387,tr-005,3121.106,3124.346,3.24,Good,TMC,mixed,train
tr-011_03162,tr-011,2341.371,2344.516,3.145,Good,,mixed,train
tr-007_01348,tr-007,2228.963,2232.013,3.05,Good,,mixed,test
tr-007_01260,tr-007,1494.828,1497.803,2.975,Good,,mixed,train
tr-011_03241,tr-011,2946.173,2949.083,2.91,Good,TMC,spanish_only,dev
tr-005_00197,tr-005,1619.93,1622.815,2.885,CRT-D,BLK,mixed,train
tr-008_01798,tr-008,1934.82,1937.7,2.88,CRT-D,"BLK,SPL",mixed,test
tr-011_03069,tr-011,1604.494,1615.634,11.14,EXC,BCO,,
tr-006_00953,tr-006,3091.04,3093.76,2.72,Good,TMC,mixed,train
tr-006_00841,tr-006,2469.045,2471.75,2.705,Good,,mixed,train
tr-010_02647,tr-010,1779.055,1781.71,2.655,Good,,mixed,train
tr-010_02485,tr-010,658.59,661.24,2.65,Good,SPL,jehe'a,train
tr-006_00550,tr-006,584.48,587.08,2.6,Good,,spanish_only,train
tr-007_01210,tr-007,1039.92,1042.49,2.57,Good,,jehe'a,train
tr-007_01352,tr-007,2274.348,2276.848,2.5,Good,,mixed,train
tr-009_02096,tr-009,963.63,966.091,2.461,Good,SPL,mixed,train
tr-007_01436,tr-007,2879.136,2881.555,2.419,Good,TMC,spanish_only,train
tr-008_01809,tr-008,2000.928,2003.316,2.388,MTS,TMC,mixed,
tr-007_01371,tr-007,2421.763,2424.128,2.365,Good,"TMC,SPL",mixed,train
tr-006_00811,tr-006,2303.695,2306.005,2.31,Good,,mixed,train
tr-009_02118,tr-009,1166.865,1169.152,2.287,Good,NSY,mixed,dev
tr-006_00880,tr-006,2681.3,2683.565,2.265,Good,,mixed,train
tr-009_02098,tr-009,975.83,978.02,2.19,Good,"NSY,SPL",mixed,dev
tr-006_01007,tr-006,3348.715,3350.875,2.16,Good,"TMC,SPL",mixed,train
tr-005_00121,tr-005,1030.06,1032.18,2.12,Good,TMC,mixed,train
tr-006_01032,tr-006,3523.7,3525.805,2.105,Good,TMC,mixed,train
tr-008_01828,tr-008,2132.254,2134.315,2.061,Good,SPL,jehe'a,train
tr-005_00187,tr-005,1550.555,1565.49,14.935,CRT-D,BLK,mixed,train
tr-010_02479,tr-010,617.808,622.703,4.895,MTS,SPL,mixed,
tr-009_02062,tr-009,628.86,633.31,4.45,CRT-D,SPL,jehe'a,train
tr-008_01920,tr-008,2912.473,2916.461,3.988,EXC,,,
tr-007_01153,tr-007,530.28,533.98,3.7,CRT-A,,jehe'a,train
tr-006_00967,tr-006,3151.245,3154.835,3.59,Good,,mixed,train
tr-009_02075,tr-009,735.482,738.85,3.368,"MTS,CRT-A",,mixed,
tr-010_02443,tr-010,344.573,347.908,3.335,Good,"SPL,NSY",jehe'a,dev
tr-008_01930,tr-008,2987.463,2990.738,3.275,Good,SPL,jehe'a,train
tr-007_01353,tr-007,2277.313,2280.525,3.212,EXC,NCT,,
tr-008_01883,tr-008,2608.742,2611.925,3.183,Good,"SPL,TMC",mixed,train
tr-010_02449,tr-010,373.308,376.308,3,Good,,mixed,train
tr-007_01252,tr-007,1346.365,1349.335,2.97,Good,TMC,mixed,train
tr-010_02811,tr-010,3047.091,3050.021,2.93,MTS,,mixed,
tr-008_01936,tr-008,3022.913,3025.818,2.905,Good,"TMC,SPL",jehe'a,train
tr-007_01304,tr-007,1871.018,1873.848,2.83,Good,,mixed,train
tr-007_01411,tr-007,2720.217,2722.877,2.66,Good,,mixed,train
tr-007_01517,tr-007,3508.164,3510.749,2.585,MTS,TMC,jehe'a,
tr-008_01993,tr-008,3410.03,3412.536,2.506,EXC,,,
tr-010_02521,tr-010,898.498,900.958,2.46,Good,SPL,mixed,dev
tr-010_02540,tr-010,1021.858,1024.183,2.325,Good,"TMC,SPL",jehe'a,train
tr-008_01818,tr-008,2081.02,2083.298,2.278,"MTS,CRT-A",,mixed,
tr-005_00007,tr-005,81.65,83.81,2.16,Good,,spanish_only,train
tr-006_00943,tr-006,3021.41,3023.55,2.14,Good,TMC,jehe'a,train
tr-008_01826,tr-008,2126.388,2128.508,2.12,Good,SPL,jehe'a,train
tr-006_01044,tr-006,3594.1,3596.17,2.07,Good,TMC,mixed,train
tr-008_01779,tr-008,1738.979,1741.034,2.055,CRT-A,,mixed,train
tr-007_01112,tr-007,198.42,200.46,2.04,MTS,"TMC,NSY",mixed,
tr-006_00777,tr-006,2064.38,2066.38,2,Good,,mixed,train
tr-010_02778,tr-010,2775.555,2790.55,14.995,Good,TMC,spanish_only,train
tr-009_02058,tr-009,589.65,594.56,4.91,Good,SPL,mixed,train
tr-008_01928,tr-008,2979.008,2983.334,4.326,Good,TMC,jehe'a,train
tr-009_02316,tr-009,2835.586,2839.747,4.161,Good,"NSY,TMC",mixed,train
tr-010_02721,tr-010,2354.555,2358.403,3.848,Good,NSY,mixed,train
tr-007_01524,tr-007,3563.879,3567.449,3.57,Good,TMC,jehe'a,train
tr-008_01742,tr-008,1492.983,1496.498,3.515,CRT-D,,jehe'a,test
tr-008_01937,tr-008,3026.465,3029.778,3.313,Good,,guarani_only,test
tr-005_00298,tr-005,2305.381,2308.641,3.26,Good,"NSY,TMC",mixed,train
tr-008_01648,tr-008,750.936,754.026,3.09,Good,,mixed,train
tr-007_01474,tr-007,3205.849,3208.824,2.975,MTS,,mixed,
tr-010_02474,tr-010,600.143,603.028,2.885,CRT-A,TMC,jehe'a,train
tr-006_00949,tr-006,3077.265,3080.075,2.81,Good,TMC,jehe'a,train
tr-007_01391,tr-007,2556.532,2559.272,2.74,CRT-D,BLK,mixed,train
tr-008_01888,tr-008,2644.473,2647.086,2.613,EXC,,,
tr-006_00721,tr-006,1724.88,1727.45,2.57,Good,NSY,jehe'a,train
tr-006_00763,tr-006,2007.49,2010.02,2.53,Good,NSY,mixed,train
tr-007_01472,tr-007,3194.829,3197.319,2.49,Good,NSY,mixed,train
tr-011_03105,tr-011,1961.489,1963.909,2.42,EXC,,,
tr-008_01747,tr-008,1514.547,1516.947,2.4,Good,TMC,jehe'a,train
tr-011_02903,tr-011,400.815,403.16,2.345,Good,,mixed,train
tr-010_02544,tr-010,1065.44,1067.768,2.328,MTS,TMC,mixed,
tr-008_01749,tr-008,1522.007,1524.307,2.3,Good,TMC,jehe'a,train
tr-006_01036,tr-006,3538.87,3541.14,2.27,Good,,mixed,train
tr-007_01387,tr-007,2533.442,2535.677,2.235,MTS,,mixed,
tr-007_01232,tr-007,1236.615,1238.845,2.23,Good,,jehe'a,train
tr-007_01303,tr-007,1868.628,1870.758,2.13,EXC,TMC,,
tr-005_00372,tr-005,3050.166,3052.226,2.06,Good,TMC,jehe'a,train
tr-006_00886,tr-006,2717.435,2719.455,2.02,Good,TMC,mixed,train
tr-008_01932,tr-008,2997.52,2999.524,2.004,Good,,jehe'a,train
tr-005_00072,tr-005,523.71,538.645,14.935,EXC,TMC,,
tr-008_01854,tr-008,2353.681,2370.438,16.757,MTS,TMC,jehe'a,
tr-010_02446,tr-010,353.188,357.031,3.843,Good,TMC,mixed,train
tr-008_01895,tr-008,2681.831,2685.287,3.456,EXC,TMC,,
tr-010_02478,tr-010,614.088,617.278,3.19,Good,SPL,mixed,train
tr-005_00214,tr-005,1766.291,1770.041,3.75,Good,TMC,jehe'a,train
tr-005_00237,tr-005,1901.951,1905.461,3.51,Good,,mixed,dev
tr-005_00196,tr-005,1614.54,1618.905,4.365,Good,"TMC,NSY",jehe'a,train
tr-005_00177,tr-005,1448.44,1451.345,2.905,EXC,BLK,,
tr-005_00366,tr-005,3016.436,3019.006,2.57,Good,TMC,mixed,train
tr-006_00887,tr-006,2719.77,2722.16,2.39,Good,TMC,guarani_only,train
tr-005_00242,tr-005,1922.201,1925.991,3.79,Good,TMC,unknown,
tr-005_00226,tr-005,1819.116,1821.806,2.69,Good,,jehe'a,train
tr-005_00112,tr-005,919.795,921.905,2.11,Good,TMC,jehe'a,train
tr-010_02531,tr-010,960.25,964.02,3.77,Good,,jehe'a,test
tr-005_00321,tr-005,2540.371,2543.851,3.48,Good,TMC,mixed,train
tr-005_00410,tr-005,3351.686,3353.986,2.3,CRT-A,,mixed,train
tr-005_00389,tr-005,3127.361,3131.671,4.31,Good,TMC,jehe'a,train
tr-005_00299,tr-005,2308.911,2311.541,2.63,Good,,jehe'a,train
tr-005_00013,tr-005,154.415,156.67,2.255,MTS,,guarani_only,
tr-005_00219,tr-005,1786.701,1788.771,2.07,Good,,jehe'a,train
tr-005_00134,tr-005,1133.465,1136.215,2.75,CRT-D,BLK,jehe'a,train
tr-005_00412,tr-005,3356.496,3359.146,2.65,CRT-A,,jehe'a,train
tr-005_00267,tr-005,2099.936,2102.036,2.1,Good,"TMC,NSY",jehe'a,test
tr-009_02359,tr-009,3253.738,3255.975,2.237,Good,,guarani_only,test
tr-009_02013,tr-009,140.725,142.819,2.094,MTS,,guarani_only,
tr-007_01389,tr-007,2545.619,2547.642,2.023,MTS,TMC,guarani_only,
tr-009_02008,tr-009,113.889,118.96,5.071,MTS,"TMC,NSY",jehe'a,
tr-009_02017,tr-009,181.189,184.055,2.866,"CRT-D,MTS",BLK,guarani_only,
tr-010_02423,tr-010,194.43,197.34,2.91,EXC,BLK,,
tr-008_01812,tr-008,2025.198,2028.886,3.688,Good,,jehe'a,train
tr-009_02351,tr-009,3203.445,3205.865,2.42,EXC,BLK,,
tr-011_03079,tr-011,1706.649,1708.659,2.01,Good,NSY,spanish_only,train
tr-007_01131,tr-007,273.685,275.685,2,Good,NSY,spanish_only,train
tr-009_02245,tr-009,2325,2332.78,7.78,"MTS,CRT-D","NSY,TMC",spanish_only,
tr-009_02164,tr-009,1554.84,1563.773,8.933,Good,NSY,spanish_only,train
tr-010_02615,tr-010,1516.433,1520.518,4.085,MTS,,spanish_only,
tr-005_00009,tr-005,97.015,100.555,3.54,Good,,spanish_only,train
tr-007_01392,tr-007,2559.487,2562.807,3.32,Good,,spanish_only,train
tr-005_00160,tr-005,1284.365,1287.59,3.225,Good,NSY,spanish_only,train
tr-005_00060,tr-005,457.765,460.835,3.07,MTS,TMC,spanish_only,
tr-008_01624,tr-008,596.152,599.007,2.855,EXC,BLK,,
tr-006_00575,tr-006,711.47,714.28,2.81,Good,NSY,mixed,train
tr-008_01715,tr-008,1304.404,1307.088,2.684,CRT-A,NSY,spanish_only,train
tr-010_02674,tr-010,1991.715,1994.316,2.601,Good,,spanish_only,train
tr-006_00561,tr-006,639.88,642.34,2.46,Good,,spanish_only,train
tr-010_02597,tr-010,1391.688,1394.073,2.385,Good,TMC,spanish_only,train
tr-011_03243,tr-011,2952.743,2955.033,2.29,Good,,spanish_only,train
tr-005_00043,tr-005,335.815,338.065,2.25,Good,,spanish_only,train
tr-008_01646,tr-008,742.752,744.972,2.22,Good,NSY,mixed,train
tr-009_02122,tr-009,1198.48,1200.665,2.185,Good,,spanish_only,dev
tr-006_01093,tr-006,3904.236,3906.391,2.155,Good,,spanish_only,train
tr-005_00130,tr-005,1099.92,1102.06,2.14,Good,,spanish_only,train
tr-007_01307,tr-007,1894.619,1896.745,2.126,Good,NSY,spanish_only,train
tr-010_02622,tr-010,1557.445,1559.552,2.107,Good,,spanish_only,train
tr-008_01653,tr-008,797.886,802.79,4.904,"CRT-D,MTS","BLK,TMC",mixed,
tr-011_03044,tr-011,1380.119,1382.209,2.09,Good,,spanish_only,test
tr-010_02668,tr-010,1972.225,1974.295,2.07,MTS,,spanish_only,
tr-007_01349,tr-007,2232.153,2234.2,2.047,Good,NSY,spanish_only,train
tr-010_02698,tr-010,2146.079,2148.115,2.036,Good,,spanish_only,train
tr-008_01603,tr-008,481.1,483.12,2.02,Good,,spanish_only,dev
tr-006_00825,tr-006,2387.07,2393.71,6.64,CRT-A,TMC,spanish_only,train
tr-006_00989,tr-006,3253.727,3261.009,7.282,Good,,spanish_only,train
tr-006_00972,tr-006,3178.435,3186.76,8.325,CRT-A,TMC,spanish_only,train
tr-011_03196,tr-011,2626.449,2635.556,9.107,MTS,BCO,mixed,
tr-009_02148,tr-009,1424.362,1429.857,5.495,MTS,NSY,spanish_only,
tr-007_01173,tr-007,692.825,697.445,4.62,MTS,,spanish_only,
tr-008_01566,tr-008,146.616,150.151,3.535,Good,NSY,spanish_only,train
tr-010_02729,tr-010,2413.485,2416.461,2.976,Good,,spanish_only,train
tr-011_03173,tr-011,2425.386,2428.147,2.761,Good,,spanish_only,train
tr-010_02763,tr-010,2625.944,2628.485,2.541,EXC,"NSY,USR",,
tr-007_01124,tr-007,242.64,245.09,2.45,EXC,BLK,,
tr-006_00725,tr-006,1753.155,1755.56,2.405,Good,,spanish_only,train
tr-006_00571,tr-006,687.7,689.9,2.2,Good,NSY,spanish_only,train
tr-010_02810,tr-010,3044.291,3046.401,2.11,Good,,spanish_only,train
tr-008_01594,tr-008,393.712,395.782,2.07,Good,,spanish_only,train
tr-009_02145,tr-009,1389.687,1395.567,5.88,Good,TMC,spanish_only,train
tr-011_03202,tr-011,2653.099,2659.274,6.175,Good,,spanish_only,train
tr-006_00614,tr-006,917.19,924.16,6.97,Good,,spanish_only,train
tr-009_02215,tr-009,2039.791,2047.136,7.345,"MTS,CRT-D",NSY,spanish_only,
tr-009_02174,tr-009,1678.805,1686.595,7.79,MTS,,spanish_only,
tr-005_00049,tr-005,387.16,396.88,9.72,Good,NSY,mixed,train
tr-009_02263,tr-009,2450.268,2455.24,4.972,EXC,NSY,,
tr-009_02214,tr-009,2036.585,2039.62,3.035,EXC,NSY,,
tr-009_02286,tr-009,2643.37,2645.86,2.49,EXC,NSY,,
tr-011_03147,tr-011,2252.06,2254.482,2.422,Good,NSY,spanish_only,train
tr-005_00155,tr-005,1253.095,1255.435,2.34,Good,,spanish_only,train
tr-008_01582,tr-008,300.071,302.25,2.179,Good,,spanish_only,train
tr-006_00494,tr-006,258.097,260.217,2.12,Good,,spanish_only,train
tr-005_00458,tr-005,3793.428,3795.438,2.01,EXC,BCO,,
tr-010_02580,tr-010,1285.349,1287.349,2,CRT-A,,spanish_only,train
tr-008_01696,tr-008,1116.412,1124.589,8.177,EXC,"BCO,NCT",,
tr-010_02837,tr-010,3247.351,3257.396,10.045,EXC,NSY,,
tr-010_02604,tr-010,1434.586,1447.9,13.314,MTS,NSY,spanish_only,
tr-008_01595,tr-008,395.787,398.801,3.014,EXC,BLK,,
tr-008_01580,tr-008,291.927,294.191,2.264,EXC,NSY,,
tr-008_01559,tr-008,94.718,96.889,2.171,EXC,NSY,,
tr-010_02607,tr-010,1457.323,1459.365,2.042,Good,,mixed,train
tr-006_00699,tr-006,1597.87,1605.34,7.47,Good,,spanish_only,dev
tr-007_01125,tr-007,245.47,253.113,7.643,Good,NSY,spanish_only,train
tr-006_00810,tr-006,2276.782,2302.66,25.878,EXC,NSY,,
tr-007_01148,tr-007,482.035,491.145,9.11,CRT-A,,spanish_only,train
tr-009_02372,tr-009,3461.472,3472.665,11.193,"MTS,CRT-A",NSY,spanish_only,
tr-011_03161,tr-011,2334.787,2341.122,6.335,Good,,spanish_only,train
tr-006_00618,tr-006,941.335,949.555,8.22,Good,TMC,spanish_only,dev
tr-006_01092,tr-006,3894.116,3903.271,9.155,Good,NSY,spanish_only,train
tr-008_01615,tr-008,550.05,555.707,5.657,Good,,spanish_only,train
tr-008_01583,tr-008,302.276,312.277,10.001,CRT-D,"BLK,TMC",spanish_only,dev
tr-009_02128,tr-009,1236.89,1247.327,10.437,MTS,NSY,spanish_only,
tr-006_01035,tr-006,3533.885,3538.87,4.985,Good,TMC,spanish_only,train
tr-008_01706,tr-008,1223.34,1230.417,7.077,"MTS,CRT-A",,spanish_only,
tr-010_02841,tr-010,3285.939,3293.896,7.957,Good,,spanish_only,train
tr-006_00572,tr-006,690.71,700.06,9.35,Good,"TMC,NSY",spanish_only,train
tr-011_03262,tr-011,3060.592,3068.093,7.501,CRT-D,"BLK,TMC",spanish_only,train
tr-009_02169,tr-009,1638.405,1647.03,8.625,MTS,,spanish_only,
tr-007_01163,tr-007,594.425,601.31,6.885,Good,"NSY,TMC",spanish_only,train
tr-011_02973,tr-011,926.502,934.824,8.322,CRT-D,,mixed,train
tr-010_02809,tr-010,3033.646,3044.291,10.645,MTS,,spanish_only,
tr-009_02140,tr-009,1328.824,1335.023,6.199,Good,"TMC,NSY",spanish_only,train
tr-005_00142,tr-005,1185.56,1193.005,7.445,MTS,TMC,spanish_only,
tr-006_00885,tr-006,2706.675,2716.53,9.855,Good,,spanish_only,train
tr-005_00022,tr-005,189.33,196.815,7.485,CRT-D,TMC,spanish_only,train
tr-011_03212,tr-011,2705.814,2715.081,9.267,CRT-D,"BLK,TMC",spanish_only,train
tr-010_02788,tr-010,2858.1,2869.215,11.115,MTS,"TMC,NSY",mixed,
tr-011_03106,tr-011,1964.593,1972.192,7.599,EXC,"BCO,NSY",,
tr-010_02586,tr-010,1327.524,1338.148,10.624,CRT-A,,spanish_only,train
tr-011_03043,tr-011,1366.213,1379.324,13.111,MTS,TMC,spanish_only,
tr-006_00844,tr-006,2480.08,2491.66,11.58,CRT-D,,spanish_only,train
tr-010_02716,tr-010,2303.015,2312.316,9.301,MTS,BCO,spanish_only,
tr-005_00451,tr-005,3711.938,3722.408,10.47,MTS,TMC,spanish_only,
tr-011_03030,tr-011,1284.959,1296.219,11.26,"CRT-D,MTS","BLK,TMC",spanish_only,
tr-006_00616,tr-006,926.51,937.21,10.7,Good,"TMC,NSY",spanish_only,train
tr-010_02659,tr-010,1858.19,1871.94,13.75,Good,"TMC,NSY",spanish_only,train
tr-009_02380,tr-009,3564.12,3573.005,8.885,CRT-A,NSY,spanish_only,train
tr-011_02861,tr-011,121.909,133.422,11.513,MTS,TMC,spanish_only,
tr-005_00450,tr-005,3700.923,3711.688,10.765,"CRT-A,MTS",,spanish_only,
tr-010_02736,tr-010,2454.41,2465.51,11.1,"CRT-D,MTS",TMC,spanish_only,
tr-010_02739,tr-010,2475.21,2484.055,8.845,CRT-A,,spanish_only,train
tr-009_02371,tr-009,3445.663,3456.776,11.113,Good,NSY,spanish_only,train
tr-007_01175,tr-007,701.725,713.395,11.67,MTS,"NSY,TMC",spanish_only,
tr-006_01014,tr-006,3401.35,3410.965,9.615,Good,TMC,spanish_only,train
tr-009_02388,tr-009,3621.242,3632.405,11.163,MTS,TMC,spanish_only,
tr-010_02585,tr-010,1316.603,1326.903,10.3,MTS,TMC,spanish_only,
tr-008_01620,tr-008,572.942,582.427,9.485,"MTS,CRT-A",,spanish_only,
tr-006_00718,tr-006,1699.25,1708.37,9.12,Good,"TMC,NSY",mixed,train
tr-009_02243,tr-009,2310.35,2320.16,9.81,MTS,NSY,spanish_only,
tr-011_02929,tr-011,652.443,663.744,11.301,"MTS,CRT-A",TMC,spanish_only,
tr-010_02743,tr-010,2495.235,2506.77,11.535,MTS,TMC,mixed,
tr-008_01656,tr-008,818.24,829.89,11.65,CRT-D,"BLK,TMC,NSY",spanish_only,train
tr-009_02151,tr-009,1437.172,1448.992,11.82,MTS,NSY,spanish_only,
tr-009_02120,tr-009,1173.29,1194.455,21.165,EXC,NSY,,
tr-011_03166,tr-011,2356.527,2368.218,11.691,EXC,"TMC,BCO",,
tr-006_01059,tr-006,3676.88,3690.19,13.31,Good,TMC,spanish_only,train
tr-006_00848,tr-006,2501.665,2514.745,13.08,Good,TMC,spanish_only,train
tr-011_03270,tr-011,3138.481,3153.163,14.682,"CRT-D,MTS","BLK,TMC",spanish_only,
tr-011_03117,tr-011,2052.93,2061.138,8.208,MTS,TMC,spanish_only,
tr-006_01021,tr-006,3452.78,3463.515,10.735,CRT-A,TMC,mixed,train
tr-011_03101,tr-011,1907.954,1920.205,12.251,"MTS,CRT-D","TMC,BCO,BLK",spanish_only,
tr-009_02255,tr-009,2379.28,2393.268,13.988,MTS,"NSY,TMC",spanish_only,
tr-008_01679,tr-008,974.48,984.541,10.061,EXC,BCO,,
tr-006_00801,tr-006,2221.9,2231.53,9.63,Good,TMC,spanish_only,train
tr-009_02179,tr-009,1734.93,1770.03,35.1,"MTS,CRT-A","NSY,TMC",spanish_only,
tr-008_01555,tr-008,50.975,64.751,13.776,EXC,"BCO,TMC,NSY",,
tr-011_02975,tr-011,939.119,954.282,15.163,Good,,spanish_only,train
tr-007_01511,tr-007,3452.109,3468.609,16.5,"CRT-A,MTS",TMC,spanish_only,
tr-011_03218,tr-011,2731.766,2746.133,14.367,EXC,"BLK,TMC",,
tr-008_01681,tr-008,988.9,998.612,9.712,"CRT-D,MTS","BLK,TMC,NSY",mixed,
tr-009_02143,tr-009,1366.964,1387.189,20.225,"MTS,CRT-A","NSY,TMC",spanish_only,
tr-006_00463,tr-006,30.69,45.155,14.465,MTS,"NSY,TMC",spanish_only,
tr-009_02390,tr-009,3647.123,3663.76,16.637,Good,"TMC,NSY",spanish_only,train
tr-008_01577,tr-008,259.592,279.855,20.263,CRT-A,TMC,spanish_only,train
tr-011_03182,tr-011,2490.851,2512.373,21.522,"MTS,CRT-D","BLK,TMC",spanish_only,
tr-009_02103,tr-009,997.063,1033.89,36.827,EXC,"NSY,TMC",,
tr-009_02167,tr-009,1607.54,1630.142,22.602,EXC,"NSY,BLK,TMC",,
tr-009_02132,tr-009,1259.327,1277.817,18.49,EXC,"BCO,TMC,BLK",,
tr-011_03254,tr-011,3002.34,3019.841,17.501,CRT-A,TMC,spanish_only,test
tr-006_00672,tr-006,1389.73,1410.542,20.812,Good,TMC,spanish_only,train
tr-010_02681,tr-010,2031.75,2050.625,18.875,CRT-A,TMC,spanish_only,train
tr-011_03085,tr-011,1726.254,1743.323,17.069,Good,"BCO,TMC",spanish_only,dev
tr-007_01178,tr-007,724.325,735.719,11.394,EXC,BCO,,
tr-011_03116,tr-011,2033.084,2052.389,19.305,"MTS,CRT-D",,spanish_only,
tr-010_02796,tr-010,2924.985,2949.795,24.81,Good,NSY,spanish_only,train
tr-011_02925,tr-011,596.197,609.37,13.173,CRT-D,TMC,spanish_only,dev
tr-009_02280,tr-009,2575.72,2597.36,21.64,MTS,TMC,spanish_only,
tr-007_01256,tr-007,1419.438,1445.258,25.82,Good,TMC,mixed,train
tr-010_02624,tr-010,1562.895,1599.168,36.273,EXC,TMC,,
tr-010_02798,tr-010,2955.455,2982.105,26.65,Good,"TMC,NSY",spanish_only,train
tr-010_02784,tr-010,2814.305,2842.81,28.505,"MTS,CRT-A",TMC,spanish_only,
tr-007_01142,tr-007,432.735,454.625,21.89,EXC,TMC,,
tr-005_00011,tr-005,120.725,150.685,29.96,"CRT-D,MTS","BLK,TMC",spanish_only,
tr-006_01087,tr-006,3853.036,3880.316,27.28,Good,"NSY,TMC",spanish_only,train
tr-011_02963,tr-011,847.299,870.879,23.58,EXC,BCO,,
tr-009_02217,tr-009,2052.045,2086.15,34.105,"CRT-A,MTS","BCO,TMC",spanish_only,
tr-011_03148,tr-011,2256.201,2258.339,2.138,Good,,spanish_only,train
tr-011_02850,tr-011,34.915,41.075,6.16,MTS,,mixed,
tr-008_01737,tr-008,1455.65,1457.75,2.1,Good,,spanish_only,train
tr-006_00792,tr-006,2136.55,2138.64,2.09,Good,,spanish_only,train
tr-006_00568,tr-006,671.76,678.02,6.26,CRT-D,BLK,mixed,train
tr-007_01439,tr-007,2893.952,2895.992,2.04,Good,,spanish_only,train
tr-006_00917,tr-006,2883.04,2885.065,2.025,Good,,spanish_only,train
tr-005_00282,tr-005,2184.291,2186.311,2.02,CRT-A,,mixed,train
tr-007_01145,tr-007,469.51,471.52,2.01,Good,,spanish_only,train
tr-005_00426,tr-005,3478.678,3486.598,7.92,Good,,spanish_only,train
tr-010_02655,tr-010,1831.205,1836.46,5.255,EXC,,,
tr-009_02104,tr-009,1035.212,1039.884,4.672,MTS,NSY,spanish_only,
tr-010_02638,tr-010,1716.245,1722.05,5.805,Good,NSY,spanish_only,train
tr-009_02161,tr-009,1532.667,1536.602,3.935,Good,NCT,spanish_only,train
tr-007_01171,tr-007,685.165,688.76,3.595,Good,,spanish_only,train
tr-006_00905,tr-006,2813.12,2816.66,3.54,Good,,spanish_only,train
tr-009_02293,tr-009,2673.191,2676.483,3.292,Good,,spanish_only,train
tr-006_00864,tr-006,2590.385,2593.495,3.11,Good,,spanish_only,train
tr-005_00081,tr-005,617.79,620.81,3.02,Good,,spanish_only,train
tr-008_01631,tr-008,643.052,646.007,2.955,Good,,spanish_only,dev
tr-005_00380,tr-005,3089.166,3092.046,2.88,Good,,spanish_only,train
tr-008_01711,tr-008,1250.532,1253.207,2.675,CRT-D,BLK,spanish_only,train
tr-009_02283,tr-009,2634.494,2637.144,2.65,Good,,spanish_only,train
tr-008_01636,tr-008,663.546,666.156,2.61,Good,,spanish_only,train
tr-007_01136,tr-007,340.145,342.745,2.6,Good,,spanish_only,train
tr-010_02598,tr-010,1394.178,1396.724,2.546,Good,BCO,spanish_only,train
tr-010_02732,tr-010,2431.18,2433.698,2.518,Good,,spanish_only,train
tr-011_02962,tr-011,844.744,847.249,2.505,Good,,spanish_only,train
tr-009_02116,tr-009,1157.165,1159.65,2.485,Good,,spanish_only,train
tr-010_02577,tr-010,1256.453,1258.924,2.471,Good,,spanish_only,train
tr-010_02601,tr-010,1424.663,1427.09,2.427,Good,,spanish_only,train
tr-006_00665,tr-006,1310.61,1313,2.39,Good,,spanish_only,train
tr-010_02830,tr-010,3186.311,3188.676,2.365,EXC,,,
tr-011_03146,tr-011,2248.466,2250.794,2.328,Good,,spanish_only,train
tr-009_02357,tr-009,3244.979,3247.297,2.318,MTS,,spanish_only,
tr-010_02606,tr-010,1455.013,1457.323,2.31,Good,,spanish_only,train
tr-009_02127,tr-009,1234.41,1236.65,2.24,CRT-D,BLK,spanish_only,train
tr-005_00100,tr-005,779.665,781.88,2.215,Good,NSY,spanish_only,train
tr-008_01601,tr-008,472.178,474.375,2.197,Good,,spanish_only,dev
tr-010_02625,tr-010,1599.168,1601.341,2.173,Good,,spanish_only,train
tr-006_00808,tr-006,2259.51,2261.659,2.149,EXC,,,
tr-007_01354,tr-007,2280.525,2282.658,2.133,Good,,spanish_only,train
tr-011_03249,tr-011,2983.899,2985.998,2.099,Good,TMC,spanish_only,train
tr-005_00318,tr-005,2518.446,2520.526,2.08,Good,,spanish_only,train
tr-010_02745,tr-010,2513.27,2515.32,2.05,Good,,spanish_only,train
tr-006_00980,tr-006,3213.075,3215.095,2.02,Good,,spanish_only,train
tr-008_01986,tr-008,3369.389,3372.348,2.959,Good,NSY,mixed,train
tr-007_01315,tr-007,2008.703,2011.573,2.87,Good,,jehe'a,train
tr-006_00716,tr-006,1689.55,1692.19,2.64,Good,USR,mixed,train
tr-005_00356,tr-005,2895.726,2898.356,2.63,Good,,mixed,train
tr-007_01500,tr-007,3394.414,3396.944,2.53,MTS,,mixed,
tr-008_01941,tr-008,3046.302,3048.794,2.492,Good,,mixed,train
tr-007_01405,tr-007,2626.747,2629.207,2.46,Good,,jehe'a,train
tr-008_01972,tr-008,3292.66,3295.059,2.399,Good,USR,mixed,train
tr-007_01337,tr-007,2183.378,2185.698,2.32,CRT-D,BLK,mixed,train
tr-006_00939,tr-006,2997.36,2999.665,2.305,Good,,mixed,train
tr-008_01684,tr-008,1014.036,1016.34,2.304,Good,,spanish_only,dev
tr-006_00627,tr-006,997.845,1000.135,2.29,Good,,mixed,train
tr-009_02006,tr-009,107.793,110.034,2.241,CRT-D,BLK,mixed,train
tr-008_01957,tr-008,3172.618,3174.827,2.209,Good,,mixed,train
tr-005_00335,tr-005,2723.946,2726.146,2.2,Good,,mixed,train
tr-010_02421,tr-010,187.241,189.435,2.194,MTS,,mixed,
tr-005_00224,tr-005,1808.041,1810.201,2.16,Good,,mixed,train
tr-007_01332,tr-007,2145.773,2147.923,2.15,Good,,mixed,train
tr-008_01901,tr-008,2714.888,2716.96,2.072,MTS,,jehe'a,
tr-009_02025,tr-009,229.108,231.145,2.037,Good,,jehe'a,train
tr-007_01191,tr-007,900.68,902.68,2,Good,,mixed,train
tr-007_01323,tr-007,2074.103,2090.818,16.715,MTS,,mixed,
tr-008_01926,tr-008,2969.602,2973.246,3.644,Good,,mixed,train
tr-009_02041,tr-009,385.317,388.685,3.368,Good,,mixed,train
tr-009_02350,tr-009,3198.768,3202.023,3.255,Good,,jehe'a,dev
tr-009_02021,tr-009,203.722,206.736,3.014,Good,NSY,mixed,train
tr-008_01900,tr-008,2711.799,2714.373,2.574,Good,,jehe'a,train
tr-007_01373,tr-007,2434.043,2436.473,2.43,Good,,jehe'a,train
tr-005_00136,tr-005,1140.035,1142.415,2.38,Good,,mixed,train
tr-010_02812,tr-010,3050.326,3052.671,2.345,Good,,mixed,dev
tr-008_01922,tr-008,2920.548,2922.803,2.255,Good,,jehe'a,dev
tr-005_00027,tr-005,225.76,237.815,12.055,MTS,,mixed,
tr-010_02452,tr-010,389.228,391.268,2.04,Good,,mixed,train
tr-008_01921,tr-008,2917.5,2920.448,2.948,Good,,jehe'a,train
tr-011_02991,tr-011,1050.474,1052.482,2.008,MTS,,mixed,
tr-008_01694,tr-008,1098.968,1112.336,13.368,MTS,,mixed,
tr-006_00933,tr-006,2961,2977.715,16.715,Good,,mixed,train
tr-008_01933,tr-008,2999.69,3001.896,2.206,Good,,jehe'a,dev
tr-007_01546,tr-007,3738.369,3739.248,0.879,Good,,spanish_only,train
tr-006_00598,tr-006,840.905,856.23,15.325,Good,,mixed,train
tr-009_02221,tr-009,2127.556,2142.55,14.994,Good,,mixed,train
tr-006_00469,tr-006,82.685,99.235,16.55,Good,,jehe'a,train
tr-006_00822,tr-006,2361.315,2375.84,14.525,Good,,mixed,train
tr-011_02895,tr-011,354.462,363.887,9.425,Good,,jehe'a,train
tr-008_01952,tr-008,3127.172,3142.338,15.166,MTS,,jehe'a,
tr-011_02877,tr-011,263.627,277.955,14.328,MTS,,mixed,
tr-008_01722,tr-008,1342.283,1357.705,15.422,MTS,,mixed,
tr-011_03229,tr-011,2827.789,2840.806,13.017,Good,,jehe'a,train
tr-007_01151,tr-007,506.76,525.17,18.41,Good,,mixed,train
tr-009_02114,tr-009,1135.558,1153.993,18.435,Good,,spanish_only,train
tr-009_02054,tr-009,499.728,547.579,47.851,MTS,NSY,jehe'a,
tr-009_02086,tr-009,834.708,854.797,20.089,MTS,,mixed,
tr-006_01071,tr-006,3755.791,3775.486,19.695,Good,,jehe'a,train
tr-006_00940,tr-006,2999.875,3012.9,13.025,Good,,jehe'a,train
tr-008_01964,tr-008,3219.627,3232.1,12.473,CRT-D,BLK,jehe'a,train
tr-009_02142,tr-009,1349.855,1366.767,16.912,Good,,spanish_only,train
tr-010_02492,tr-010,690.79,716.553,25.763,MTS,,jehe'a,
tr-007_01141,tr-007,413.42,432,18.58,MTS,,jehe'a,
tr-008_01951,tr-008,3104.347,3126.848,22.501,MTS,,mixed,
tr-007_01098,tr-007,7.33,33.49,26.16,MTS,NSY,jehe'a,
tr-011_02911,tr-011,496.477,508.912,12.435,MTS,,mixed,
tr-008_01612,tr-008,523.25,539.61,16.36,MTS,,mixed,
tr-008_01662,tr-008,859.959,875.19,15.231,MTS,,jehe'a,
tr-007_01160,tr-007,562.08,577.705,15.625,CRT-D,BLK,mixed,train
tr-011_03264,tr-011,3077.949,3084,6.051,CRT-D,BLK,mixed,train
tr-006_01068,tr-006,3730.696,3748.921,18.225,CRT-A,,mixed,train
tr-008_01704,tr-008,1191.998,1213.27,21.272,MTS,,mixed,
tr-011_03221,tr-011,2754.479,2770.763,16.284,CRT-D,BLK,mixed,train
tr-007_01427,tr-007,2809.612,2826.972,17.36,Good,,mixed,test
tr-009_02218,tr-009,2087.065,2101.826,14.761,CRT-A,,jehe'a,train
tr-007_01374,tr-007,2436.633,2464.523,27.89,Good,,jehe'a,train
tr-007_01495,tr-007,3360.629,3378.059,17.43,MTS,,jehe'a,
tr-011_02996,tr-011,1075.731,1083.074,7.343,MTS,,spanish_only,
tr-011_02982,tr-011,980.276,999.149,18.873,MTS,,mixed,
tr-005_00089,tr-005,665.3,692.145,26.845,MTS,,mixed,
tr-009_02091,tr-009,884.633,918.782,34.149,Good,NSY,jehe'a,train
tr-008_01868,tr-008,2496.557,2532.288,35.731,Good,,jehe'a,dev
tr-007_01254,tr-007,1359.845,1386.518,26.673,MTS,,jehe'a,
tr-011_02923,tr-011,573.572,592.732,19.16,MTS,,mixed,
tr-007_01464,tr-007,3078.63,3101.684,23.054,Good,,jehe'a,train
tr-007_01443,tr-007,2923.802,2942.197,18.395,MTS,,jehe'a,
tr-007_01109,tr-007,136.575,164.515,27.94,Good,,jehe'a,train
tr-009_02260,tr-009,2410.188,2437.98,27.792,MTS,,mixed,
tr-007_01298,tr-007,1823.528,1847.678,24.15,CRT-D,BLK,jehe'a,dev
tr-008_01832,tr-008,2171.547,2201.777,30.23,MTS,,jehe'a,
tr-009_02057,tr-009,555.655,588.745,33.09,Good,,jehe'a,train
tr-006_00468,tr-006,62.8,82.35,19.55,MTS,,mixed,
tr-008_01909,tr-008,2804.959,2841.414,36.455,MTS,,jehe'a,
tr-005_00326,tr-005,2570.046,2591.016,20.97,Good,,jehe'a,train
tr-011_02916,tr-011,527.044,547.321,20.277,Good,,mixed,train
tr-009_02166,tr-009,1567.835,1595.117,27.282,Good,,jehe'a,train
tr-011_03010,tr-011,1175.68,1194.729,19.049,Good,,spanish_only,train
tr-009_02192,tr-009,1873.316,1895.648,22.332,MTS,,mixed,
tr-011_02970,tr-011,896.169,910.095,13.926,Good,,mixed,train
tr-005_00180,tr-005,1470.505,1492.01,21.505,MTS,BCO,mixed,
tr-006_00944,tr-006,3023.975,3046.65,22.675,Good,,jehe'a,train
tr-009_02233,tr-009,2204.965,2228.72,23.755,Good,,jehe'a,dev
tr-009_02330,tr-009,2964.94,2988.476,23.536,MTS,,spanish_only,
tr-007_01179,tr-007,735.719,773.5,37.781,MTS,,jehe'a,
tr-006_00785,tr-006,2090.03,2111.56,21.53,Good,,jehe'a,dev
tr-011_02971,tr-011,910.119,923.402,13.283,MTS,BCO,mixed,
tr-010_02813,tr-010,3053.081,3086.287,33.206,MTS,BCO,mixed,
tr-006_01023,tr-006,3466.72,3487.56,20.84,Good,,spanish_only,train
tr-011_03094,tr-011,1802.863,1825.454,22.591,MTS,BCO,mixed,
tr-009_02364,tr-009,3322.251,3356.466,34.215,MTS,,jehe'a,
tr-008_01697,tr-008,1124.589,1143.735,19.146,CRT-D,BLK,mixed,train
tr-007_01290,tr-007,1757.953,1792.548,34.595,MTS,,jehe'a,
tr-011_03050,tr-011,1407.248,1427.754,20.506,MTS,,jehe'a,
tr-005_00045,tr-005,340.545,372.305,31.76,Good,,mixed,train
tr-007_01255,tr-007,1386.543,1418.768,32.225,MTS,,jehe'a,
tr-011_03076,tr-011,1672.844,1695.287,22.443,MTS,,mixed,
tr-006_01038,tr-006,3543.81,3571.795,27.985,Good,,mixed,train
tr-008_01795,tr-008,1882.345,1916.188,33.843,MTS,,jehe'a,
tr-010_02541,tr-010,1024.71,1059.918,35.208,MTS,BCO,jehe'a,
tr-007_01520,tr-007,3521.159,3552.279,31.12,MTS,,jehe'a,
tr-009_02333,tr-009,3015.762,3068.696,52.934,MTS,NSY,jehe'a,
tr-007_01140,tr-007,383.81,412.67,28.86,MTS,,jehe'a,
tr-007_01475,tr-007,3208.904,3237.654,28.75,Good,,mixed,train
tr-005_00129,tr-005,1075.48,1098.915,23.435,MTS,BCO,mixed,
tr-008_01562,tr-008,104.125,127.897,23.772,MTS,BCO,mixed,
tr-008_01713,tr-008,1270.05,1298.54,28.49,CRT-D,BLK,mixed,train
tr-009_02377,tr-009,3518.045,3557.253,39.208,MTS,,spanish_only,
tr-011_03103,tr-011,1925.49,1953.408,27.918,Good,,mixed,train
tr-007_01139,tr-007,359.62,383.715,24.095,MTS,,jehe'a,
tr-011_03096,tr-011,1828.318,1852.007,23.689,MTS,,mixed,
tr-011_03093,tr-011,1778.469,1802.863,24.394,MTS,,mixed,
tr-008_01902,tr-008,2716.993,2756.297,39.304,MTS,,jehe'a,
tr-007_01170,tr-007,647.95,684.938,36.988,MTS,,jehe'a,
tr-005_00454,tr-005,3740.208,3772.333,32.125,MTS,BCO,mixed,
tr-007_01312,tr-007,1946.808,1995.403,48.595,Good,,mixed,train
tr-009_02368,tr-009,3381.528,3438.263,56.735,CRT-D,BLK,jehe'a,train
tr-011_03067,tr-011,1565.515,1601.699,36.184,CRT-D,BLK,spanish_only,train
tr-006_00472,tr-006,109.635,146.86,37.225,CRT-D,BLK,spanish_only,train
tr-008_01786,tr-008,1779.685,1818.337,38.652,MTS,,mixed,
tr-005_00171,tr-005,1339.52,1395.865,56.345,MTS,NSY,mixed,
tr-006_00646,tr-006,1122.275,1162.83,40.555,Good,,jehe'a,train
tr-006_00796,tr-006,2156.43,2196.18,39.75,Good,,mixed,train
tr-006_00745,tr-006,1878.65,1927.31,48.66,Good,,jehe'a,train
tr-006_00670,tr-006,1330.165,1384.025,53.86,Good,,jehe'a,dev
tr-007_01410,tr-007,2644.992,2720.112,75.12,CRT-D,BLK,jehe'a,train
tr-005_00332,tr-005,2698.891,2717.036,18.145,CRT-D,BLK,jehe'a,train
tr-005_00303,tr-005,2342.116,2363.871,21.755,MTS,,jehe'a,
tr-005_00202,tr-005,1644.785,1664.326,19.541,Good,,mixed,train
tr-005_00393,tr-005,3165.631,3182.721,17.09,MTS,,mixed,
tr-005_00305,tr-005,2368.791,2389.216,20.425,MTS,,jehe'a,
tr-005_00111,tr-005,891.735,919.79,28.055,MTS,BCO,mixed,
tr-005_00327,tr-005,2591.731,2612.751,21.02,MTS,,jehe'a,
tr-005_00024,tr-005,201.02,218.495,17.475,EXC,"BCO,NSY",,
tr-005_00424,tr-005,3459.491,3471.783,12.292,CRT-D,BLK,jehe'a,train
tr-005_00423,tr-005,3445.981,3459.071,13.09,Good,,jehe'a,train
tr-005_00443,tr-005,3621.823,3646.463,24.64,MTS,,mixed,
tr-005_00362,tr-005,2968.221,2999.096,30.875,MTS,,jehe'a,
tr-005_00073,tr-005,538.8,564.985,26.185,MTS,NSY,jehe'a,
tr-005_00314,tr-005,2451.691,2481.606,29.915,MTS,,jehe'a,
tr-005_00113,tr-005,921.915,950.525,28.61,CRT-D,BLK,jehe'a,dev
tr-005_00341,tr-005,2750.596,2775.381,24.785,CRT-D,BLK,jehe'a,train
tr-005_00331,tr-005,2672.401,2698.396,25.995,CRT-D,BLK,jehe'a,train
tr-005_00090,tr-005,692.98,720.325,27.345,MTS,BCO,jehe'a,
tr-005_00175,tr-005,1404.045,1434.86,30.815,MTS,,jehe'a,
tr-009_02332,tr-009,3013.4,3015.762,2.362,Good,,unknown,
tr-008_01942,tr-008,3048.794,3050.854,2.06,Good,,guarani_only,train
tr-007_01478,tr-007,3259.939,3262.734,2.795,EXC,,,
tr-009_02363,tr-009,3317.401,3321.939,4.538,Good,,jehe'a,train
tr-010_02461,tr-010,494.053,497.953,3.9,Good,,guarani_only,train
tr-007_01539,tr-007,3701.304,3706.324,5.02,Good,,jehe'a,dev
tr-008_01912,tr-008,2856.376,2860.991,4.615,Good,,guarani_only,train
tr-010_02447,tr-010,357.031,366.185,9.154,CRT-D,BLK,jehe'a,train
tr-006_00762,tr-006,2004.59,2006.59,2,Good,,spanish_only,train
tr-011_03024,tr-011,1262.189,1269.119,6.93,Good,,spanish_only,train
tr-006_00836,tr-006,2440.63,2449.195,8.565,Good,,spanish_only,train
tr-007_01508,tr-007,3432.424,3436.939,4.515,Good,,spanish_only,dev
tr-009_02309,tr-009,2782.14,2785.681,3.541,Good,,spanish_only,train
tr-009_02106,tr-009,1055.787,1059.124,3.337,Good,,spanish_only,train
tr-006_00558,tr-006,630.52,633.79,3.27,Good,,spanish_only,train
tr-006_00911,tr-006,2837.48,2840.555,3.075,Good,,spanish_only,train
tr-010_02593,tr-010,1375.298,1378.237,2.939,Good,,spanish_only,train
tr-010_02757,tr-010,2596.895,2599.745,2.85,Good,,spanish_only,train
tr-007_01402,tr-007,2611.682,2614.452,2.77,Good,,spanish_only,train
tr-005_00004,tr-005,54.38,57.035,2.655,Good,,spanish_only,train
tr-007_01407,tr-007,2634.212,2636.692,2.48,Good,,spanish_only,train
tr-006_00480,tr-006,173.655,176.045,2.39,Good,,spanish_only,train
tr-010_02660,tr-010,1872.045,1874.41,2.365,Good,,spanish_only,train
tr-010_02575,tr-010,1246.198,1248.458,2.26,Good,,spanish_only,train
tr-007_01306,tr-007,1892.378,1894.618,2.24,Good,,spanish_only,train
tr-009_02308,tr-009,2779.06,2781.249,2.189,Good,,spanish_only,train
tr-007_01541,tr-007,3711.569,3713.753,2.184,Good,,spanish_only,train
tr-009_02158,tr-009,1491.237,1493.392,2.155,MTS,,spanish_only,
tr-007_01498,tr-007,3388.419,3390.559,2.14,Good,,spanish_only,train
tr-010_02582,tr-010,1306.353,1308.474,2.121,Good,,spanish_only,train
tr-011_03277,tr-011,3196.646,3198.74,2.094,Good,,spanish_only,test
tr-006_00890,tr-006,2751.02,2753.11,2.09,Good,,spanish_only,train
tr-006_00460,tr-006,1.81,3.88,2.07,Good,,spanish_only,train
tr-005_00127,tr-005,1064.415,1069.025,4.61,MTS,,spanish_only,
tr-011_02869,tr-011,197.372,199.412,2.04,Good,,spanish_only,train
tr-006_00580,tr-006,731.12,733.15,2.03,Good,,spanish_only,train
tr-007_01273,tr-007,1567.793,1569.803,2.01,Good,,spanish_only,train
tr-010_02650,tr-010,1805.13,1811.803,6.673,MTS,NSY,spanish_only,
tr-005_00459,tr-005,3795.618,3796.803,1.185,Good,,spanish_only,dev
tr-011_03035,tr-011,1317.274,1325.744,8.47,Good,,spanish_only,train
tr-010_02564,tr-010,1190.763,1200.389,9.626,Good,,spanish_only,train
tr-009_02000,tr-009,57.353,62.068,4.715,CRT-A,,spanish_only,train
tr-010_02720,tr-010,2349.245,2353.015,3.77,Good,,spanish_only,dev
tr-005_00008,tr-005,85.445,95.955,10.51,Good,,mixed,train
tr-008_01560,tr-008,96.889,99.669,2.78,Good,,spanish_only,train
tr-010_02672,tr-010,1984.93,1987.545,2.615,Good,,spanish_only,train
tr-005_00019,tr-005,176.58,179.07,2.49,Good,,spanish_only,train
tr-006_01069,tr-006,3749.871,3752.316,2.445,Good,,spanish_only,train
tr-009_02204,tr-009,1953.842,1956.098,2.256,Good,,spanish_only,train
tr-006_00899,tr-006,2786.87,2788.99,2.12,Good,,spanish_only,train
tr-010_02508,tr-010,824.198,826.298,2.1,Good,,spanish_only,train
tr-006_01002,tr-006,3319.369,3324.72,5.351,Good,,spanish_only,train
tr-006_00748,tr-006,1936.17,1942.09,5.92,Good,,spanish_only,train
tr-006_00922,tr-006,2900.665,2906.86,6.195,Good,,spanish_only,train
tr-006_00533,tr-006,508.22,515.515,7.295,Good,,spanish_only,dev
tr-006_00509,tr-006,361.4,368.84,7.44,Good,,spanish_only,train
tr-009_02323,tr-009,2874.22,2883.71,9.49,CRT-D,BLK,spanish_only,train
tr-009_02250,tr-009,2347.14,2352.28,5.14,Good,NSY,spanish_only,train
tr-007_01512,tr-007,3468.609,3472.489,3.88,Good,,spanish_only,train
tr-007_01172,tr-007,689.49,692.4,2.91,Good,,spanish_only,train
tr-011_03219,tr-011,2746.306,2748.764,2.458,Good,,spanish_only,train
tr-007_01310,tr-007,1923.395,1925.801,2.406,Good,,spanish_only,train
tr-010_02404,tr-010,55.35,57.63,2.28,Good,,spanish_only,train
tr-009_02246,tr-009,2333.13,2335.28,2.15,EXC,,,
tr-008_01689,tr-008,1068.372,1070.395,2.023,Good,,spanish_only,train
tr-006_00540,tr-006,544.08,546.09,2.01,Good,,spanish_only,train
tr-011_02941,tr-011,728.774,734.839,6.065,Good,,spanish_only,train
tr-008_01597,tr-008,403.457,411.656,8.199,MTS,,spanish_only,
tr-006_00994,tr-006,3279.795,3290.155,10.36,Good,,spanish_only,train
tr-008_01584,tr-008,312.357,315.4,3.043,EXC,,,
tr-009_02297,tr-009,2689.44,2692.088,2.648,Good,,spanish_only,train
tr-010_02583,tr-010,1308.474,1310.673,2.199,Good,,spanish_only,train
tr-008_01953,tr-008,3143.466,3145.6,2.134,Good,,spanish_only,train
tr-006_00696,tr-006,1584.25,1591.61,7.36,Good,,spanish_only,train
tr-008_01564,tr-008,132.89,140.466,7.576,MTS,,spanish_only,
tr-011_03188,tr-011,2570.789,2580.929,10.14,MTS,,spanish_only,
tr-008_01728,tr-008,1389.3,1397.413,8.113,CRT-A,,spanish_only,dev
tr-010_02776,tr-010,2762.461,2771.94,9.479,Good,TMC,spanish_only,train
tr-011_03246,tr-011,2962.335,2967.527,5.192,Good,TMC,spanish_only,test
tr-006_00626,tr-006,990.41,997.45,7.04,Good,,spanish_only,train
tr-008_01667,tr-008,908.567,916.9,8.333,Good,,spanish_only,train
tr-008_01768,tr-008,1658.351,1668.887,10.536,CRT-D,BLK,mixed,train
tr-008_01766,tr-008,1646.89,1655.559,8.669,CRT-D,BLK,spanish_only,train
tr-010_02699,tr-010,2155.48,2165.525,10.045,MTS,NSY,spanish_only,
tr-009_02344,tr-009,3138.205,3156.28,18.075,CRT-D,BLK,spanish_only,train
tr-006_00794,tr-006,2141.92,2148.93,7.01,Good,,spanish_only,train
tr-011_03008,tr-011,1162.084,1169.799,7.715,CRT-D,BLK,spanish_only,train
tr-009_02220,tr-009,2110.179,2127.556,17.377,Good,NCT,spanish_only,train
tr-011_03018,tr-011,1231.041,1241.666,10.625,MTS,,spanish_only,
tr-006_00824,tr-006,2378.5,2386.82,8.32,Good,TMC,spanish_only,train
tr-009_02358,tr-009,3247.297,3253.145,5.848,CRT-D,BLK,spanish_only,train
tr-005_00189,tr-005,1571.975,1580.135,8.16,Good,,spanish_only,dev
tr-006_00856,tr-006,2543.05,2553.63,10.58,Good,TMC,spanish_only,train
tr-011_03125,tr-011,2112.708,2123.943,11.235,MTS,TMC,spanish_only,
tr-005_00445,tr-005,3651.538,3658.318,6.78,MTS,SPL,mixed,
tr-010_02621,tr-010,1543.245,1556.79,13.545,Good,NSY,spanish_only,train
tr-011_02954,tr-011,797.134,804.291,7.157,Good,TMC,spanish_only,train
tr-007_01288,tr-007,1742.366,1751.468,9.102,CRT-D,BLK,spanish_only,train
tr-009_02389,tr-009,3632.817,3647.123,14.306,MTS,NSY,spanish_only,
tr-006_00719,tr-006,1708.52,1716.01,7.49,Good,TMC,spanish_only,train
tr-008_01668,tr-008,917.69,925.543,7.853,MTS,BCO,spanish_only,
tr-006_00489,tr-006,230.9,237.857,6.957,Good,TMC,spanish_only,train
tr-006_00761,tr-006,1995.06,2004.59,9.53,MTS,,mixed,
tr-011_02915,tr-011,519.657,527.044,7.387,Good,TMC,spanish_only,train
tr-011_03064,tr-011,1541.963,1551.586,9.623,MTS,SPL,spanish_only,
tr-009_02124,tr-009,1212.17,1222.71,10.54,Good,TMC,spanish_only,train
tr-009_02345,tr-009,3156.63,3163.42,6.79,Good,TMC,spanish_only,train
tr-006_00661,tr-006,1272.93,1280.26,7.33,MTS,,spanish_only,
tr-011_03078,tr-011,1698.084,1706.649,8.565,MTS,TMC,spanish_only,
tr-011_02858,tr-011,98.277,107.447,9.17,CRT-D,BLK,spanish_only,train
tr-011_02917,tr-011,547.689,554.287,6.598,MTS,TMC,spanish_only,
tr-011_02939,tr-011,714.049,724.926,10.877,Good,,spanish_only,train
tr-008_01726,tr-008,1372.873,1385.57,12.697,Good,,spanish_only,dev
tr-006_00595,tr-006,824.44,834.99,10.55,Good,TMC,spanish_only,train
tr-008_01654,tr-008,802.79,814.415,11.625,CRT-D,BLK,mixed,train
tr-006_00947,tr-006,3062.36,3074.245,11.885,Good,,spanish_only,train
tr-011_02943,tr-011,739.132,750.29,11.158,MTS,,spanish_only,
tr-008_01627,tr-008,611.212,627.825,16.613,CRT-D,BLK,spanish_only,train
tr-011_03087,tr-011,1747.27,1759.995,12.725,Good,,mixed,train
tr-005_00102,tr-005,785.525,795.375,9.85,MTS,TMC,spanish_only,
tr-010_02557,tr-010,1156.068,1166.783,10.715,Good,,spanish_only,train
tr-009_02138,tr-009,1303.187,1313.617,10.43,MTS,,spanish_only,
tr-009_02270,tr-009,2483.599,2501.245,17.646,MTS,NCT,spanish_only,
tr-009_02156,tr-009,1470.53,1481.402,10.872,Good,SPL,spanish_only,train
tr-010_02833,tr-010,3198.761,3229.471,30.71,MTS,SPL,mixed,
tr-009_02281,tr-009,2599.091,2616.54,17.449,Good,,spanish_only,train
tr-011_03098,tr-011,1857.769,1868.374,10.605,MTS,TMC,spanish_only,
tr-009_02254,tr-009,2364,2378.04,14.04,Good,TMC,spanish_only,train
tr-011_03267,tr-011,3103.358,3108.67,5.312,CRT-A,,mixed,test
tr-010_02726,tr-010,2386.648,2400.96,14.312,Good,TMC,spanish_only,train
tr-008_01558,tr-008,74.891,94.37,19.479,CRT-D,BLK,spanish_only,train
tr-011_03066,tr-011,1556.294,1565.515,9.221,MTS,TMC,spanish_only,
tr-008_01712,tr-008,1253.212,1268.649,15.437,Good,,spanish_only,train
tr-007_01263,tr-007,1503.403,1521.643,18.24,Good,,spanish_only,train
tr-010_02633,tr-010,1643.52,1658.28,14.76,Good,,spanish_only,train
tr-009_02111,tr-009,1103.656,1123.661,20.005,MTS,TMC,spanish_only,
tr-011_03127,tr-011,2128.179,2134.16,5.981,MTS,TMC,spanish_only,
tr-009_02273,tr-009,2509.624,2530.761,21.137,MTS,NSY,spanish_only,
tr-010_02578,tr-010,1260.138,1280.943,20.805,MTS,TMC,spanish_only,
tr-010_02661,tr-010,1874.47,1891.955,17.485,MTS,,spanish_only,
tr-010_02630,tr-010,1618.011,1635.59,17.579,Good,,spanish_only,train
tr-009_02205,tr-009,1956.098,1966.349,10.251,Good,TMC,spanish_only,train
tr-010_02581,tr-010,1287.378,1306.138,18.76,CRT-A,,spanish_only,train
tr-010_02772,tr-010,2693.7,2718.515,24.815,MTS,,spanish_only,
tr-011_03150,tr-011,2262.538,2285.266,22.728,Good,NCT,spanish_only,train
tr-009_02324,tr-009,2883.71,2902.539,18.829,MTS,,spanish_only,
tr-006_00870,tr-006,2632.415,2645.8,13.385,Good,TMC,spanish_only,train
tr-011_03136,tr-011,2197.984,2212.329,14.345,CRT-A,TMC,spanish_only,train
tr-006_00484,tr-006,186.61,200.455,13.845,Good,TMC,spanish_only,train
tr-006_00499,tr-006,275.72,293.44,17.72,Good,TMC,spanish_only,train
tr-010_02611,tr-010,1475.063,1494.453,19.39,CRT-D,BLK,mixed,train
tr-009_02199,tr-009,1920.337,1938.982,18.645,MTS,TMC,spanish_only,
tr-008_01642,tr-008,690.114,705.094,14.98,CRT-D,BLK,spanish_only,train
tr-009_02277,tr-009,2544.591,2564.32,19.729,Good,,spanish_only,train
tr-011_02866,tr-011,150.262,172.132,21.87,MTS,TMC,spanish_only,
tr-010_02679,tr-010,2007.325,2027.815,20.49,Good,TMC,spanish_only,dev
tr-011_03003,tr-011,1116.271,1140.319,24.048,MTS,TMC,spanish_only,
tr-010_02634,tr-010,1659.095,1683.952,24.857,MTS,TMC,spanish_only,
tr-009_02147,tr-009,1398.202,1423.867,25.665,MTS,NSY,spanish_only,
tr-010_02718,tr-010,2316.574,2343.81,27.236,MTS,TMC,spanish_only,
tr-009_02328,tr-009,2929.089,2951.102,22.013,MTS,,spanish_only,
tr-008_01701,tr-008,1154.513,1182.486,27.973,CRT-D,BLK,spanish_only,train
tr-011_03184,tr-011,2519.024,2546.341,27.317,MTS,TMC,spanish_only,
tr-005_00040,tr-005,299.66,329.72,30.06,MTS,,mixed,
tr-011_02908,tr-011,460.075,483.166,23.091,MTS,TMC,spanish_only,
tr-006_00527,tr-006,441.54,475.75,34.21,Good,TMC,spanish_only,train
tr-009_02160,tr-009,1499.532,1522.576,23.044,Good,NSY,spanish_only,dev
tr-008_01590,tr-008,343.373,380.563,37.19,MTS,TMC,spanish_only,
tr-007_01247,tr-007,1306.94,1314.56,7.62,CRT-D,,jehe'a,train
tr-007_01489,tr-007,3330.699,3337.809,7.11,EXC,,,
tr-010_02409,tr-010,108.5,115.25,6.75,MTS,,jehe'a,
tr-005_00413,tr-005,3359.806,3366.031,6.225,CRT-D,,mixed,test
tr-006_01012,tr-006,3389.28,3394.9,5.62,CRT-D,BLK,mixed,train
tr-006_00630,tr-006,1014.085,1019.575,5.49,Good,,spanish_only,train
tr-005_00002,tr-005,35.815,50.615,14.8,MTS,,spanish_only,
tr-011_03124,tr-011,2102.658,2112.024,9.366,CRT-A,,mixed,train
tr-010_02435,tr-010,304.943,309.638,4.695,Good,,mixed,train
tr-009_02068,tr-009,677.42,682.04,4.62,Good,,jehe'a,train
tr-010_02401,tr-010,34.735,44.6,9.865,Good,,jehe'a,train
tr-008_01934,tr-008,3002.549,3013.824,11.275,EXC,,,
tr-008_01771,tr-008,1677.086,1683.695,6.609,Good,,jehe'a,test
tr-008_01959,tr-008,3185.762,3192.206,6.444,MTS,,mixed,
tr-008_01822,tr-008,2103.33,2108.51,5.18,Good,,jehe'a,train
tr-010_02422,tr-010,189.77,194.415,4.645,CRT-D,BLK,mixed,train
tr-007_01105,tr-007,95.18,98.925,3.745,CRT-D,BLK,mixed,train
tr-007_01331,tr-007,2136.603,2145.193,8.59,CRT-D,BLK,jehe'a,train
tr-007_01314,tr-007,2000.468,2008.468,8,Good,,jehe'a,train
tr-008_01987,tr-008,3373.521,3381.272,7.751,Good,,mixed,train
tr-010_02825,tr-010,3130.382,3136.846,6.464,Good,,mixed,test
tr-009_02077,tr-009,753.43,759.395,5.965,Good,,mixed,test
tr-007_01379,tr-007,2483.873,2489.771,5.898,EXC,,,
tr-010_02411,tr-010,120.885,126.478,5.593,EXC,,,
tr-011_02999,tr-011,1092.089,1096.834,4.745,Good,TMC,mixed,train
tr-006_00984,tr-006,3226.195,3236.495,10.3,Good,,jehe'a,train
tr-007_01106,tr-007,99.185,103.215,4.03,EXC,,,
tr-009_02366,tr-009,3366.06,3378.605,12.545,CRT-D,BLK,spanish_only,train
tr-007_01362,tr-007,2323.628,2337.018,13.39,MTS,USR,jehe'a,
tr-008_01840,tr-008,2264.724,2273.111,8.387,CRT-D,BLK,jehe'a,train
tr-006_00687,tr-006,1487.437,1495.467,8.03,Good,,jehe'a,train
tr-008_01978,tr-008,3323.62,3330.512,6.892,CRT-D,BLK,mixed,train
tr-010_02437,tr-010,314.283,320.963,6.68,MTS,,mixed,
tr-006_00656,tr-006,1254.865,1261.335,6.47,Good,,mixed,train
tr-010_02414,tr-010,131.6,137.735,6.135,Good,,mixed,train
tr-011_03120,tr-011,2081.462,2087.446,5.984,CRT-D,BLK,mixed,train
tr-006_00910,tr-006,2831.735,2837.475,5.74,CRT-A,,mixed,train
tr-010_02535,tr-010,983.513,989.083,5.57,Good,,jehe'a,train
tr-007_01383,tr-007,2510.548,2515.968,5.42,Good,,mixed,test
tr-005_00154,tr-005,1248.015,1253.02,5.005,MTS,,mixed,
tr-006_00710,tr-006,1643.69,1648.64,4.95,Good,,mixed,train
tr-009_02384,tr-009,3590.124,3594.563,4.439,MTS,,mixed,
tr-008_01682,tr-008,998.95,1011.191,12.241,CRT-A,,mixed,train
tr-005_00457,tr-005,3790.233,3793.428,3.195,EXC,,,
tr-008_01968,tr-008,3255,3264.442,9.442,Good,,jehe'a,test
tr-009_02113,tr-009,1126.675,1135.14,8.465,MTS,,spanish_only,
tr-007_01237,tr-007,1256.695,1263.685,6.99,Good,,jehe'a,dev
tr-009_02265,tr-009,2458.16,2464.575,6.415,MTS,,mixed,
tr-010_02526,tr-010,925.648,931.333,5.685,MTS,,mixed,
tr-008_01734,tr-008,1443.222,1448.195,4.973,MTS,,mixed,
tr-005_00264,tr-005,2072.231,2076.971,4.74,Good,,mixed,train
tr-005_00191,tr-005,1587.305,1596.875,9.57,MTS,,mixed,
tr-006_00712,tr-006,1656.74,1666.75,10.01,Good,,mixed,train
tr-009_02329,tr-009,2952.099,2964.92,12.821,MTS,,spanish_only,
tr-009_02331,tr-009,2989.386,3013.035,23.649,MTS,,mixed,
tr-010_02550,tr-010,1103.993,1121.248,17.255,MTS,,mixed,
tr-007_01441,tr-007,2903.867,2917.867,14,Good,,mixed,train
tr-009_02117,tr-009,1159.675,1166.265,6.59,Good,,mixed,train
tr-007_01333,tr-007,2150.383,2156.448,6.065,Good,,mixed,train
tr-007_01211,tr-007,1043.27,1049.075,5.805,Good,,mixed,train
tr-008_01800,tr-008,1942.07,1947.464,5.394,Good,,mixed,test
tr-011_03109,tr-011,1980.791,1986.114,5.323,Good,,spanish_only,train
tr-011_02910,tr-011,491.324,496.002,4.678,Good,,mixed,train
tr-011_03074,tr-011,1637.645,1646.044,8.399,EXC,,,
tr-008_01810,tr-008,2003.603,2020.449,16.846,CRT-D,BLK,jehe'a,train
tr-006_00583,tr-006,755.55,769.19,13.64,Good,,mixed,train
tr-007_01396,tr-007,2579.807,2587.382,7.575,Good,,jehe'a,test
tr-007_01233,tr-007,1239.115,1246.295,7.18,Good,,jehe'a,train
tr-007_01327,tr-007,2109.343,2115.488,6.145,CRT-A,,mixed,train
tr-010_02708,tr-010,2236.815,2242.605,5.79,Good,,mixed,train
tr-006_00977,tr-006,3200,3205.11,5.11,Good,,jehe'a,train
tr-006_00892,tr-006,2757.68,2762.7,5.02,Good,,mixed,test
tr-010_02828,tr-010,3156.473,3182.436,25.963,Good,,spanish_only,train
tr-011_03190,tr-011,2592.873,2602.405,9.532,Good,,jehe'a,train
tr-007_01487,tr-007,3313.764,3326.194,12.43,MTS,,mixed,
tr-008_01751,tr-008,1535.524,1542.808,7.284,Good,,mixed,dev
tr-009_01996,tr-009,0.053,20.137,20.084,EXC,,,
tr-008_01652,tr-008,783.157,797.886,14.729,EXC,,,
tr-008_01961,tr-008,3196.136,3202.121,5.985,Good,,mixed,train
tr-006_01013,tr-006,3395.605,3401.35,5.745,Good,,jehe'a,train
tr-005_00188,tr-005,1566.13,1571.505,5.375,Good,,spanish_only,train
tr-008_01552,tr-008,31.852,36.573,4.721,Good,,mixed,train
tr-008_01982,tr-008,3354.187,3358.494,4.307,Good,,jehe'a,train
tr-010_02480,tr-010,622.703,626.628,3.925,EXC,,,
tr-007_01134,tr-007,286.29,290.07,3.78,Good,,mixed,train
tr-011_03230,tr-011,2840.806,2843.604,2.798,CRT-D,BLK,mixed,train
tr-007_01350,tr-007,2234.2,2244.998,10.798,Good,,mixed,train
tr-009_02012,tr-009,133.566,140.647,7.081,Good,,mixed,dev
tr-008_01797,tr-008,1927.859,1934.326,6.467,Good,,jehe'a,dev
tr-007_01543,tr-007,3716.529,3722.449,5.92,Good,,jehe'a,train
tr-007_01423,tr-007,2783.012,2788.722,5.71,Good,,mixed,train
tr-010_02695,tr-010,2122.365,2128.02,5.655,Good,,mixed,train
tr-007_01537,tr-007,3677.109,3682.718,5.609,Good,,mixed,train
tr-006_00744,tr-006,1873.01,1878.455,5.445,Good,,jehe'a,train
tr-005_00262,tr-005,2061.056,2066.206,5.15,Good,,mixed,train
tr-006_00732,tr-006,1811.97,1816.98,5.01,Good,,spanish_only,train
tr-005_00047,tr-005,375.51,380.42,4.91,Good,,mixed,train
tr-008_01945,tr-008,3070.215,3075.063,4.848,Good,,jehe'a,dev
tr-010_02486,tr-010,662.56,667.38,4.82,Good,,jehe'a,train
tr-007_01375,tr-007,2464.933,2469.713,4.78,Good,,jehe'a,train
tr-011_02898,tr-011,372.437,376.797,4.36,Good,,mixed,train
tr-006_00819,tr-006,2348.415,2352.735,4.32,Good,,mixed,train
tr-011_03268,tr-011,3110.768,3114.84,4.072,Good,,mixed,dev
tr-006_00986,tr-006,3242.645,3246.645,4,Good,,mixed,train
tr-006_00723,tr-006,1741.41,1745.37,3.96,Good,TMC,mixed,train
tr-011_02974,tr-011,935.064,938.654,3.59,Good,TMC,mixed,dev
tr-011_03239,tr-011,2931.919,2934.863,2.944,Good,,mixed,train
tr-011_03247,tr-011,2968.278,2981.518,13.24,Good,TMC,mixed,train
tr-006_00592,tr-006,804.13,817.72,13.59,CRT-A,,mixed,train
tr-011_03223,tr-011,2778.579,2792.881,14.302,CRT-A,,mixed,train
tr-006_00971,tr-006,3172.085,3178.065,5.98,Good,,mixed,train
tr-007_01530,tr-007,3623.724,3629.564,5.84,Good,,jehe'a,train
tr-007_01496,tr-007,3378.294,3383.394,5.1,Good,,mixed,train
tr-005_00211,tr-005,1740.476,1745.226,4.75,CRT-D,BLK,mixed,dev
tr-010_02483,tr-010,646.94,651.48,4.54,CRT-A,,jehe'a,train
tr-008_01897,tr-008,2688.9,2693.291,4.391,EXC,,,
tr-006_00473,tr-006,146.865,151.035,4.17,Good,,mixed,train
tr-006_01048,tr-006,3615.165,3618.938,3.773,Good,TMC,mixed,train
tr-010_02709,tr-010,2242.705,2262.15,19.445,Good,,jehe'a,train
tr-005_00192,tr-005,1596.955,1600.405,3.45,Good,,mixed,train
tr-011_02926,tr-011,609.37,612.492,3.122,Good,,mixed,train
tr-011_03257,tr-011,3032.067,3035.118,3.051,Good,,mixed,train
tr-005_00446,tr-005,3658.363,3671.288,12.925,EXC,,,
tr-008_01841,tr-008,2274.955,2288.353,13.398,EXC,,,
tr-007_01107,tr-007,104.625,114.48,9.855,EXC,,,
tr-008_01792,tr-008,1854.832,1862.246,7.414,Good,,jehe'a,train
tr-010_02426,tr-010,204.076,218.845,14.769,Good,TMC,jehe'a,train
tr-010_02453,tr-010,391.4,397.913,6.513,Good,,mixed,train
tr-006_01065,tr-006,3715.351,3721.441,6.09,CRT-D,BLK,mixed,train
tr-010_02515,tr-010,873.383,879.053,5.67,Good,,jehe'a,train
tr-005_00360,tr-005,2958.816,2964.266,5.45,Good,,mixed,dev
tr-005_00221,tr-005,1793.166,1798.536,5.37,CRT-D,BLK,mixed,train
tr-010_02408,tr-010,103.055,108.015,4.96,EXC,,,
tr-006_00671,tr-006,1384.285,1389.18,4.895,Good,TMC,mixed,dev
tr-010_02546,tr-010,1072.983,1077.663,4.68,Good,,mixed,train
tr-006_00857,tr-006,2554.055,2558.455,4.4,Good,,mixed,train
tr-005_00281,tr-005,2179.461,2183.771,4.31,Good,TMC,jehe'a,train
tr-011_03209,tr-011,2688.573,2692.815,4.242,CRT-D,,mixed,train
tr-007_01238,tr-007,1263.965,1268.145,4.18,CRT-D,,mixed,train
tr-005_00436,tr-005,3559.943,3563.893,3.95,CRT-A,,mixed,train
tr-005_00183,tr-005,1511.92,1530.31,18.39,CRT-A,,mixed,train
tr-005_00210,tr-005,1723.361,1740.471,17.11,EXC,,,
tr-005_00294,tr-005,2265.046,2283.676,18.63,CRT-A,,jehe'a,train
tr-005_00347,tr-005,2798.386,2805.541,7.155,Good,,mixed,test
tr-005_00254,tr-005,2002.816,2007.406,4.59,Good,,jehe'a,train
tr-005_00430,tr-005,3501.758,3507.438,5.68,Good,,jehe'a,train
tr-005_00403,tr-005,3302.176,3308.121,5.945,CRT-A,,jehe'a,test
tr-005_00328,tr-005,2613.186,2621.776,8.59,Good,,jehe'a,dev
tr-005_00407,tr-005,3335.826,3341.666,5.84,Good,TMC,jehe'a,dev
tr-005_00415,tr-005,3370.006,3377.176,7.17,EXC,,,
tr-005_00203,tr-005,1665.291,1671.926,6.635,Good,,jehe'a,test
tr-005_00311,tr-005,2435.776,2440.641,4.865,Good,,mixed,test
tr-005_00223,tr-005,1801.831,1807.791,5.96,CRT-D,BLK,jehe'a,dev
tr-005_00333,tr-005,2717.536,2721.421,3.885,EXC,,,
tr-005_00428,tr-005,3491.548,3497.228,5.68,Good,,mixed,train
tr-005_00421,tr-005,3434.471,3439.811,5.34,Good,TMC,mixed,dev
tr-005_00212,tr-005,1745.306,1759.256,13.95,EXC,,,
tr-005_00395,tr-005,3187.441,3204.636,17.195,MTS,BCO,jehe'a,
tr-005_00195,tr-005,1609.86,1614.45,4.59,Good,TMC,jehe'a,train
tr-009_02005,tr-009,105.03,107.502,2.472,CRT-D,BLK,guarani_only,test
tr-010_02460,tr-010,491.528,493.868,2.34,EXC,,,
tr-007_01154,tr-007,534.405,536.715,2.31,Good,,guarani_only,test
tr-005_00322,tr-005,2545.366,2547.486,2.12,CRT-D,BLK,guarani_only,test
tr-010_02520,tr-010,896.03,898.168,2.138,Good,,jehe'a,test
tr-008_01885,tr-008,2616.337,2618.382,2.045,Good,,jehe'a,test
tr-007_01189,tr-007,881.125,884.094,2.969,Good,,guarani_only,test
tr-009_02047,tr-009,435.655,439.01,3.355,Good,TMC,guarani_only,test
tr-010_02559,tr-010,1171.758,1176.363,4.605,Good,,spanish_only,train
tr-011_02862,tr-011,134.286,138.854,4.568,Good,NSY,spanish_only,train
tr-008_01606,tr-008,489.782,494.322,4.54,EXC,,,
tr-007_01120,tr-007,230.05,234.49,4.44,Good,NSY,spanish_only,train
tr-006_00517,tr-006,400.13,404.52,4.39,Good,TMC,spanish_only,train
tr-007_01282,tr-007,1630.356,1634.679,4.323,Good,,spanish_only,train
tr-006_00471,tr-006,103.59,109.62,6.03,Good,,spanish_only,train
tr-007_01535,tr-007,3667.719,3671.929,4.21,Good,,spanish_only,train
tr-006_00842,tr-006,2472.355,2476.38,4.025,Good,,spanish_only,train
tr-007_01279,tr-007,1598.063,1602.043,3.98,Good,,spanish_only,train
tr-008_01572,tr-008,187.02,193.422,6.402,MTS,,mixed,
tr-006_01034,tr-006,3530.175,3533.885,3.71,Good,,spanish_only,train
tr-006_00889,tr-006,2746.1,2749.67,3.57,Good,,spanish_only,train
tr-006_00643,tr-006,1108.73,1112.28,3.55,Good,,spanish_only,train
tr-011_03134,tr-011,2188.678,2192.199,3.521,Good,,spanish_only,train
tr-010_02595,tr-010,1382.803,1386.288,3.485,MTS,,spanish_only,
tr-011_03201,tr-011,2648.582,2651.939,3.357,Good,,spanish_only,dev
tr-008_01641,tr-008,686.82,690.114,3.294,CRT-D,BLK,spanish_only,train
tr-011_02901,tr-011,394.503,397.782,3.279,Good,,spanish_only,train
tr-009_02374,tr-009,3495.989,3499.236,3.247,Good,TMC,spanish_only,train
tr-006_01001,tr-006,3314.395,3319.369,4.974,Good,,spanish_only,train
tr-011_03061,tr-011,1525.774,1531.191,5.417,MTS,,spanish_only,
tr-005_00143,tr-005,1193.72,1200.81,7.09,Good,,spanish_only,train
tr-010_02609,tr-010,1467.563,1472.043,4.48,EXC,,,
tr-010_02569,tr-010,1215.324,1221.168,5.844,Good,,spanish_only,train
tr-006_00843,tr-006,2476.775,2479.695,2.92,CRT-A,,spanish_only,train
tr-011_03071,tr-011,1621.867,1624.784,2.917,Good,,spanish_only,train
tr-006_01084,tr-006,3838.036,3844.491,6.455,Good,,spanish_only,train
tr-005_00123,tr-005,1037.865,1045.4,7.535,EXC,,,
tr-006_00701,tr-006,1611.44,1614.09,2.65,Good,,spanish_only,train
tr-006_00916,tr-006,2879.61,2882.245,2.635,Good,,spanish_only,train
tr-011_02881,tr-011,300.437,302.937,2.5,Good,,spanish_only,train
tr-011_03263,tr-011,3068.093,3070.492,2.399,Good,,spanish_only,train
tr-006_00855,tr-006,2539.61,2541.88,2.27,CRT-D,BLK,spanish_only,train
tr-006_00739,tr-006,1855.76,1857.964,2.204,Good,,spanish_only,train
tr-005_00021,tr-005,183.235,188.46,5.225,Good,,spanish_only,train
tr-006_00530,tr-006,491.36,496.12,4.76,Good,,spanish_only,train
tr-007_01129,tr-007,265.13,269.73,4.6,Good,,spanish_only,train
tr-006_00584,tr-006,769.19,773.74,4.55,Good,,spanish_only,train
tr-007_01271,tr-007,1557.948,1562.338,4.39,Good,,spanish_only,train
tr-011_03033,tr-011,1308.207,1312.499,4.292,MTS,BCO,mixed,
tr-006_00465,tr-006,50.9,55.06,4.16,Good,,mixed,train
tr-008_01625,tr-008,599.592,605.807,6.215,CRT-D,BLK,spanish_only,train
tr-007_01339,tr-007,2190.993,2194.993,4,Good,,spanish_only,train
tr-008_01578,tr-008,281.22,287.565,6.345,CRT-D,BLK,spanish_only,train
tr-006_00491,tr-006,242.597,246.447,3.85,Good,,spanish_only,train
tr-011_03282,tr-011,3212.877,3214.688,1.811,EXC,,,
tr-010_02632,tr-010,1639.483,1643.173,3.69,Good,,spanish_only,train
tr-010_02636,tr-010,1689.685,1693.34,3.655,Good,,spanish_only,train
tr-005_00438,tr-005,3566.343,3569.923,3.58,Good,TMC,spanish_only,dev
tr-008_01718,tr-008,1323.961,1327.514,3.553,EXC,,,
tr-006_01075,tr-006,3787.951,3791.491,3.54,Good,,mixed,test
tr-005_00344,tr-005,2786.486,2789.926,3.44,CRT-D,BLK,spanish_only,train
tr-011_02966,tr-011,881.864,885.274,3.41,Good,TMC,spanish_only,train
tr-010_02839,tr-010,3268.575,3271.967,3.392,Good,TMC,spanish_only,train
tr-011_03281,tr-011,3209.542,3211.5,1.958,EXC,,,
tr-006_00919,tr-006,2888.35,2891.61,3.26,Good,,spanish_only,train
tr-006_00791,tr-006,2132.88,2136.07,3.19,Good,TMC,spanish_only,train
tr-006_01079,tr-006,3801.221,3804.402,3.181,Good,,spanish_only,train
tr-005_00297,tr-005,2301.746,2304.906,3.16,Good,,spanish_only,train
tr-006_00920,tr-006,2891.875,2896.98,5.105,Good,TMC,spanish_only,train
tr-008_01714,tr-008,1298.938,1304.404,5.466,MTS,,spanish_only,
tr-009_02100,tr-009,982.545,988.419,5.874,MTS,NSY,spanish_only,
tr-006_00820,tr-006,2353.12,2356.04,2.92,Good,,spanish_only,train
tr-006_00852,tr-006,2531.14,2534.03,2.89,Good,TMC,spanish_only,train
tr-006_01000,tr-006,3311.435,3314.265,2.83,Good,TMC,spanish_only,train
tr-011_02956,tr-011,816.569,819.284,2.715,Good,NSY,spanish_only,train
tr-006_00639,tr-006,1052.44,1054.97,2.53,Good,TMC,spanish_only,train
tr-006_00935,tr-006,2984.27,2986.66,2.39,Good,TMC,spanish_only,train
tr-006_00615,tr-006,924.16,926.51,2.35,Good,,spanish_only,train
tr-011_03032,tr-011,1304.648,1306.862,2.214,CRT-A,,spanish_only,dev
tr-011_03057,tr-011,1506.367,1508.556,2.189,Good,TMC,mixed,train
tr-006_00877,tr-006,2670.04,2672.15,2.11,Good,,spanish_only,train
tr-009_02141,tr-009,1335.023,1348.165,13.142,MTS,NCT,spanish_only,
tr-009_02150,tr-009,1431.939,1437.172,5.233,MTS,NSY,spanish_only,
tr-010_02671,tr-010,1979.965,1984.93,4.965,Good,TMC,spanish_only,train
tr-006_00666,tr-006,1313.62,1318.37,4.75,Good,SPL,spanish_only,train
tr-009_02274,tr-009,2531.3,2537.019,5.719,Good,,spanish_only,train
tr-011_03009,tr-011,1169.939,1175.68,5.741,CRT-A,,spanish_only,train
tr-006_00563,tr-006,648.7,653.02,4.32,Good,TMC,spanish_only,train
tr-006_00757,tr-006,1978.47,1982.75,4.28,CRT-A,,spanish_only,train
tr-006_00914,tr-006,2853.14,2857.32,4.18,Good,TMC,spanish_only,train
tr-008_01757,tr-008,1571.042,1575.113,4.071,Good,,spanish_only,train
tr-006_00789,tr-006,2125.39,2129.33,3.94,Good,,spanish_only,dev
tr-011_03240,tr-011,2936.911,2945.648,8.737,CRT-D,BLK,mixed,train
tr-008_01685,tr-008,1017.227,1020.994,3.767,Good,,spanish_only,train
tr-011_03132,tr-011,2181.864,2185.628,3.764,Good,,spanish_only,dev
tr-009_02131,tr-009,1252.782,1259.327,6.545,Good,,spanish_only,train
tr-006_00503,tr-006,307.45,311.07,3.62,Good,TMC,spanish_only,train
tr-006_00867,tr-006,2621.725,2625.305,3.58,Good,TMC,spanish_only,train
tr-011_02979,tr-011,963.969,967.509,3.54,Good,TMC,spanish_only,train
tr-010_02723,tr-010,2373.665,2377.1,3.435,Good,NSY,spanish_only,dev
tr-006_01029,tr-006,3512.575,3515.85,3.275,Good,,spanish_only,train
tr-010_02680,tr-010,2028.3,2031.53,3.23,EXC,,,
tr-006_00924,tr-006,2909.59,2912.75,3.16,Good,TMC,spanish_only,train
tr-011_03259,tr-011,3050.248,3053.368,3.12,Good,,spanish_only,test
tr-007_01341,tr-007,2199.608,2202.673,3.065,Good,,spanish_only,train
tr-009_02228,tr-009,2175.916,2178.944,3.028,MTS,TMC,spanish_only,
tr-006_00495,tr-006,260.497,265.522,5.025,Good,TMC,spanish_only,train
tr-006_00475,tr-006,154.93,157.81,2.88,Good,,spanish_only,dev
tr-006_00948,tr-006,3074.245,3077.105,2.86,Good,TMC,spanish_only,train
tr-006_00560,tr-006,636.1,638.94,2.84,Good,,spanish_only,train
tr-011_02961,tr-011,837.769,843.724,5.955,MTS,,spanish_only,
tr-011_03160,tr-011,2332.02,2334.778,2.758,Good,,spanish_only,train
tr-006_01042,tr-006,3582.365,3588.45,6.085,Good,TMC,spanish_only,train
tr-006_00599,tr-006,856.23,862.41,6.18,Good,TMC,spanish_only,train
tr-007_01366,tr-007,2395.993,2398.663,2.67,Good,,spanish_only,dev
tr-011_03138,tr-011,2216.724,2219.367,2.643,Good,TMC,spanish_only,dev
tr-009_02240,tr-009,2287.33,2293.71,6.38,Good,TMC,mixed,train
tr-005_00110,tr-005,884.31,890.94,6.63,MTS,TMC,spanish_only,
tr-006_00636,tr-006,1042.875,1045.315,2.44,Good,TMC,mixed,train
tr-006_00481,tr-006,176.825,179.195,2.37,Good,TMC,mixed,train
tr-011_03095,tr-011,1826,1828.318,2.318,Good,,spanish_only,train
tr-007_01473,tr-007,3197.609,3204.619,7.01,Good,,spanish_only,train
tr-011_02985,tr-011,1009.504,1011.513,2.009,Good,,spanish_only,train
tr-010_02552,tr-010,1127.18,1134.833,7.653,Good,NSY,spanish_only,train
tr-011_03211,tr-011,2697.21,2705.214,8.004,MTS,TMC,spanish_only,
tr-008_01619,tr-008,566.566,571.651,5.085,EXC,,,
tr-010_02803,tr-010,3001.161,3006.631,5.47,EXC,,,
tr-005_00128,tr-005,1069.595,1075.255,5.66,Good,NSY,spanish_only,train
tr-005_00132,tr-005,1110.745,1115.22,4.475,EXC,,,
tr-005_00368,tr-005,3031.151,3035.551,4.4,Good,TMC,spanish_only,train
tr-005_00363,tr-005,2999.516,3003.846,4.33,Good,,spanish_only,train
tr-006_00740,tr-006,1857.964,1862.23,4.266,Good,,spanish_only,train
tr-011_03192,tr-011,2608.69,2612.772,4.082,MTS,TMC,spanish_only,
tr-006_00673,tr-006,1410.787,1414.707,3.92,Good,TMC,spanish_only,train
tr-005_00067,tr-005,492.665,496.515,3.85,EXC,,,
tr-006_00993,tr-006,3275.955,3279.795,3.84,Good,,spanish_only,train
tr-007_01156,tr-007,546.02,549.83,3.81,Good,,spanish_only,train
tr-010_02579,tr-010,1281.618,1285.349,3.731,Good,TMC,spanish_only,train
tr-006_00878,tr-006,2673.5,2677.165,3.665,Good,,spanish_only,train
tr-010_02689,tr-010,2087.315,2090.915,3.6,Good,TMC,spanish_only,train
tr-008_01680,tr-008,984.541,988.092,3.551,Good,TMC,spanish_only,train
tr-006_00483,tr-006,183.035,186.535,3.5,Good,TMC,spanish_only,train
tr-005_00029,tr-005,241.13,250.215,9.085,Good,TMC,spanish_only,train
tr-006_00951,tr-006,3084.215,3087.665,3.45,Good,TMC,spanish_only,train
tr-008_01770,tr-008,1673.771,1677.086,3.315,Good,TMC,spanish_only,train
tr-005_00140,tr-005,1168.585,1171.895,3.31,Good,TMC,spanish_only,train
tr-006_00506,tr-006,324.45,327.75,3.3,Good,TMC,mixed,train
tr-010_02619,tr-010,1534.585,1537.875,3.29,Good,TMC,spanish_only,train
tr-005_00148,tr-005,1225.265,1228.505,3.24,Good,TMC,spanish_only,train
tr-005_00283,tr-005,2186.596,2189.826,3.23,Good,TMC,spanish_only,train
tr-006_00557,tr-006,626.94,630.15,3.21,MTS,,spanish_only,
tr-005_00158,tr-005,1277.335,1280.535,3.2,Good,,spanish_only,train
tr-007_01453,tr-007,2988.312,2991.492,3.18,Good,TMC,mixed,train
tr-009_02318,tr-009,2842.841,2845.942,3.101,Good,,spanish_only,train
tr-010_02820,tr-010,3113.631,3116.701,3.07,Good,,spanish_only,train
tr-007_01272,tr-007,1564.538,1567.578,3.04,Good,,mixed,train
tr-011_03002,tr-011,1113.289,1116.271,2.982,Good,,spanish_only,train
tr-011_02904,tr-011,403.16,406.13,2.97,Good,TMC,spanish_only,train
tr-011_03090,tr-011,1768.685,1771.621,2.936,Good,,spanish_only,train
tr-011_03261,tr-011,3057.703,3060.592,2.889,Good,,spanish_only,train
tr-008_01675,tr-008,955.972,958.852,2.88,Good,,spanish_only,train
tr-007_01409,tr-007,2641.247,2644.087,2.84,Good,,spanish_only,train
tr-007_01502,tr-007,3403.834,3406.644,2.81,Good,TMC,spanish_only,train
tr-011_03054,tr-011,1454.749,1460.334,5.585,MTS,TMC,spanish_only,
tr-008_01670,tr-008,929.566,932.326,2.76,Good,,spanish_only,train
tr-010_02761,tr-010,2618.935,2621.685,2.75,Good,TMC,spanish_only,train
tr-006_00565,tr-006,656.67,659.39,2.72,Good,TMC,spanish_only,train
tr-011_03169,tr-011,2378.853,2381.552,2.699,CRT-D,BLK,spanish_only,train
tr-011_03210,tr-011,2692.889,2696.619,3.73,CRT-D,BLK,mixed,train
tr-005_00179,tr-005,1462.315,1470.05,7.735,MTS,TMC,mixed,
tr-011_03207,tr-011,2681.055,2684.519,3.464,MTS,TMC,mixed,
tr-011_03177,tr-011,2465.544,2468.94,3.396,Good,SPL,spanish_only,train
tr-007_01480,tr-007,3268.453,3271.605,3.152,Good,,mixed,train
tr-011_03265,tr-011,3085.038,3087.966,2.928,Good,,mixed,train
tr-010_02468,tr-010,543.17,551.373,8.203,Good,TMC,mixed,train
tr-010_02765,tr-010,2636.255,2654.815,18.56,MTS,TMC,spanish_only,
tr-007_01250,tr-007,1331.78,1338.13,6.35,Good,TMC,jehe'a,train
tr-010_02538,tr-010,1011.948,1017.993,6.045,Good,TMC,jehe'a,train
tr-009_02225,tr-009,2162.361,2167.701,5.34,MTS,BCO,mixed,
tr-008_01994,tr-008,3413.5,3418.7,5.2,Good,SPL,mixed,train
tr-007_01186,tr-007,820.55,825.42,4.87,Good,TMC,jehe'a,dev
tr-006_00569,tr-006,678.5,683.28,4.78,Good,TMC,jehe'a,train
tr-008_01575,tr-008,208,212.68,4.68,Good,,spanish_only,train
tr-010_02518,tr-010,884.593,889.123,4.53,Good,TMC,jehe'a,train
tr-006_00652,tr-006,1210.47,1214.61,4.14,Good,,mixed,train
tr-005_00336,tr-005,2726.811,2730.911,4.1,Good,TMC,mixed,train
tr-007_01319,tr-007,2059.468,2063.408,3.94,Good,,mixed,train
tr-006_00720,tr-006,1716.82,1724.88,8.06,Good,TMC,mixed,train
tr-010_02710,tr-010,2262.305,2265.705,3.4,Good,TMC,mixed,train
tr-011_03189,tr-011,2581.449,2592.816,11.367,CRT-D,BLK,mixed,dev
tr-010_02489,tr-010,675.033,678.153,3.12,Good,SPL,mixed,train
tr-011_02856,tr-011,79.552,92.58,13.028,MTS,TMC,mixed,
tr-011_03258,tr-011,3036.038,3049.788,13.75,MTS,BCO,jehe'a,
tr-009_02066,tr-009,662.745,668.95,6.205,Good,TMC,jehe'a,train
tr-009_02042,tr-009,389.4,394.905,5.505,CRT-A,,mixed,dev
tr-008_01791,tr-008,1849.426,1854.832,5.406,Good,TMC,jehe'a,train
tr-007_01527,tr-007,3576.399,3581.599,5.2,Good,,jehe'a,train
tr-007_01281,tr-007,1625.268,1630.356,5.088,Good,,mixed,train
tr-009_02072,tr-009,700.195,705.15,4.955,Good,SPL,jehe'a,train
tr-010_02532,tr-010,964.02,968.873,4.853,Good,TMC,mixed,train
tr-009_02076,tr-009,739.106,752.819,13.713,MTS,TMC,jehe'a,
tr-006_00803,tr-006,2237.28,2241.68,4.4,Good,TMC,mixed,train
tr-006_01066,tr-006,3721.826,3726.166,4.34,Good,TMC,mixed,train
tr-007_01251,tr-007,1340.57,1344.835,4.265,MTS,BCO,jehe'a,
tr-007_01488,tr-007,3326.594,3330.694,4.1,MTS,TMC,mixed,
tr-007_01202,tr-007,1001.2,1005.21,4.01,Good,TMC,mixed,train
tr-006_00578,tr-006,720.83,724.65,3.82,Good,,spanish_only,dev
tr-009_02134,tr-009,1285.703,1289.448,3.745,Good,,mixed,train
tr-011_02949,tr-011,774.95,778.484,3.534,Good,,mixed,train
tr-006_01070,tr-006,3752.316,3755.791,3.475,Good,,mixed,train
tr-006_00674,tr-006,1415.032,1418.412,3.38,CRT-A,,spanish_only,train
tr-011_03037,tr-011,1330.224,1332.994,2.77,Good,,jehe'a,train
tr-011_03108,tr-011,1977.702,1980.139,2.437,CRT-D,BLK,spanish_only,train
tr-009_02018,tr-009,184.23,192.711,8.481,Good,,mixed,train
tr-007_01380,tr-007,2490.215,2496.113,5.898,MTS,TMC,jehe'a,
tr-010_02488,tr-010,670.143,675.033,4.89,Good,TMC,mixed,train
tr-008_01858,tr-008,2412.586,2417.369,4.783,Good,SPL,mixed,train
tr-009_02171,tr-009,1655.08,1659.73,4.65,CRT-D,,mixed,train
tr-009_02055,tr-009,547.78,552.37,4.59,Good,TMC,jehe'a,train
tr-005_00365,tr-005,3011.636,3016.026,4.39,Good,NSY,jehe'a,train
tr-007_01100,tr-007,37.42,41.67,4.25,MTS,TMC,mixed,
tr-007_01221,tr-007,1166.155,1170.385,4.23,Good,TMC,mixed,train
tr-006_00903,tr-006,2805.75,2809.8,4.05,Good,TMC,mixed,train
tr-008_01960,tr-008,3192.207,3196.136,3.929,Good,TMC,mixed,dev
tr-011_03086,tr-011,1743.323,1747.009,3.686,Good,,spanish_only,train
tr-011_03005,tr-011,1150.1,1153.664,3.564,Good,,mixed,dev
tr-008_01720,tr-008,1336.298,1339.821,3.523,CRT-D,BLK,mixed,train
tr-008_01687,tr-008,1027.312,1030.614,3.302,CRT-A,,spanish_only,train
tr-006_00793,tr-006,2138.92,2141.92,3,Good,TMC,spanish_only,train
tr-006_00683,tr-006,1460.262,1462.812,2.55,Good,TMC,jehe'a,train
tr-008_01935,tr-008,3015.267,3022.913,7.646,MTS,TMC,mixed,
tr-005_00095,tr-005,754.445,769.82,15.375,MTS,BCO,mixed,
tr-009_02011,tr-009,127.931,133.325,5.394,Good,TMC,mixed,train
tr-010_02418,tr-010,171.78,176.76,4.98,MTS,TMC,jehe'a,
tr-007_01381,tr-007,2496.513,2501.243,4.73,Good,TMC,jehe'a,train
tr-009_02053,tr-009,479.695,499.445,19.75,CRT-D,BLK,jehe'a,train
tr-006_00746,tr-006,1927.79,1932.33,4.54,Good,TMC,mixed,dev
tr-005_00304,tr-005,2364.236,2368.556,4.32,Good,TMC,jehe'a,train
tr-007_01108,tr-007,115.255,135.195,19.94,MTS,TMC,mixed,
tr-010_02528,tr-010,946.063,950.173,4.11,Good,TMC,mixed,train
tr-007_01227,tr-007,1212.87,1216.85,3.98,Good,TMC,jehe'a,train
tr-005_00316,tr-005,2492.721,2496.656,3.935,Good,TMC,mixed,train
tr-011_03135,tr-011,2193.17,2196.99,3.82,Good,,mixed,train
tr-006_00978,tr-006,3205.38,3209.08,3.7,Good,,mixed,train
tr-008_01695,tr-008,1112.336,1115.912,3.576,MTS,BCO,mixed,
tr-011_02872,tr-011,208.917,218.716,9.799,CRT-A,,mixed,test
tr-007_01292,tr-007,1798.263,1801.643,3.38,Good,,jehe'a,train
tr-005_00227,tr-005,1821.986,1825.156,3.17,Good,TMC,mixed,train
tr-007_01399,tr-007,2594.437,2597.547,3.11,Good,TMC,mixed,train
tr-005_00289,tr-005,2227.526,2230.606,3.08,Good,TMC,mixed,train
tr-011_02889,tr-011,332.729,335.772,3.043,Good,TMC,mixed,train
tr-006_00962,tr-006,3121.815,3133.98,12.165,Good,TMC,mixed,train
tr-005_00444,tr-005,3648.223,3650.903,2.68,EXC,,,
tr-006_00676,tr-006,1421.402,1423.752,2.35,Good,,mixed,test
tr-005_00205,tr-005,1693.991,1696.006,2.015,EXC,,,
tr-008_01861,tr-008,2434.582,2441.22,6.638,Good,TMC,jehe'a,dev
tr-010_02600,tr-010,1401.288,1423.318,22.03,Good,TMC,spanish_only,train
tr-007_01216,tr-007,1075.89,1081.52,5.63,CRT-D,BLK,jehe'a,train
tr-010_02838,tr-010,3262.737,3268.287,5.55,MTS,NSY,spanish_only,
tr-007_01222,tr-007,1170.555,1175.57,5.015,Good,TMC,mixed,train
tr-010_02398,tr-010,19.2,24.095,4.895,CRT-A,,mixed,train
tr-011_03154,tr-011,2296.783,2301.419,4.636,Good,,spanish_only,train
tr-010_02524,tr-010,916.923,921.443,4.52,Good,TMC,mixed,train
tr-006_00942,tr-006,3016.935,3021.41,4.475,Good,TMC,jehe'a,train
tr-009_02258,tr-009,2401.852,2406.007,4.155,CRT-A,,spanish_only,train
tr-010_02458,tr-010,480.403,484.478,4.075,Good,TMC,jehe'a,train
tr-007_01313,tr-007,1995.888,1999.953,4.065,Good,TMC,jehe'a,train
tr-007_01340,tr-007,2195.648,2199.608,3.96,Good,TMC,jehe'a,train
tr-007_01184,tr-007,810.275,814.045,3.77,Good,TMC,mixed,dev
tr-006_00590,tr-006,797.96,801.58,3.62,Good,,mixed,train
tr-009_02369,tr-009,3438.738,3442.33,3.592,CRT-A,SPL,mixed,train
tr-008_01844,tr-008,2304.876,2308.42,3.544,Good,TMC,jehe'a,train
tr-006_00751,tr-006,1956.8,1960.27,3.47,Good,TMC,mixed,train
tr-008_01848,tr-008,2319.551,2322.952,3.401,Good,TMC,jehe'a,train
tr-008_01762,tr-008,1632.209,1635.548,3.339,Good,NSY,jehe'a,train
tr-010_02402,tr-010,45.255,48.482,3.227,Good,TMC,mixed,train
tr-010_02525,tr-010,921.748,924.958,3.21,Good,TMC,jehe'a,train
tr-011_02913,tr-011,511.357,514.492,3.135,MTS,TMC,mixed,
tr-010_02818,tr-010,3107.306,3110.406,3.1,Good,TMC,mixed,dev
tr-007_01418,tr-007,2761.042,2763.942,2.9,Good,,mixed,train
tr-008_01908,tr-008,2801.447,2804.251,2.804,Good,TMC,mixed,train
tr-008_01729,tr-008,1398.293,1401.08,2.787,Good,,mixed,test
tr-007_01104,tr-007,92.36,95.08,2.72,MTS,TMC,mixed,
tr-005_00104,tr-005,804.55,807.05,2.5,Good,TMC,mixed,train
tr-009_02039,tr-009,361.046,379.02,17.974,Good,TMC,jehe'a,train
tr-006_00907,tr-006,2822.83,2825.09,2.26,Good,TMC,mixed,train
tr-010_02819,tr-010,3110.761,3112.971,2.21,Good,TMC,mixed,test
tr-009_02238,tr-009,2264.76,2279.57,14.81,MTS,NSY,spanish_only,
tr-008_01865,tr-008,2466.687,2491.081,24.394,CRT-D,BLK,jehe'a,train
tr-008_01793,tr-008,1862.246,1867.263,5.017,Good,TMC,jehe'a,dev
tr-008_01944,tr-008,3065.381,3069.981,4.6,Good,TMC,jehe'a,train
tr-010_02506,tr-010,804.179,820.898,16.719,MTS,BCO,jehe'a,
tr-009_02027,tr-009,245.694,249.75,4.056,Good,TMC,jehe'a,train
tr-007_01196,tr-007,924.69,928.7,4.01,MTS,NSY,mixed,
tr-008_01967,tr-008,3250.96,3254.635,3.675,Good,TMC,jehe'a,train
tr-007_01432,tr-007,2851.807,2855.407,3.6,Good,TMC,jehe'a,train
tr-011_03036,tr-011,1325.829,1329.409,3.58,Good,,spanish_only,train
tr-005_00077,tr-005,595.53,599.01,3.48,MTS,NSY,mixed,
tr-008_01678,tr-008,971.05,974.47,3.42,MTS,,mixed,
tr-007_01526,tr-007,3572.943,3576.342,3.399,Good,TMC,jehe'a,train
tr-006_00760,tr-006,1991.51,1994.87,3.36,Good,TMC,jehe'a,train
tr-007_01425,tr-007,2801.577,2804.907,3.33,CRT-D,BLK,jehe'a,train
tr-006_00974,tr-006,3190.79,3194.1,3.31,Good,TMC,mixed,train
tr-010_02433,tr-010,283.838,287.123,3.285,Good,TMC,jehe'a,train
tr-007_01246,tr-007,1303.56,1306.683,3.123,Good,TMC,mixed,train
tr-006_00778,tr-006,2066.7,2069.76,3.06,Good,TMC,mixed,train
tr-006_01030,tr-006,3516.66,3519.63,2.97,Good,TMC,mixed,train
tr-011_03131,tr-011,2178.567,2181.516,2.949,Good,,spanish_only,dev
tr-006_00932,tr-006,2957.77,2960.64,2.87,Good,TMC,mixed,train
tr-005_00312,tr-005,2440.641,2446.981,6.34,Good,TMC,jehe'a,train
tr-005_00218,tr-005,1781.816,1785.896,4.08,Good,TMC,mixed,dev
tr-005_00261,tr-005,2055.721,2059.671,3.95,Good,TMC,mixed,train
tr-005_00241,tr-005,1918.471,1922.141,3.67,Good,TMC,jehe'a,train
tr-005_00215,tr-005,1770.141,1775.721,5.58,Good,TMC,mixed,train
tr-005_00246,tr-005,1946.666,1951.766,5.1,Good,TMC,jehe'a,train
tr-005_00266,tr-005,2094.951,2099.296,4.345,MTS,NSY,mixed,
tr-005_00429,tr-005,3497.513,3501.618,4.105,Good,TMC,jehe'a,train
tr-005_00026,tr-005,222.43,225.46,3.03,Good,NSY,mixed,train
tr-005_00278,tr-005,2160.401,2164.891,4.49,Good,TMC,jehe'a,dev
tr-005_00346,tr-005,2793.846,2797.701,3.855,EXC,,,
tr-005_00220,tr-005,1788.771,1792.396,3.625,MTS,BCO,mixed,
tr-005_00391,tr-005,3150.376,3155.136,4.76,Good,TMC,jehe'a,train
tr-005_00431,tr-005,3507.553,3511.683,4.13,Good,TMC,mixed,train
tr-005_00295,tr-005,2284.836,2288.366,3.53,Good,TMC,mixed,train
tr-005_00238,tr-005,1905.611,1908.561,2.95,Good,TMC,jehe'a,train
tr-005_00416,tr-005,3377.756,3380.426,2.67,Good,TMC,jehe'a,train
tr-005_00275,tr-005,2144.201,2151.791,7.59,Good,TMC,mixed,train
tr-005_00243,tr-005,1926.101,1930.856,4.755,Good,TMC,jehe'a,train
tr-010_02442,tr-010,341.733,344.423,2.69,Good,TMC,jehe'a,train
tr-009_02338,tr-009,3097.33,3099.576,2.246,Good,TMC,jehe'a,train
tr-010_02406,tr-010,61.815,63.995,2.18,Good,,guarani_only,test
tr-010_02463,tr-010,520.928,523.038,2.11,Good,TMC,guarani_only,train
tr-009_02071,tr-009,697.27,700.18,2.91,Good,TMC,guarani_only,train
tr-008_01881,tr-008,2600.156,2603.119,2.963,Good,,guarani_only,test
tr-008_01875,tr-008,2566.887,2570.774,3.887,Good,,guarani_only,train
tr-009_02063,tr-009,637.8,641.82,4.02,Good,NSY,guarani_only,train
tr-011_02946,tr-011,760.019,762.389,2.37,Good,,spanish_only,train
tr-011_03000,tr-011,1097.638,1099.976,2.338,CRT-A,,spanish_only,train
tr-008_01617,tr-008,558.902,561.212,2.31,Good,,spanish_only,train
tr-006_00961,tr-006,3119.515,3121.815,2.3,Good,TMC,mixed,train
tr-009_02146,tr-009,1395.642,1397.912,2.27,Good,,spanish_only,train
tr-010_02744,tr-010,2507.005,2513.26,6.255,MTS,,spanish_only,
tr-005_00437,tr-005,3564.043,3566.293,2.25,Good,,spanish_only,train
tr-009_02304,tr-009,2756.208,2758.408,2.2,Good,,spanish_only,train
tr-011_03089,tr-011,1766.514,1768.683,2.169,Good,,spanish_only,train
tr-011_02892,tr-011,346.366,348.526,2.16,Good,,spanish_only,train
tr-011_03081,tr-011,1714.179,1716.329,2.15,MTS,,spanish_only,
tr-010_02654,tr-010,1828.03,1830.15,2.12,Good,,spanish_only,dev
tr-005_00235,tr-005,1890.736,1892.846,2.11,Good,,spanish_only,dev
tr-005_00369,tr-005,3035.816,3037.906,2.09,Good,NSY,spanish_only,train
tr-005_00172,tr-005,1396.575,1398.62,2.045,Good,,spanish_only,train
tr-005_00440,tr-005,3601.043,3603.073,2.03,Good,,spanish_only,train
tr-006_00523,tr-006,425.57,427.58,2.01,Good,,spanish_only,train
tr-005_00057,tr-005,437.87,445.185,7.315,MTS,,spanish_only,
tr-011_02847,tr-011,10.03,18.81,8.78,Good,TMC,spanish_only,train
tr-008_01638,tr-008,669.991,675.116,5.125,Good,,spanish_only,train
tr-006_00906,tr-006,2816.66,2822.03,5.37,Good,,spanish_only,train
tr-008_01618,tr-008,561.936,566.561,4.625,Good,,spanish_only,dev
tr-006_00704,tr-006,1620.1,1624.08,3.98,Good,TMC,spanish_only,train
tr-008_01785,tr-008,1775.775,1779.124,3.349,MTS,,spanish_only,
tr-009_02121,tr-009,1195.215,1198.48,3.265,Good,,spanish_only,train
tr-008_01733,tr-008,1440.013,1443.222,3.209,EXC,,,
tr-006_01011,tr-006,3385.58,3388.77,3.19,Good,,spanish_only,train
tr-005_00361,tr-005,2964.606,2967.726,3.12,Good,,spanish_only,train
tr-010_02741,tr-010,2487.395,2490.504,3.109,Good,TMC,spanish_only,train
tr-011_03139,tr-011,2220.633,2223.719,3.086,Good,,spanish_only,train
tr-006_00964,tr-006,3141.37,3144.4,3.03,Good,TMC,spanish_only,train
tr-008_01593,tr-008,390.75,393.712,2.962,MTS,,mixed,
tr-010_02829,tr-010,3182.811,3185.746,2.935,Good,TMC,spanish_only,train
tr-008_01585,tr-008,315.995,318.911,2.916,Good,NSY,spanish_only,train
tr-007_01377,tr-007,2476.523,2479.423,2.9,Good,TMC,spanish_only,train
tr-011_03217,tr-011,2728.933,2731.766,2.833,EXC,,,
tr-006_00601,tr-006,867.28,870.11,2.83,Good,,spanish_only,train
tr-011_02878,tr-011,278.371,281.172,2.801,Good,TMC,spanish_only,train
tr-010_02643,tr-010,1738.755,1741.515,2.76,Good,,spanish_only,train
tr-009_02180,tr-009,1770.715,1773.417,2.702,Good,,spanish_only,train
tr-009_02112,tr-009,1123.917,1126.527,2.61,Good,,spanish_only,train
tr-006_00873,tr-006,2654.435,2656.975,2.54,Good,TMC,spanish_only,train
tr-010_02725,tr-010,2384.125,2386.648,2.523,Good,,spanish_only,dev
tr-006_00596,tr-006,835.11,837.61,2.5,Good,,spanish_only,train
tr-006_00742,tr-006,1867.32,1869.8,2.48,Good,,spanish_only,train
tr-008_01616,tr-008,555.962,558.417,2.455,Good,,spanish_only,train
tr-010_02591,tr-010,1369.003,1371.453,2.45,Good,,spanish_only,train
tr-008_01571,tr-008,183.12,185.535,2.415,MTS,,spanish_only,
tr-010_02747,tr-010,2523.14,2525.55,2.41,Good,TMC,spanish_only,train
tr-009_02354,tr-009,3236.929,3239.291,2.362,MTS,,spanish_only,
tr-007_01493,tr-007,3352.164,3354.507,2.343,Good,TMC,spanish_only,train
tr-007_01485,tr-007,3304.399,3306.729,2.33,Good,,spanish_only,dev
tr-008_01692,tr-008,1077.197,1079.515,2.318,Good,,spanish_only,train
tr-009_02185,tr-009,1791.69,1793.99,2.3,Good,,spanish_only,train
tr-009_02370,tr-009,3442.33,3444.622,2.292,Good,,spanish_only,dev
tr-011_02863,tr-011,140.12,142.394,2.274,MTS,,spanish_only,
tr-006_00846,tr-006,2495.96,2498.22,2.26,Good,,spanish_only,train
tr-007_01503,tr-007,3407.304,3413.299,5.995,MTS,,mixed,
tr-009_02251,tr-009,2352.41,2354.66,2.25,Good,,spanish_only,train
tr-009_02153,tr-009,1453.622,1455.842,2.22,Good,,spanish_only,train
tr-006_00657,tr-006,1261.63,1263.83,2.2,Good,TMC,spanish_only,train
tr-006_00612,tr-006,909.86,912.05,2.19,Good,,spanish_only,train
tr-005_00448,tr-005,3681.468,3687.703,6.235,MTS,BCO,spanish_only,
tr-006_00675,tr-006,1418.807,1420.962,2.155,Good,,spanish_only,train
tr-009_02168,tr-009,1630.48,1636.885,6.405,MTS,,spanish_only,
tr-007_01270,tr-007,1554.853,1556.953,2.1,Good,TMC,mixed,train
tr-010_02702,tr-010,2193.175,2195.25,2.075,Good,TMC,spanish_only,train
tr-008_01664,tr-008,892.065,894.105,2.04,Good,NSY,spanish_only,train
tr-010_02561,tr-010,1182.818,1184.858,2.04,Good,TMC,spanish_only,dev
tr-009_02264,tr-009,2456.13,2458.16,2.03,MTS,,spanish_only,
tr-011_03248,tr-011,2981.873,2983.899,2.026,Good,TMC,spanish_only,train
tr-009_02105,tr-009,1040.261,1054.259,13.998,Good,NCT,spanish_only,train
tr-006_00624,tr-006,971.845,980.305,8.46,Good,TMC,spanish_only,train
tr-007_01494,tr-007,3355.139,3360.534,5.395,Good,TMC,spanish_only,train
tr-009_02257,tr-009,2397.349,2401.852,4.503,MTS,,spanish_only,
tr-008_01707,tr-008,1230.522,1234.587,4.065,EXC,,,
tr-005_00351,tr-005,2832.391,2836.301,3.91,Good,,spanish_only,train
tr-009_02188,tr-009,1808.748,1812.466,3.718,Good,TMC,mixed,train
tr-005_00146,tr-005,1215.495,1219.095,3.6,Good,TMC,spanish_only,train
tr-007_01297,tr-007,1820.118,1823.528,3.41,Good,,spanish_only,train
tr-008_01710,tr-008,1246.797,1250.202,3.405,Good,,spanish_only,dev
tr-008_01563,tr-008,127.918,131.198,3.28,Good,,spanish_only,train
tr-008_01669,tr-008,926.083,929.31,3.227,Good,TMC,spanish_only,train
tr-008_01639,tr-008,675.121,678.176,3.055,Good,TMC,spanish_only,train
tr-010_02588,tr-010,1349.838,1352.798,2.96,Good,,spanish_only,train
tr-010_02822,tr-010,3120.226,3123.111,2.885,Good,,spanish_only,train
tr-010_02823,tr-010,3123.82,3126.684,2.864,Good,TMC,mixed,train
tr-011_02860,tr-011,111.512,121.688,10.176,MTS,,spanish_only,
tr-006_00830,tr-006,2412.295,2415.095,2.8,Good,,spanish_only,train
tr-010_02683,tr-010,2055.14,2057.87,2.73,Good,,spanish_only,train
tr-010_02631,tr-010,1636.815,1639.483,2.668,Good,TMC,spanish_only,train
tr-006_00501,tr-006,300.09,302.72,2.63,Good,TMC,mixed,train
tr-006_00806,tr-006,2250.8,2253.365,2.565,Good,,spanish_only,train
tr-010_02603,tr-010,1432.061,1434.586,2.525,Good,TMC,spanish_only,train
tr-006_00952,tr-006,3088.125,3090.56,2.435,Good,TMC,spanish_only,train
tr-010_02563,tr-010,1187.363,1189.793,2.43,MTS,,spanish_only,
tr-009_02115,tr-009,1154.78,1157.165,2.385,Good,,spanish_only,train
tr-006_00831,tr-006,2415.34,2417.71,2.37,Good,TMC,spanish_only,train
tr-011_03047,tr-011,1398.806,1401.159,2.353,Good,,spanish_only,train
tr-011_02936,tr-011,692.955,695.304,2.349,Good,,spanish_only,train
tr-006_00515,tr-006,392.2,394.54,2.34,Good,,spanish_only,train
tr-010_02687,tr-010,2079.3,2081.605,2.305,Good,TMC,spanish_only,train
tr-005_00096,tr-005,769.835,772.125,2.29,Good,,spanish_only,train
tr-010_02610,tr-010,1472.118,1474.398,2.28,CRT-A,,spanish_only,train
tr-011_03183,tr-011,2513.038,2518.462,5.424,MTS,,mixed,
tr-008_01643,tr-008,705.094,707.354,2.26,Good,,spanish_only,train
tr-011_02884,tr-011,312.608,318.212,5.604,CRT-A,,mixed,train
tr-007_01177,tr-007,721.15,723.39,2.24,Good,,spanish_only,dev
tr-007_01518,tr-007,3511.074,3513.304,2.23,MTS,BCO,jehe'a,
tr-010_02628,tr-010,1612.86,1615.038,2.178,MTS,,spanish_only,
tr-005_00350,tr-005,2828.971,2831.141,2.17,Good,TMC,spanish_only,train
tr-006_00478,tr-006,167.335,169.505,2.17,Good,TMC,spanish_only,train
tr-010_02554,tr-010,1140.338,1142.498,2.16,Good,,spanish_only,dev
tr-007_01130,tr-007,270.715,272.865,2.15,CRT-D,BLK,spanish_only,train
tr-005_00099,tr-005,777.45,779.59,2.14,MTS,BCO,spanish_only,
tr-009_02190,tr-009,1858.511,1860.631,2.12,Good,TMC,spanish_only,train
tr-007_01342,tr-007,2202.673,2204.773,2.1,Good,,spanish_only,train
tr-006_00692,tr-006,1515.042,1517.132,2.09,Good,,spanish_only,train
tr-011_03017,tr-011,1227.594,1229.684,2.09,Good,,spanish_only,train
tr-009_02137,tr-009,1298.247,1300.297,2.05,Good,,spanish_only,train
tr-010_02594,tr-010,1380.313,1382.348,2.035,MTS,,mixed,
tr-005_00053,tr-005,413.01,415.03,2.02,Good,TMC,spanish_only,train
tr-007_01262,tr-007,1501.294,1503.307,2.013,CRT-D,BLK,spanish_only,train
tr-011_03114,tr-011,2021.397,2028.457,7.06,MTS,,spanish_only,
tr-011_03040,tr-011,1348.514,1359.759,11.245,MTS,,spanish_only,
tr-008_01548,tr-008,3.078,7.786,4.708,EXC,,,
tr-010_02589,tr-010,1353.303,1357.888,4.585,Good,,spanish_only,train
tr-008_01565,tr-008,141.201,145.541,4.34,CRT-D,BLK,mixed,train
tr-011_02958,tr-011,826.764,830.444,3.68,CRT-A,,spanish_only,train
tr-005_00074,tr-005,565.13,568.68,3.55,MTS,BCO,mixed,
tr-006_00535,tr-006,519.08,522.46,3.38,Good,,spanish_only,train
tr-008_01923,tr-008,2922.872,2926.123,3.251,Good,,spanish_only,train
tr-006_00981,tr-006,3215.63,3218.705,3.075,Good,,spanish_only,train
tr-006_00547,tr-006,570.35,573.32,2.97,Good,,spanish_only,train
tr-010_02700,tr-010,2166.89,2169.78,2.89,Good,NSY,spanish_only,train
tr-009_02253,tr-009,2360.82,2363.58,2.76,Good,,spanish_only,train
tr-005_00082,tr-005,620.935,623.585,2.65,Good,,spanish_only,train
tr-008_01598,tr-008,412.327,414.967,2.64,Good,TMC,spanish_only,dev
tr-007_01506,tr-007,3424.189,3426.794,2.605,Good,,spanish_only,train
tr-010_02677,tr-010,2000.465,2003.03,2.565,MTS,,spanish_only,
tr-009_02244,tr-009,2322.48,2325,2.52,Good,,spanish_only,train
tr-007_01542,tr-007,3713.753,3716.266,2.513,Good,,spanish_only,train
tr-005_00338,tr-005,2739.591,2742.086,2.495,EXC,,,
tr-010_02827,tr-010,3154.001,3156.473,2.472,Good,,mixed,train
tr-010_02705,tr-010,2208.195,2210.626,2.431,CRT-A,,spanish_only,train
tr-008_01660,tr-008,843.96,846.385,2.425,Good,,spanish_only,train
tr-008_01700,tr-008,1151.271,1153.652,2.381,EXC,,,
tr-010_02675,tr-010,1994.316,1996.665,2.349,Good,TMC,spanish_only,dev
tr-007_01123,tr-007,239.865,242.185,2.32,CRT-D,BLK,spanish_only,train
tr-008_01605,tr-008,487.472,489.782,2.31,Good,,spanish_only,dev
tr-010_02616,tr-010,1520.598,1522.898,2.3,Good,TMC,spanish_only,train
tr-006_01039,tr-006,3572.095,3574.315,2.22,Good,TMC,spanish_only,train
tr-006_00577,tr-006,718.62,720.83,2.21,Good,,spanish_only,train
tr-008_01782,tr-008,1766.255,1768.451,2.196,Good,,spanish_only,train
tr-009_02343,tr-009,3136.04,3138.205,2.165,EXC,,,
tr-005_00159,tr-005,1281.29,1283.43,2.14,Good,TMC,spanish_only,train
tr-005_00051,tr-005,404.12,406.235,2.115,MTS,,spanish_only,
tr-009_02149,tr-009,1429.857,1431.939,2.082,Good,,spanish_only,train
tr-010_02640,tr-010,1729.865,1731.935,2.07,Good,,mixed,train
tr-009_02130,tr-009,1250.647,1252.682,2.035,Good,,spanish_only,train
tr-006_00923,tr-006,2906.875,2908.885,2.01,Good,TMC,spanish_only,train
tr-008_01950,tr-008,3101.373,3104.347,2.974,Good,,mixed,train
tr-008_01806,tr-008,1976.406,1979.32,2.914,Good,,mixed,train
tr-007_01174,tr-007,697.75,700.43,2.68,Good,TMC,mixed,train
tr-008_01864,tr-008,2462.89,2465.524,2.634,Good,,mixed,test
tr-009_02048,tr-009,439.172,441.765,2.593,Good,TMC,guarani_only,train
tr-009_02090,tr-009,882.12,884.633,2.513,MTS,BCO,mixed,
tr-006_00780,tr-006,2073.8,2076.29,2.49,Good,TMC,mixed,train
tr-007_01345,tr-007,2214.433,2216.863,2.43,Good,TMC,mixed,train
tr-008_01622,tr-008,590.582,592.927,2.345,CRT-A,,spanish_only,train
tr-008_01867,tr-008,2493.606,2495.912,2.306,EXC,,,
tr-010_02473,tr-010,597.838,600.143,2.305,Good,,jehe'a,train
tr-010_02516,tr-010,879.053,881.353,2.3,Good,,jehe'a,train
tr-007_01385,tr-007,2525.483,2527.728,2.245,EXC,,,
tr-010_02817,tr-010,3104.211,3106.431,2.22,Good,,mixed,train
tr-010_02445,tr-010,350.978,353.183,2.205,Good,TMC,mixed,train
tr-007_01291,tr-007,1794.548,1796.748,2.2,EXC,,,
tr-009_02259,tr-009,2407.9,2410.093,2.193,Good,TMC,spanish_only,train
tr-010_02509,tr-010,826.453,828.613,2.16,Good,TMC,mixed,train
tr-007_01267,tr-007,1540.028,1542.133,2.105,CRT-A,,mixed,train
tr-007_01450,tr-007,2977.372,2979.442,2.07,Good,TMC,jehe'a,train
tr-005_00044,tr-005,338.365,340.375,2.01,Good,,mixed,train
tr-009_02393,tr-009,3686.557,3687.981,1.424,CRT-A,,mixed,train
tr-010_02432,tr-010,266.348,283.543,17.195,MTS,BCO,jehe'a,
tr-008_01905,tr-008,2771.472,2774.949,3.477,Good,TMC,mixed,train
tr-009_02313,tr-009,2809.266,2812.55,3.284,Good,TMC,jehe'a,train
tr-009_02310,tr-009,2786.089,2789.341,3.252,Good,,mixed,train
tr-008_01805,tr-008,1972.623,1975.527,2.904,Good,,mixed,train
tr-007_01234,tr-007,1247.38,1249.926,2.546,Good,TMC,jehe'a,train
tr-008_01852,tr-008,2348.787,2351.176,2.389,Good,,mixed,train
tr-008_01896,tr-008,2685.7,2688.063,2.363,Good,,mixed,train
tr-008_01846,tr-008,2312.314,2314.579,2.265,Good,,mixed,dev
tr-009_02191,tr-009,1861.076,1872.927,11.851,Good,,jehe'a,train
tr-010_02543,tr-010,1063.303,1065.44,2.137,EXC,,,
tr-009_02361,tr-009,3283.05,3313.356,30.306,Good,TMC,jehe'a,dev
tr-008_01985,tr-008,3366.853,3369.389,2.536,EXC,,,
tr-007_01180,tr-007,773.94,792.94,19,Good,TMC,jehe'a,train
tr-009_02282,tr-009,2625.143,2634.264,9.121,EXC,,,
tr-008_01829,tr-008,2134.33,2151.897,17.567,MTS,,jehe'a,
tr-008_01946,tr-008,3075.703,3077.836,2.133,Good,,jehe'a,train
tr-007_01311,tr-007,1925.933,1945.809,19.876,CRT-D,BLK,jehe'a,train
tr-006_00866,tr-006,2598.615,2619.51,20.895,Good,,spanish_only,train
tr-010_02469,tr-010,551.533,575.233,23.7,MTS,BCO,jehe'a,
tr-008_01892,tr-008,2659.511,2677.309,17.798,MTS,,mixed,
tr-006_00684,tr-006,1463.251,1479.147,15.896,Good,TMC,mixed,train
tr-011_02905,tr-011,406.852,418.858,12.006,CRT-D,BLK,mixed,train
tr-010_02494,tr-010,719.858,739.753,19.895,CRT-A,,jehe'a,train
tr-011_02867,tr-011,172.587,187.542,14.955,MTS,BCO,mixed,
tr-011_02937,tr-011,695.48,710.979,15.499,CRT-D,BLK,jehe'a,train
tr-010_02664,tr-010,1904.11,1921.345,17.235,MTS,,jehe'a,
tr-007_01510,tr-007,3440.589,3452.064,11.475,MTS,,mixed,
tr-005_00119,tr-005,1002.29,1021.31,19.02,CRT-D,BLK,mixed,train
tr-006_00486,tr-006,204.145,223.115,18.97,Good,TMC,mixed,train
tr-007_01538,tr-007,3682.718,3701.304,18.586,Good,TMC,jehe'a,train
tr-010_02537,tr-010,998.638,1011.25,12.612,MTS,,jehe'a,
tr-010_02648,tr-010,1781.71,1801.055,19.345,MTS,,spanish_only,
tr-011_03053,tr-011,1438.434,1454.749,16.315,MTS,,spanish_only,
tr-011_02989,tr-011,1025.709,1044.089,18.38,Good,,mixed,train
tr-009_02360,tr-009,3256.085,3282.318,26.233,CRT-D,BLK,jehe'a,train
tr-010_02756,tr-010,2572.915,2596.545,23.63,MTS,BCO,mixed,
tr-010_02434,tr-010,287.753,304.263,16.51,CRT-D,BLK,jehe'a,train
tr-010_02462,tr-010,499.188,519.918,20.73,MTS,,jehe'a,
tr-011_03266,tr-011,3088.125,3103.358,15.233,MTS,,mixed,
tr-008_01857,tr-008,2381.841,2412.299,30.458,MTS,,jehe'a,
tr-008_01731,tr-008,1411.87,1436.033,24.163,MTS,,mixed,
tr-008_01772,tr-008,1683.695,1699.46,15.765,MTS,,jehe'a,
tr-005_00441,tr-005,3603.963,3617.543,13.58,MTS,BCO,mixed,
tr-005_00141,tr-005,1173.435,1185.56,12.125,CRT-D,BLK,spanish_only,dev
tr-007_01309,tr-007,1901.193,1923.395,22.202,MTS,,mixed,
tr-011_03056,tr-011,1488.889,1505.301,16.412,Good,,mixed,train
tr-007_01164,tr-007,602.885,614.34,11.455,MTS,,mixed,
tr-007_01351,tr-007,2246.273,2273.803,27.53,MTS,,jehe'a,
tr-011_03269,tr-011,3115.303,3138.098,22.795,MTS,,mixed,
tr-009_02035,tr-009,291.667,335.035,43.368,CRT-D,BLK,jehe'a,train
tr-009_02213,tr-009,2020.779,2036.179,15.4,Good,,mixed,train
tr-011_03012,tr-011,1200.916,1212.212,11.296,MTS,,mixed,
tr-008_01836,tr-008,2224.908,2241.92,17.012,MTS,,jehe'a,
tr-005_00006,tr-005,61.73,81.57,19.84,MTS,,mixed,
tr-006_00726,tr-006,1755.7,1779.66,23.96,MTS,,mixed,
tr-011_03171,tr-011,2397.968,2413.427,15.459,EXC,,,
tr-010_02430,tr-010,240.878,261.643,20.765,Good,TMC,jehe'a,train
tr-011_03233,tr-011,2873.869,2891.449,17.58,CRT-D,BLK,mixed,train
tr-010_02706,tr-010,2210.626,2232.685,22.059,Good,TMC,mixed,train
tr-010_02645,tr-010,1751.784,1774.46,22.676,Good,TMC,mixed,train
tr-009_02373,tr-009,3472.753,3494.336,21.583,MTS,,spanish_only,
tr-011_03170,tr-011,2383.171,2397.968,14.797,EXC,,,
tr-011_03271,tr-011,3153.614,3169.114,15.5,MTS,,mixed,
tr-010_02701,tr-010,2170.85,2192.974,22.124,Good,TMC,mixed,train
tr-007_01280,tr-007,1602.253,1624.928,22.675,MTS,,jehe'a,
tr-008_01815,tr-008,2041.934,2071.641,29.707,MTS,,jehe'a,
tr-008_01663,tr-008,875.666,892.065,16.399,MTS,BCO,mixed,
tr-011_03118,tr-011,2061.138,2075.104,13.966,MTS,,mixed,
tr-011_03112,tr-011,1997.879,2019.347,21.468,MTS,,mixed,
tr-006_00915,tr-006,2857.525,2879.29,21.765,Good,TMC,jehe'a,train
tr-007_01197,tr-007,929.8,963.26,33.46,MTS,TMC,jehe'a,
tr-009_02224,tr-009,2147.265,2162.302,15.037,Good,TMC,mixed,dev
tr-006_00651,tr-006,1188.097,1209.92,21.823,Good,TMC,spanish_only,train
tr-006_01008,tr-006,3351.13,3374.878,23.748,Good,TMC,jehe'a,train
tr-006_00507,tr-006,327.97,353.78,25.81,Good,TMC,mixed,train
tr-007_01467,tr-007,3115.422,3145.084,29.662,MTS,BCO,jehe'a,
tr-008_01924,tr-008,2926.123,2957.04,30.917,MTS,,jehe'a,
tr-006_00888,tr-006,2722.48,2745.505,23.025,Good,TMC,mixed,train
tr-011_02900,tr-011,379.707,393.987,14.28,CRT-D,BLK,mixed,train
tr-009_02206,tr-009,1967.526,1992.661,25.135,MTS,,jehe'a,
tr-007_01111,tr-007,176.11,197.51,21.4,CRT-D,BLK,mixed,train
tr-008_01761,tr-008,1607.798,1632.05,24.252,MTS,,mixed,
tr-007_01463,tr-007,3052.482,3078.63,26.148,MTS,TMC,jehe'a,
tr-006_01051,tr-006,3626.94,3650.46,23.52,Good,TMC,jehe'a,train
tr-010_02794,tr-010,2888.18,2919.795,31.615,Good,TMC,mixed,train
tr-010_02774,tr-010,2730.91,2755.9,24.99,Good,TMC,spanish_only,train
tr-011_03075,tr-011,1646.284,1672.439,26.155,MTS,,mixed,
tr-008_01644,tr-008,707.355,738.629,31.274,MTS,BCO,jehe'a,
tr-010_02667,tr-010,1933.645,1971.86,38.215,Good,TMC,mixed,train
tr-009_02237,tr-009,2242,2264.76,22.76,MTS,,mixed,
tr-010_02407,tr-010,63.995,102.452,38.457,Good,TMC,jehe'a,train
tr-006_00653,tr-006,1214.61,1236.675,22.065,Good,TMC,mixed,train
tr-007_01316,tr-007,2012.663,2043.859,31.196,CRT-D,BLK,jehe'a,train
tr-007_01103,tr-007,50.705,91.85,41.145,MTS,BCO,jehe'a,
tr-007_01528,tr-007,3581.994,3620.299,38.305,Good,TMC,jehe'a,train
tr-011_03232,tr-011,2846.458,2873.313,26.855,MTS,,mixed,
tr-011_03176,tr-011,2440.202,2465.399,25.197,MTS,,mixed,
tr-007_01257,tr-007,1447.648,1483.313,35.665,Good,TMC,mixed,train
tr-009_02301,tr-009,2710.18,2747.275,37.095,Good,TMC,spanish_only,train
tr-010_02456,tr-010,418.373,460.723,42.35,MTS,TMC,jehe'a,
tr-008_01576,tr-008,212.695,258.58,45.885,Good,TMC,mixed,test
tr-008_01600,tr-008,419.432,470.6,51.168,Good,,mixed,dev
tr-007_01471,tr-007,3161.849,3194.404,32.555,Good,TMC,jehe'a,train
tr-011_02873,tr-011,219.234,251.958,32.724,Good,TMC,mixed,dev
tr-011_03055,tr-011,1461.723,1488.699,26.976,MTS,,mixed,
tr-007_01218,tr-007,1103.62,1149.575,45.955,Good,TMC,jehe'a,train
tr-007_01135,tr-007,290.155,339.61,49.455,Good,TMC,mixed,train
tr-011_02907,tr-011,423.378,458.991,35.613,Good,TMC,jehe'a,train
tr-009_02189,tr-009,1816.21,1858.262,42.052,MTS,NSY,jehe'a,
tr-011_03129,tr-011,2137.819,2175.374,37.555,MTS,,mixed,
tr-011_02927,tr-011,612.492,647.134,34.642,Good,TMC,mixed,train
tr-008_01688,tr-008,1030.68,1067.625,36.945,MTS,BCO,jehe'a,
tr-011_03099,tr-011,1868.504,1901.994,33.49,MTS,,mixed,
tr-007_01187,tr-007,825.99,874.45,48.46,MTS,TMC,jehe'a,
tr-006_00641,tr-006,1058.025,1104.31,46.285,Good,TMC,mixed,test
tr-007_01364,tr-007,2340.653,2391.233,50.58,Good,TMC,mixed,train
tr-006_00693,tr-006,1517.257,1576.62,59.363,Good,TMC,jehe'a,test
tr-007_01283,tr-007,1635.088,1708.278,73.19,Good,TMC,jehe'a,train
tr-005_00174,tr-005,1401.73,1403.79,2.06,EXC,,,
tr-005_00133,tr-005,1115.22,1133.38,18.16,CRT-D,BLK,jehe'a,train
tr-005_00390,tr-005,3133.251,3150.256,17.005,MTS,,mixed,
tr-005_00355,tr-005,2873.311,2895.361,22.05,MTS,,jehe'a,
tr-005_00317,tr-005,2496.941,2518.146,21.205,CRT-D,BLK,jehe'a,train
tr-005_00435,tr-005,3538.338,3559.768,21.43,MTS,BCO,jehe'a,
tr-005_00265,tr-005,2078.206,2094.736,16.53,EXC,,,
tr-005_00330,tr-005,2650.511,2672.396,21.885,CRT-D,BLK,jehe'a,train
tr-005_00352,tr-005,2838.861,2864.456,25.595,MTS,TMC,jehe'a,
tr-005_00357,tr-005,2898.366,2921.431,23.065,MTS,TMC,jehe'a,
tr-005_00107,tr-005,814.71,846.315,31.605,CRT-D,BLK,jehe'a,train
tr-005_00257,tr-005,2022.106,2040.851,18.745,EXC,,,
tr-005_00118,tr-005,978.92,1001.83,22.91,MTS,,mixed,
tr-005_00306,tr-005,2389.421,2419.326,29.905,MTS,TMC,jehe'a,
tr-005_00109,tr-005,851.765,884.185,32.42,MTS,TMC,mixed,
tr-005_00230,tr-005,1838.376,1870.501,32.125,CRT-D,BLK,mixed,train
tr-005_00419,tr-005,3404.336,3423.816,19.48,MTS,TMC,jehe'a,
tr-005_00329,tr-005,2622.046,2650.511,28.465,CRT-D,BLK,jehe'a,dev
tr-005_00439,tr-005,3570.398,3600.913,30.515,EXC,,,
tr-005_00397,tr-005,3214.461,3262.421,47.96,CRT-D,BLK,jehe'a,train
tr-009_02045,tr-009,414.213,418.474,4.261,Good,TMC,guarani_only,train
tr-010_02420,tr-010,184.925,187.066,2.141,Good,,guarani_only,
tr-009_02020,tr-009,197.865,203.402,5.537,EXC,,,
tr-008_01547,tr-008,0.97,3.078,2.108,EXC,,,
tr-010_02417,tr-010,163.945,171.42,7.475,Good,TMC,jehe'a,train
tr-010_02464,tr-010,523.168,527.358,4.19,Good,TMC,mixed,train
tr-007_01466,tr-007,3110.094,3115.383,5.289,EXC,,,
tr-010_02415,tr-010,138.21,143.639,5.429,Good,,guarani_only,test
tr-008_01698,tr-008,1143.735,1146.214,2.479,EXC,,,
tr-008_01866,tr-008,2491.081,2493.319,2.238,EXC,,,
