clip_id,split_files
common_voice_gn_26354844,train_cv_cegpa;train_cv_cegpa_up2;train_cv_cegpa_up3;train_guarani_only
common_voice_gn_26354867,train_cv_cegpa;train_cv_cegpa_up2;train_cv_cegpa_up3;train_guarani_only
common_voice_gn_26354942,train_cv_cegpa;train_cv_cegpa_up2;train_cv_cegpa_up3;train_guarani_only
common_voice_gn_26354943,train_cv_cegpa;train_cv_cegpa_up2;train_cv_cegpa_up3;train_guarani_only
common_voice_gn_26354944,train_cv_cegpa;train_cv_cegpa_up2;train_cv_cegpa_up3;train_guarani_only
common_voice_gn_26354945,train_cv_cegpa;train_cv_cegpa_up2;train_cv_cegpa_up3;train_guarani_only
common_voice_gn_26355008,train_cv_cegpa;train_cv_cegpa_up2;train_cv_cegpa_up3;train_guarani_only
common_voice_gn_26356497,train_cv_cegpa;train_cv_cegpa_up2;train_cv_cegpa_up3;train_guarani_only
common_voice_gn_26356521,train_cv_cegpa;train_cv_cegpa_up2;train_cv_cegpa_up3;train_guarani_only
common_voice_gn_26356530,dev_guarani_only
common_voice_gn_26356537,train_cv_cegpa;train_cv_cegpa_up2;train_cv_cegpa_up3;train_guarani_only
common_voice_gn_26356539,train_cv_cegpa;train_cv_cegpa_up2;train_cv_cegpa_up3;train_guarani_only
common_voice_gn_26356575,train_cv_cegpa;train_cv_cegpa_up2;train_cv_cegpa_up3;train_guarani_only
common_voice_gn_26357917,train_cv_cegpa;train_cv_cegpa_up2;train_cv_cegpa_up3;train_guarani_only
common_voice_gn_26357919,train_cv_cegpa;train_cv_cegpa_up2;train_cv_cegpa_up3;train_guarani_only
common_voice_gn_26357962,train_cv_cegpa;train_cv_cegpa_up2;train_cv_cegpa_up3;train_guarani_only
common_voice_gn_26357963,train_cv_cegpa;train_cv_cegpa_up2;train_cv_cegpa_up3;train_guarani_only
common_voice_gn_26357972,dev_guarani_only
common_voice_gn_26357973,train_cv_cegpa;train_cv_cegpa_up2;train_cv_cegpa_up3;train_guarani_only
common_voice_gn_26357975,train_cv_cegpa;train_cv_cegpa_up2;train_cv_cegpa_up3;train_guarani_only
common_voice_gn_26357982,train_cv_cegpa;train_cv_cegpa_up2;train_cv_cegpa_up3;train_guarani_only
common_voice_gn_26357984,train_cv_cegpa;train_cv_cegpa_up2;train_cv_cegpa_up3;train_guarani_only
common_voice_gn_26357992,train_cv_cegpa;train_cv_cegpa_up2;train_cv_cegpa_up3;train_guarani_only
common_voice_gn_26357993,train_cv_cegpa;train_cv_cegpa_up2;train_cv_cegpa_up3;train_guarani_only
common_voice_gn_26357994,train_cv_cegpa;train_cv_cegpa_up2;train_cv_cegpa_up3;train_guarani_only
common_voice_gn_26376315,train_cv_cegpa;train_cv_cegpa_up2;train_cv_cegpa_up3;train_guarani_only
common_voice_gn_26378349,train_cv_cegpa;train_cv_cegpa_up2;train_cv_cegpa_up3;train_guarani_only
common_voice_gn_26378350,train_cv_cegpa;train_cv_cegpa_up2;train_cv_cegpa_up3;train_guarani_only
common_voice_gn_26407641,train_cv_cegpa;train_cv_cegpa_up2;train_cv_cegpa_up3;train_guarani_only
common_voice_gn_26408772,train_cv_cegpa;train_cv_cegpa_up2;train_cv_cegpa_up3;train_guarani_only
common_voice_gn_26408774,train_cv_cegpa;train_cv_cegpa_up2;train_cv_cegpa_up3;train_guarani_only
common_voice_gn_26425414,train_cv_cegpa;train_cv_cegpa_up2;train_cv_cegpa_up3;train_guarani_only
common_voice_gn_26425415,train_cv_cegpa;train_cv_cegpa_up2;train_cv_cegpa_up3;train_guarani_only
common_voice_gn_26425420,train_cv_cegpa;train_cv_cegpa_up2;train_cv_cegpa_up3;train_guarani_only
common_voice_gn_26425446,train_cv_cegpa;train_cv_cegpa_up2;train_cv_cegpa_up3;train_guarani_only
common_voice_gn_26425448,train_cv_cegpa;train_cv_cegpa_up2;train_cv_cegpa_up3;train_guarani_only
common_voice_gn_26482040,train_cv_cegpa;train_cv_cegpa_up2;train_cv_cegpa_up3;train_guarani_only
common_voice_gn_26482054,train_cv_cegpa;train_cv_cegpa_up2;train_cv_cegpa_up3;train_guarani_only
common_voice_gn_26482059,train_cv_cegpa;train_cv_cegpa_up2;train_cv_cegpa_up3;train_guarani_only
common_voice_gn_26482068,train_cv_cegpa;train_cv_cegpa_up2;train_cv_cegpa_up3;train_guarani_only
common_voice_gn_26488586,train_cv_cegpa;train_cv_cegpa_up2;train_cv_cegpa_up3;train_guarani_only
common_voice_gn_26488600,train_cv_cegpa;train_cv_cegpa_up2;train_cv_cegpa_up3;train_guarani_only
common_voice_gn_26492852,train_cv_cegpa;train_cv_cegpa_up2;train_cv_cegpa_up3;train_guarani_only
common_voice_gn_26492875,train_cv_cegpa;train_cv_cegpa_up2;train_cv_cegpa_up3;train_guarani_only
common_voice_gn_26492880,train_cv_cegpa;train_cv_cegpa_up2;train_cv_cegpa_up3;train_guarani_only
common_voice_gn_26492903,train_cv_cegpa;train_cv_cegpa_up2;train_cv_cegpa_up3;train_guarani_only
common_voice_gn_26492904,train_cv_cegpa;train_cv_cegpa_up2;train_cv_cegpa_up3;train_guarani_only
common_voice_gn_26497979,train_cv_cegpa;train_cv_cegpa_up2;train_cv_cegpa_up3;train_guarani_only
common_voice_gn_26498011,train_cv_cegpa;train_cv_cegpa_up2;train_cv_cegpa_up3;train_guarani_only
common_voice_gn_26498940,train_cv_cegpa;train_cv_cegpa_up2;train_cv_cegpa_up3;train_guarani_only
common_voice_gn_26498947,train_cv_cegpa;train_cv_cegpa_up2;train_cv_cegpa_up3;train_guarani_only
common_voice_gn_26498950,train_cv_cegpa;train_cv_cegpa_up2;train_cv_cegpa_up3;train_guarani_only
common_voice_gn_26498951,train_cv_cegpa;train_cv_cegpa_up2;train_cv_cegpa_up3;train_guarani_only
common_voice_gn_26519638,train_cv_cegpa;train_cv_cegpa_up2;train_cv_cegpa_up3;train_guarani_only
common_voice_gn_26519642,train_cv_cegpa;train_cv_cegpa_up2;train_cv_cegpa_up3;train_guarani_only
common_voice_gn_26548038,train_cv_cegpa;train_cv_cegpa_up2;train_cv_cegpa_up3;train_guarani_only
common_voice_gn_26548043,train_cv_cegpa;train_cv_cegpa_up2;train_cv_cegpa_up3;train_guarani_only
common_voice_gn_26548045,train_cv_cegpa;train_cv_cegpa_up2;train_cv_cegpa_up3;train_guarani_only
common_voice_gn_26548053,train_cv_cegpa;train_cv_cegpa_up2;train_cv_cegpa_up3;train_guarani_only
common_voice_gn_26548064,train_cv_cegpa;train_cv_cegpa_up2;train_cv_cegpa_up3;train_guarani_only
common_voice_gn_26548065,train_cv_cegpa;train_cv_cegpa_up2;train_cv_cegpa_up3;train_guarani_only
common_voice_gn_26582299,train_cv_cegpa;train_cv_cegpa_up2;train_cv_cegpa_up3;train_guarani_only
common_voice_gn_26582301,train_cv_cegpa;train_cv_cegpa_up2;train_cv_cegpa_up3;train_guarani_only
common_voice_gn_26586915,train_cv_cegpa;train_cv_cegpa_up2;train_cv_cegpa_up3;train_guarani_only
common_voice_gn_26586927,train_cv_cegpa;train_cv_cegpa_up2;train_cv_cegpa_up3;train_guarani_only
common_voice_gn_26586928,dev_guarani_only
common_voice_gn_26586935,train_cv_cegpa;train_cv_cegpa_up2;train_cv_cegpa_up3;train_guarani_only
common_voice_gn_26586941,train_cv_cegpa;train_cv_cegpa_up2;train_cv_cegpa_up3;train_guarani_only
common_voice_gn_26586943,train_cv_cegpa;train_cv_cegpa_up2;train_cv_cegpa_up3;train_guarani_only
common_voice_gn_26586947,train_cv_cegpa;train_cv_cegpa_up2;train_cv_cegpa_up3;train_guarani_only
common_voice_gn_26586948,train_cv_cegpa;train_cv_cegpa_up2;train_cv_cegpa_up3;train_guarani_only
common_voice_gn_26586956,train_cv_cegpa;train_cv_cegpa_up2;train_cv_cegpa_up3;train_guarani_only
common_voice_gn_26586959,train_cv_cegpa;train_cv_cegpa_up2;train_cv_cegpa_up3;train_guarani_only
common_voice_gn_26586994,train_cv_cegpa;train_cv_cegpa_up2;train_cv_cegpa_up3;train_guarani_only
common_voice_gn_26587003,train_cv_cegpa;train_cv_cegpa_up2;train_cv_cegpa_up3;train_guarani_only
common_voice_gn_26587004,dev_guarani_only
common_voice_gn_26587006,train_cv_cegpa;train_cv_cegpa_up2;train_cv_cegpa_up3;train_guarani_only
common_voice_gn_26587007,train_cv_cegpa;train_cv_cegpa_up2;train_cv_cegpa_up3;train_guarani_only
common_voice_gn_26587019,train_cv_cegpa;train_cv_cegpa_up2;train_cv_cegpa_up3;train_guarani_only
common_voice_gn_26587033,train_cv_cegpa;train_cv_cegpa_up2;train_cv_cegpa_up3;train_guarani_only
common_voice_gn_26587034,train_cv_cegpa;train_cv_cegpa_up2;train_cv_cegpa_up3;train_guarani_only
common_voice_gn_26587345,train_cv_cegpa;train_cv_cegpa_up2;train_cv_cegpa_up3;train_guarani_only
common_voice_gn_26587346,dev_guarani_only
common_voice_gn_26587349,train_cv_cegpa;train_cv_cegpa_up2;train_cv_cegpa_up3;train_guarani_only
common_voice_gn_26587351,train_cv_cegpa;train_cv_cegpa_up2;train_cv_cegpa_up3;train_guarani_only
common_voice_gn_26587354,train_cv_cegpa;train_cv_cegpa_up2;train_cv_cegpa_up3;train_guarani_only
common_voice_gn_26591388,dev_guarani_only
common_voice_gn_26591389,dev_guarani_only
common_voice_gn_26591391,dev_guarani_only
common_voice_gn_26591392,train_cv_cegpa;train_cv_cegpa_up2;train_cv_cegpa_up3;train_guarani_only
common_voice_gn_26591413,dev_guarani_only
common_voice_gn_26591414,train_cv_cegpa;train_cv_cegpa_up2;train_cv_cegpa_up3;train_guarani_only
common_voice_gn_26591415,train_cv_cegpa;train_cv_cegpa_up2;train_cv_cegpa_up3;train_guarani_only
common_voice_gn_26591416,dev_guarani_only
common_voice_gn_26591417,train_cv_cegpa;train_cv_cegpa_up2;train_cv_cegpa_up3;train_guarani_only
common_voice_gn_26597587,train_cv_cegpa;train_cv_cegpa_up2;train_cv_cegpa_up3;train_guarani_only
common_voice_gn_26597588,train_cv_cegpa;train_cv_cegpa_up2;train_cv_cegpa_up3;train_guarani_only
common_voice_gn_26597589,train_cv_cegpa;train_cv_cegpa_up2;train_cv_cegpa_up3;train_guarani_only
common_voice_gn_26597590,train_cv_cegpa;train_cv_cegpa_up2;train_cv_cegpa_up3;train_guarani_only
common_voice_gn_26597591,dev_guarani_only
common_voice_gn_26597597,train_cv_cegpa;train_cv_cegpa_up2;train_cv_cegpa_up3;train_guarani_only
common_voice_gn_26597607,dev_guarani_only
common_voice_gn_26599192,train_cv_cegpa;train_cv_cegpa_up2;train_cv_cegpa_up3;train_guarani_only
common_voice_gn_26610894,train_cv_cegpa;train_cv_cegpa_up2;train_cv_cegpa_up3;train_guarani_only
common_voice_gn_26610895,train_cv_cegpa;train_cv_cegpa_up2;train_cv_cegpa_up3;train_guarani_only
common_voice_gn_26610897,train_cv_cegpa;train_cv_cegpa_up2;train_cv_cegpa_up3;train_guarani_only
common_voice_gn_26613179,train_cv_cegpa;train_cv_cegpa_up2;train_cv_cegpa_up3;train_guarani_only
common_voice_gn_26613180,train_cv_cegpa;train_cv_cegpa_up2;train_cv_cegpa_up3;train_guarani_only
common_voice_gn_26613182,train_cv_cegpa;train_cv_cegpa_up2;train_cv_cegpa_up3;train_guarani_only
common_voice_gn_26616198,train_cv_cegpa;train_cv_cegpa_up2;train_cv_cegpa_up3;train_guarani_only
common_voice_gn_26616905,dev_guarani_only
common_voice_gn_26616906,train_cv_cegpa;train_cv_cegpa_up2;train_cv_cegpa_up3;train_guarani_only
common_voice_gn_26616907,train_cv_cegpa;train_cv_cegpa_up2;train_cv_cegpa_up3;train_guarani_only
common_voice_gn_26616908,dev_guarani_only
common_voice_gn_26616925,dev_guarani_only
common_voice_gn_26616926,train_cv_cegpa;train_cv_cegpa_up2;train_cv_cegpa_up3;train_guarani_only
common_voice_gn_26616927,train_cv_cegpa;train_cv_cegpa_up2;train_cv_cegpa_up3;train_guarani_only
common_voice_gn_26616928,dev_guarani_only
common_voice_gn_26640701,train_cv_cegpa;train_cv_cegpa_up2;train_cv_cegpa_up3;train_guarani_only
common_voice_gn_26640702,train_cv_cegpa;train_cv_cegpa_up2;train_cv_cegpa_up3;train_guarani_only
common_voice_gn_26640703,dev_guarani_only
common_voice_gn_26640704,train_cv_cegpa;train_cv_cegpa_up2;train_cv_cegpa_up3;train_guarani_only
common_voice_gn_26640732,dev_guarani_only
common_voice_gn_26640733,train_cv_cegpa;train_cv_cegpa_up2;train_cv_cegpa_up3;train_guarani_only
common_voice_gn_26640735,train_cv_cegpa;train_cv_cegpa_up2;train_cv_cegpa_up3;train_guarani_only
common_voice_gn_26640736,train_cv_cegpa;train_cv_cegpa_up2;train_cv_cegpa_up3;train_guarani_only
common_voice_gn_26640756,train_cv_cegpa;train_cv_cegpa_up2;train_cv_cegpa_up3;train_guarani_only
common_voice_gn_26640757,train_cv_cegpa;train_cv_cegpa_up2;train_cv_cegpa_up3;train_guarani_only
common_voice_gn_26640758,train_cv_cegpa;train_cv_cegpa_up2;train_cv_cegpa_up3;train_guarani_only
common_voice_gn_26640759,train_cv_cegpa;train_cv_cegpa_up2;train_cv_cegpa_up3;train_guarani_only
common_voice_gn_26640771,train_cv_cegpa;train_cv_cegpa_up2;train_cv_cegpa_up3;train_guarani_only
common_voice_gn_26640773,train_cv_cegpa;train_cv_cegpa_up2;train_cv_cegpa_up3;train_guarani_only
common_voice_gn_26640774,train_cv_cegpa;train_cv_cegpa_up2;train_cv_cegpa_up3;train_guarani_only
common_voice_gn_26640775,train_cv_cegpa;train_cv_cegpa_up2;train_cv_cegpa_up3;train_guarani_only
common_voice_gn_26640988,train_cv_cegpa;train_cv_cegpa_up2;train_cv_cegpa_up3;train_guarani_only
common_voice_gn_26640989,train_cv_cegpa;train_cv_cegpa_up2;train_cv_cegpa_up3;train_guarani_only
common_voice_gn_26640990,train_cv_cegpa;train_cv_cegpa_up2;train_cv_cegpa_up3;train_guarani_only
common_voice_gn_26640991,train_cv_cegpa;train_cv_cegpa_up2;train_cv_cegpa_up3;train_guarani_only
common_voice_gn_26640992,train_cv_cegpa;train_cv_cegpa_up2;train_cv_cegpa_up3;train_guarani_only
common_voice_gn_26641003,train_cv_cegpa;train_cv_cegpa_up2;train_cv_cegpa_up3;train_guarani_only
common_voice_gn_26641004,train_cv_cegpa;train_cv_cegpa_up2;train_cv_cegpa_up3;train_guarani_only
common_voice_gn_26641005,train_cv_cegpa;train_cv_cegpa_up2;train_cv_cegpa_up3;train_guarani_only
common_voice_gn_26641006,train_cv_cegpa;train_cv_cegpa_up2;train_cv_cegpa_up3;train_guarani_only
common_voice_gn_26641007,train_cv_cegpa;train_cv_cegpa_up2;train_cv_cegpa_up3;train_guarani_only
common_voice_gn_26654279,train_cv_cegpa;train_cv_cegpa_up2;train_cv_cegpa_up3;train_guarani_only
common_voice_gn_26654280,train_cv_cegpa;train_cv_cegpa_up2;train_cv_cegpa_up3;train_guarani_only
common_voice_gn_26654281,train_cv_cegpa;train_cv_cegpa_up2;train_cv_cegpa_up3;train_guarani_only
common_voice_gn_26654282,train_cv_cegpa;train_cv_cegpa_up2;train_cv_cegpa_up3;train_guarani_only
common_voice_gn_26654340,train_cv_cegpa;train_cv_cegpa_up2;train_cv_cegpa_up3;train_guarani_only
common_voice_gn_26654341,train_cv_cegpa;train_cv_cegpa_up2;train_cv_cegpa_up3;train_guarani_only
common_voice_gn_26654342,train_cv_cegpa;train_cv_cegpa_up2;train_cv_cegpa_up3;train_guarani_only
common_voice_gn_26654343,train_cv_cegpa;train_cv_cegpa_up2;train_cv_cegpa_up3;train_guarani_only
common_voice_gn_26654344,train_cv_cegpa;train_cv_cegpa_up2;train_cv_cegpa_up3;train_guarani_only
common_voice_gn_26654811,train_cv_cegpa;train_cv_cegpa_up2;train_cv_cegpa_up3;train_guarani_only
common_voice_gn_26654812,dev_guarani_only
common_voice_gn_26654814,train_cv_cegpa;train_cv_cegpa_up2;train_cv_cegpa_up3;train_guarani_only
common_voice_gn_26654815,train_cv_cegpa;train_cv_cegpa_up2;train_cv_cegpa_up3;train_guarani_only
common_voice_gn_26654937,train_cv_cegpa;train_cv_cegpa_up2;train_cv_cegpa_up3;train_guarani_only
common_voice_gn_26654938,train_cv_cegpa;train_cv_cegpa_up2;train_cv_cegpa_up3;train_guarani_only
common_voice_gn_26654941,train_cv_cegpa;train_cv_cegpa_up2;train_cv_cegpa_up3;train_guarani_only
common_voice_gn_26655218,dev_guarani_only
common_voice_gn_26655219,train_cv_cegpa;train_cv_cegpa_up2;train_cv_cegpa_up3;train_guarani_only
common_voice_gn_26655221,train_cv_cegpa;train_cv_cegpa_up2;train_cv_cegpa_up3;train_guarani_only
common_voice_gn_26655555,train_cv_cegpa;train_cv_cegpa_up2;train_cv_cegpa_up3;train_guarani_only
common_voice_gn_26655556,train_cv_cegpa;train_cv_cegpa_up2;train_cv_cegpa_up3;train_guarani_only
common_voice_gn_26655558,dev_guarani_only
common_voice_gn_26655560,train_cv_cegpa;train_cv_cegpa_up2;train_cv_cegpa_up3;train_guarani_only
common_voice_gn_26655701,train_cv_cegpa;train_cv_cegpa_up2;train_cv_cegpa_up3;train_guarani_only
common_voice_gn_26655702,train_cv_cegpa;train_cv_cegpa_up2;train_cv_cegpa_up3;train_guarani_only
common_voice_gn_26655818,train_cv_cegpa;train_cv_cegpa_up2;train_cv_cegpa_up3;train_guarani_only
common_voice_gn_26655822,dev_guarani_only
common_voice_gn_26655912,train_cv_cegpa;train_cv_cegpa_up2;train_cv_cegpa_up3;train_guarani_only
common_voice_gn_26655913,train_cv_cegpa;train_cv_cegpa_up2;train_cv_cegpa_up3;train_guarani_only
common_voice_gn_26655914,train_cv_cegpa;train_cv_cegpa_up2;train_cv_cegpa_up3;train_guarani_only
common_voice_gn_26655915,dev_guarani_only
common_voice_gn_26655916,train_cv_cegpa;train_cv_cegpa_up2;train_cv_cegpa_up3;train_guarani_only
common_voice_gn_26655941,train_cv_cegpa;train_cv_cegpa_up2;train_cv_cegpa_up3;train_guarani_only
common_voice_gn_26655942,dev_guarani_only
common_voice_gn_26655943,train_cv_cegpa;train_cv_cegpa_up2;train_cv_cegpa_up3;train_guarani_only
common_voice_gn_26655944,train_cv_cegpa;train_cv_cegpa_up2;train_cv_cegpa_up3;train_guarani_only
common_voice_gn_26655946,train_cv_cegpa;train_cv_cegpa_up2;train_cv_cegpa_up3;train_guarani_only
common_voice_gn_26655947,train_cv_cegpa;train_cv_cegpa_up2;train_cv_cegpa_up3;train_guarani_only
common_voice_gn_26655948,train_cv_cegpa;train_cv_cegpa_up2;train_cv_cegpa_up3;train_guarani_only
common_voice_gn_26655949,train_cv_cegpa;train_cv_cegpa_up2;train_cv_cegpa_up3;train_guarani_only
common_voice_gn_26655950,train_cv_cegpa;train_cv_cegpa_up2;train_cv_cegpa_up3;train_guarani_only
common_voice_gn_26655951,train_cv_cegpa;train_cv_cegpa_up2;train_cv_cegpa_up3;train_guarani_only
common_voice_gn_26655958,train_cv_cegpa;train_cv_cegpa_up2;train_cv_cegpa_up3;train_guarani_only
common_voice_gn_26655960,train_cv_cegpa;train_cv_cegpa_up2;train_cv_cegpa_up3;train_guarani_only
common_voice_gn_26655961,dev_guarani_only
common_voice_gn_26655962,train_cv_cegpa;train_cv_cegpa_up2;train_cv_cegpa_up3;train_guarani_only
common_voice_gn_26655972,train_cv_cegpa;train_cv_cegpa_up2;train_cv_cegpa_up3;train_guarani_only
common_voice_gn_26655973,train_cv_cegpa;train_cv_cegpa_up2;train_cv_cegpa_up3;train_guarani_only
common_voice_gn_26655974,train_cv_cegpa;train_cv_cegpa_up2;train_cv_cegpa_up3;train_guarani_only
common_voice_gn_26655975,dev_guarani_only
common_voice_gn_26655977,train_cv_cegpa;train_cv_cegpa_up2;train_cv_cegpa_up3;train_guarani_only
common_voice_gn_26655978,dev_guarani_only
common_voice_gn_26655980,train_cv_cegpa;train_cv_cegpa_up2;train_cv_cegpa_up3;train_guarani_only
common_voice_gn_26655981,train_cv_cegpa;train_cv_cegpa_up2;train_cv_cegpa_up3;train_guarani_only
common_voice_gn_26655982,train_cv_cegpa;train_cv_cegpa_up2;train_cv_cegpa_up3;train_guarani_only
common_voice_gn_26655983,train_cv_cegpa;train_cv_cegpa_up2;train_cv_cegpa_up3;train_guarani_only
common_voice_gn_26655985,train_cv_cegpa;train_cv_cegpa_up2;train_cv_cegpa_up3;train_guarani_only
common_voice_gn_26655986,train_cv_cegpa;train_cv_cegpa_up2;train_cv_cegpa_up3;train_guarani_only
common_voice_gn_26655987,train_cv_cegpa;train_cv_cegpa_up2;train_cv_cegpa_up3;train_guarani_only
common_voice_gn_26655992,train_cv_cegpa;train_cv_cegpa_up2;train_cv_cegpa_up3;train_guarani_only
common_voice_gn_26655993,train_cv_cegpa;train_cv_cegpa_up2;train_cv_cegpa_up3;train_guarani_only
common_voice_gn_26655996,train_cv_cegpa;train_cv_cegpa_up2;train_cv_cegpa_up3;train_guarani_only
common_voice_gn_26655997,train_cv_cegpa;train_cv_cegpa_up2;train_cv_cegpa_up3;train_guarani_only
common_voice_gn_26655998,train_cv_cegpa;train_cv_cegpa_up2;train_cv_cegpa_up3;train_guarani_only
common_voice_gn_26655999,train_cv_cegpa;train_cv_cegpa_up2;train_cv_cegpa_up3;train_guarani_only
common_voice_gn_26656001,train_cv_cegpa;train_cv_cegpa_up2;train_cv_cegpa_up3;train_guarani_only
common_voice_gn_26656002,dev_guarani_only
common_voice_gn_26656003,train_cv_cegpa;train_cv_cegpa_up2;train_cv_cegpa_up3;train_guarani_only
common_voice_gn_26656004,train_cv_cegpa;train_cv_cegpa_up2;train_cv_cegpa_up3;train_guarani_only
common_voice_gn_26656005,train_cv_cegpa;train_cv_cegpa_up2;train_cv_cegpa_up3;train_guarani_only
common_voice_gn_26656006,train_cv_cegpa;train_cv_cegpa_up2;train_cv_cegpa_up3;train_guarani_only
common_voice_gn_26656007,train_cv_cegpa;train_cv_cegpa_up2;train_cv_cegpa_up3;train_guarani_only
common_voice_gn_26656008,train_cv_cegpa;train_cv_cegpa_up2;train_cv_cegpa_up3;train_guarani_only
common_voice_gn_26656009,train_cv_cegpa;train_cv_cegpa_up2;train_cv_cegpa_up3;train_guarani_only
common_voice_gn_26656010,train_cv_cegpa;train_cv_cegpa_up2;train_cv_cegpa_up3;train_guarani_only
common_voice_gn_26656011,train_cv_cegpa;train_cv_cegpa_up2;train_cv_cegpa_up3;train_guarani_only
common_voice_gn_26656013,train_cv_cegpa;train_cv_cegpa_up2;train_cv_cegpa_up3;train_guarani_only
common_voice_gn_26656015,train_cv_cegpa;train_cv_cegpa_up2;train_cv_cegpa_up3;train_guarani_only
common_voice_gn_26656017,train_cv_cegpa;train_cv_cegpa_up2;train_cv_cegpa_up3;train_guarani_only
common_voice_gn_26656212,train_cv_cegpa;train_cv_cegpa_up2;train_cv_cegpa_up3;train_guarani_only
common_voice_gn_26656213,dev_guarani_only
common_voice_gn_26656214,train_cv_cegpa;train_cv_cegpa_up2;train_cv_cegpa_up3;train_guarani_only
common_voice_gn_26656215,train_cv_cegpa;train_cv_cegpa_up2;train_cv_cegpa_up3;train_guarani_only
common_voice_gn_26656216,train_cv_cegpa;train_cv_cegpa_up2;train_cv_cegpa_up3;train_guarani_only
common_voice_gn_26656711,train_cv_cegpa;train_cv_cegpa_up2;train_cv_cegpa_up3;train_guarani_only
common_voice_gn_26656712,train_cv_cegpa;train_cv_cegpa_up2;train_cv_cegpa_up3;train_guarani_only
common_voice_gn_26660526,dev_guarani_only
common_voice_gn_26660529,train_cv_cegpa;train_cv_cegpa_up2;train_cv_cegpa_up3;train_guarani_only
common_voice_gn_26660531,train_cv_cegpa;train_cv_cegpa_up2;train_cv_cegpa_up3;train_guarani_only
common_voice_gn_26661432,train_cv_cegpa;train_cv_cegpa_up2;train_cv_cegpa_up3;train_guarani_only
common_voice_gn_26661434,train_cv_cegpa;train_cv_cegpa_up2;train_cv_cegpa_up3;train_guarani_only
common_voice_gn_26661435,train_cv_cegpa;train_cv_cegpa_up2;train_cv_cegpa_up3;train_guarani_only
common_voice_gn_26661436,train_cv_cegpa;train_cv_cegpa_up2;train_cv_cegpa_up3;train_guarani_only
common_voice_gn_26661484,train_cv_cegpa;train_cv_cegpa_up2;train_cv_cegpa_up3;train_guarani_only
common_voice_gn_26661485,train_cv_cegpa;train_cv_cegpa_up2;train_cv_cegpa_up3;train_guarani_only
common_voice_gn_26661486,dev_guarani_only
common_voice_gn_26661487,train_cv_cegpa;train_cv_cegpa_up2;train_cv_cegpa_up3;train_guarani_only
common_voice_gn_26661488,train_cv_cegpa;train_cv_cegpa_up2;train_cv_cegpa_up3;train_guarani_only
common_voice_gn_26661753,train_cv_cegpa;train_cv_cegpa_up2;train_cv_cegpa_up3;train_guarani_only
common_voice_gn_26661754,train_cv_cegpa;train_cv_cegpa_up2;train_cv_cegpa_up3;train_guarani_only
common_voice_gn_26661755,train_cv_cegpa;train_cv_cegpa_up2;train_cv_cegpa_up3;train_guarani_only
common_voice_gn_26661757,train_cv_cegpa;train_cv_cegpa_up2;train_cv_cegpa_up3;train_guarani_only
common_voice_gn_26661759,train_cv_cegpa;train_cv_cegpa_up2;train_cv_cegpa_up3;train_guarani_only
common_voice_gn_26661763,train_cv_cegpa;train_cv_cegpa_up2;train_cv_cegpa_up3;train_guarani_only
common_voice_gn_26661764,dev_guarani_only
common_voice_gn_26661765,train_cv_cegpa;train_cv_cegpa_up2;train_cv_cegpa_up3;train_guarani_only
common_voice_gn_26661766,train_cv_cegpa;train_cv_cegpa_up2;train_cv_cegpa_up3;train_guarani_only
common_voice_gn_26661767,dev_guarani_only
common_voice_gn_26661828,train_cv_cegpa;train_cv_cegpa_up2;train_cv_cegpa_up3;train_guarani_only
common_voice_gn_26661829,dev_guarani_only
common_voice_gn_26661830,train_cv_cegpa;train_cv_cegpa_up2;train_cv_cegpa_up3;train_guarani_only
common_voice_gn_26661831,train_cv_cegpa;train_cv_cegpa_up2;train_cv_cegpa_up3;train_guarani_only
common_voice_gn_26661832,train_cv_cegpa;train_cv_cegpa_up2;train_cv_cegpa_up3;train_guarani_only
common_voice_gn_26661843,train_cv_cegpa;train_cv_cegpa_up2;train_cv_cegpa_up3;train_guarani_only
common_voice_gn_26661844,train_cv_cegpa;train_cv_cegpa_up2;train_cv_cegpa_up3;train_guarani_only
common_voice_gn_26661846,train_cv_cegpa;train_cv_cegpa_up2;train_cv_cegpa_up3;train_guarani_only
common_voice_gn_26661847,train_cv_cegpa;train_cv_cegpa_up2;train_cv_cegpa_up3;train_guarani_only
common_voice_gn_26661848,train_cv_cegpa;train_cv_cegpa_up2;train_cv_cegpa_up3;train_guarani_only
common_voice_gn_26662013,train_cv_cegpa;train_cv_cegpa_up2;train_cv_cegpa_up3;train_guarani_only
common_voice_gn_26662015,train_cv_cegpa;train_cv_cegpa_up2;train_cv_cegpa_up3;train_guarani_only
common_voice_gn_26662158,train_cv_cegpa;train_cv_cegpa_up2;train_cv_cegpa_up3;train_guarani_only
common_voice_gn_26662159,train_cv_cegpa;train_cv_cegpa_up2;train_cv_cegpa_up3;train_guarani_only
common_voice_gn_26662160,train_cv_cegpa;train_cv_cegpa_up2;train_cv_cegpa_up3;train_guarani_only
common_voice_gn_26662161,train_cv_cegpa;train_cv_cegpa_up2;train_cv_cegpa_up3;train_guarani_only
common_voice_gn_26662162,train_cv_cegpa;train_cv_cegpa_up2;train_cv_cegpa_up3;train_guarani_only
common_voice_gn_26662163,train_cv_cegpa;train_cv_cegpa_up2;train_cv_cegpa_up3;train_guarani_only
common_voice_gn_26662165,train_cv_cegpa;train_cv_cegpa_up2;train_cv_cegpa_up3;train_guarani_only
common_voice_gn_26662166,train_cv_cegpa;train_cv_cegpa_up2;train_cv_cegpa_up3;train_guarani_only
common_voice_gn_26662171,train_cv_cegpa;train_cv_cegpa_up2;train_cv_cegpa_up3;train_guarani_only
common_voice_gn_26662172,train_cv_cegpa;train_cv_cegpa_up2;train_cv_cegpa_up3;train_guarani_only
common_voice_gn_26662173,train_cv_cegpa;train_cv_cegpa_up2;train_cv_cegpa_up3;train_guarani_only
common_voice_gn_26662174,train_cv_cegpa;train_cv_cegpa_up2;train_cv_cegpa_up3;train_guarani_only
common_voice_gn_26662191,train_cv_cegpa;train_cv_cegpa_up2;train_cv_cegpa_up3;train_guarani_only
common_voice_gn_26662192,train_cv_cegpa;train_cv_cegpa_up2;train_cv_cegpa_up3;train_guarani_only
common_voice_gn_26662193,train_cv_cegpa;train_cv_cegpa_up2;train_cv_cegpa_up3;train_guarani_only
common_voice_gn_26662194,train_cv_cegpa;train_cv_cegpa_up2;train_cv_cegpa_up3;train_guarani_only
common_voice_gn_26662895,train_cv_cegpa;train_cv_cegpa_up2;train_cv_cegpa_up3;train_guarani_only
common_voice_gn_26662898,train_cv_cegpa;train_cv_cegpa_up2;train_cv_cegpa_up3;train_guarani_only
common_voice_gn_26662899,train_cv_cegpa;train_cv_cegpa_up2;train_cv_cegpa_up3;train_guarani_only
common_voice_gn_26662928,train_cv_cegpa;train_cv_cegpa_up2;train_cv_cegpa_up3;train_guarani_only
common_voice_gn_26662929,train_cv_cegpa;train_cv_cegpa_up2;train_cv_cegpa_up3;train_guarani_only
common_voice_gn_26662930,train_cv_cegpa;train_cv_cegpa_up2;train_cv_cegpa_up3;train_guarani_only
common_voice_gn_26662931,train_cv_cegpa;train_cv_cegpa_up2;train_cv_cegpa_up3;train_guarani_only
common_voice_gn_26662954,train_cv_cegpa;train_cv_cegpa_up2;train_cv_cegpa_up3;train_guarani_only
common_voice_gn_26662955,train_cv_cegpa;train_cv_cegpa_up2;train_cv_cegpa_up3;train_guarani_only
common_voice_gn_26662956,train_cv_cegpa;train_cv_cegpa_up2;train_cv_cegpa_up3;train_guarani_only
common_voice_gn_26662957,train_cv_cegpa;train_cv_cegpa_up2;train_cv_cegpa_up3;train_guarani_only
common_voice_gn_26662958,train_cv_cegpa;train_cv_cegpa_up2;train_cv_cegpa_up3;train_guarani_only
common_voice_gn_26663034,dev_guarani_only
common_voice_gn_26663035,dev_guarani_only
common_voice_gn_26663036,train_cv_cegpa;train_cv_cegpa_up2;train_cv_cegpa_up3;train_guarani_only
common_voice_gn_26663037,train_cv_cegpa;train_cv_cegpa_up2;train_cv_cegpa_up3;train_guarani_only
common_voice_gn_26663063,train_cv_cegpa;train_cv_cegpa_up2;train_cv_cegpa_up3;train_guarani_only
common_voice_gn_26663064,train_cv_cegpa;train_cv_cegpa_up2;train_cv_cegpa_up3;train_guarani_only
common_voice_gn_26663065,train_cv_cegpa;train_cv_cegpa_up2;train_cv_cegpa_up3;train_guarani_only
common_voice_gn_26663066,dev_guarani_only
common_voice_gn_26663067,train_cv_cegpa;train_cv_cegpa_up2;train_cv_cegpa_up3;train_guarani_only
common_voice_gn_26663078,train_cv_cegpa;train_cv_cegpa_up2;train_cv_cegpa_up3;train_guarani_only
common_voice_gn_26663079,train_cv_cegpa;train_cv_cegpa_up2;train_cv_cegpa_up3;train_guarani_only
common_voice_gn_26663080,train_cv_cegpa;train_cv_cegpa_up2;train_cv_cegpa_up3;train_guarani_only
common_voice_gn_26663081,train_cv_cegpa;train_cv_cegpa_up2;train_cv_cegpa_up3;train_guarani_only
common_voice_gn_26663082,dev_guarani_only
common_voice_gn_26663098,train_cv_cegpa;train_cv_cegpa_up2;train_cv_cegpa_up3;train_guarani_only
common_voice_gn_26663099,train_cv_cegpa;train_cv_cegpa_up2;train_cv_cegpa_up3;train_guarani_only
common_voice_gn_26663100,train_cv_cegpa;train_cv_cegpa_up2;train_cv_cegpa_up3;train_guarani_only
common_voice_gn_26663101,train_cv_cegpa;train_cv_cegpa_up2;train_cv_cegpa_up3;train_guarani_only
common_voice_gn_26663102,train_cv_cegpa;train_cv_cegpa_up2;train_cv_cegpa_up3;train_guarani_only
common_voice_gn_26663106,train_cv_cegpa;train_cv_cegpa_up2;train_cv_cegpa_up3;train_guarani_only
common_voice_gn_26663108,train_cv_cegpa;train_cv_cegpa_up2;train_cv_cegpa_up3;train_guarani_only
common_voice_gn_26663109,train_cv_cegpa;train_cv_cegpa_up2;train_cv_cegpa_up3;train_guarani_only
common_voice_gn_26663111,dev_guarani_only
common_voice_gn_26663112,train_cv_cegpa;train_cv_cegpa_up2;train_cv_cegpa_up3;train_guarani_only
common_voice_gn_26663118,train_cv_cegpa;train_cv_cegpa_up2;train_cv_cegpa_up3;train_guarani_only
common_voice_gn_26663119,train_cv_cegpa;train_cv_cegpa_up2;train_cv_cegpa_up3;train_guarani_only
common_voice_gn_26663120,train_cv_cegpa;train_cv_cegpa_up2;train_cv_cegpa_up3;train_guarani_only
common_voice_gn_26663121,train_cv_cegpa;train_cv_cegpa_up2;train_cv_cegpa_up3;train_guarani_only
common_voice_gn_26663122,train_cv_cegpa;train_cv_cegpa_up2;train_cv_cegpa_up3;train_guarani_only
common_voice_gn_26663138,train_cv_cegpa;train_cv_cegpa_up2;train_cv_cegpa_up3;train_guarani_only
common_voice_gn_26663139,train_cv_cegpa;train_cv_cegpa_up2;train_cv_cegpa_up3;train_guarani_only
common_voice_gn_26663140,dev_guarani_only
common_voice_gn_26663141,train_cv_cegpa;train_cv_cegpa_up2;train_cv_cegpa_up3;train_guarani_only
common_voice_gn_26663142,train_cv_cegpa;train_cv_cegpa_up2;train_cv_cegpa_up3;train_guarani_only
common_voice_gn_26663168,train_cv_cegpa;train_cv_cegpa_up2;train_cv_cegpa_up3;train_guarani_only
common_voice_gn_26663169,dev_guarani_only
common_voice_gn_26663170,train_cv_cegpa;train_cv_cegpa_up2;train_cv_cegpa_up3;train_guarani_only
common_voice_gn_26663171,train_cv_cegpa;train_cv_cegpa_up2;train_cv_cegpa_up3;train_guarani_only
common_voice_gn_26663172,train_cv_cegpa;train_cv_cegpa_up2;train_cv_cegpa_up3;train_guarani_only
common_voice_gn_26663173,train_cv_cegpa;train_cv_cegpa_up2;train_cv_cegpa_up3;train_guarani_only
common_voice_gn_26663174,train_cv_cegpa;train_cv_cegpa_up2;train_cv_cegpa_up3;train_guarani_only
common_voice_gn_26663175,train_cv_cegpa;train_cv_cegpa_up2;train_cv_cegpa_up3;train_guarani_only
common_voice_gn_26663176,train_cv_cegpa;train_cv_cegpa_up2;train_cv_cegpa_up3;train_guarani_only
common_voice_gn_26663177,train_cv_cegpa;train_cv_cegpa_up2;train_cv_cegpa_up3;train_guarani_only
common_voice_gn_26663193,train_cv_cegpa;train_cv_cegpa_up2;train_cv_cegpa_up3;train_guarani_only
common_voice_gn_26663194,train_cv_cegpa;train_cv_cegpa_up2;train_cv_cegpa_up3;train_guarani_only
common_voice_gn_26663195,train_cv_cegpa;train_cv_cegpa_up2;train_cv_cegpa_up3;train_guarani_only
common_voice_gn_26663196,train_cv_cegpa;train_cv_cegpa_up2;train_cv_cegpa_up3;train_guarani_only
common_voice_gn_26663197,train_cv_cegpa;train_cv_cegpa_up2;train_cv_cegpa_up3;train_guarani_only
common_voice_gn_26663432,train_cv_cegpa;train_cv_cegpa_up2;train_cv_cegpa_up3;train_guarani_only
common_voice_gn_26663433,train_cv_cegpa;train_cv_cegpa_up2;train_cv_cegpa_up3;train_guarani_only
common_voice_gn_26663434,train_cv_cegpa;train_cv_cegpa_up2;train_cv_cegpa_up3;train_guarani_only
common_voice_gn_26663435,train_cv_cegpa;train_cv_cegpa_up2;train_cv_cegpa_up3;train_guarani_only
common_voice_gn_26663436,train_cv_cegpa;train_cv_cegpa_up2;train_cv_cegpa_up3;train_guarani_only
common_voice_gn_26663442,train_cv_cegpa;train_cv_cegpa_up2;train_cv_cegpa_up3;train_guarani_only
common_voice_gn_26663443,train_cv_cegpa;train_cv_cegpa_up2;train_cv_cegpa_up3;train_guarani_only
common_voice_gn_26663444,train_cv_cegpa;train_cv_cegpa_up2;train_cv_cegpa_up3;train_guarani_only
common_voice_gn_26663446,train_cv_cegpa;train_cv_cegpa_up2;train_cv_cegpa_up3;train_guarani_only
common_voice_gn_26663477,train_cv_cegpa;train_cv_cegpa_up2;train_cv_cegpa_up3;train_guarani_only
common_voice_gn_26663479,train_cv_cegpa;train_cv_cegpa_up2;train_cv_cegpa_up3;train_guarani_only
common_voice_gn_26663480,train_cv_cegpa;train_cv_cegpa_up2;train_cv_cegpa_up3;train_guarani_only
common_voice_gn_26663487,train_cv_cegpa;train_cv_cegpa_up2;train_cv_cegpa_up3;train_guarani_only
common_voice_gn_26663488,train_cv_cegpa;train_cv_cegpa_up2;train_cv_cegpa_up3;train_guarani_only
common_voice_gn_26663489,train_cv_cegpa;train_cv_cegpa_up2;train_cv_cegpa_up3;train_guarani_only
common_voice_gn_26663490,train_cv_cegpa;train_cv_cegpa_up2;train_cv_cegpa_up3;train_guarani_only
common_voice_gn_26663491,train_cv_cegpa;train_cv_cegpa_up2;train_cv_cegpa_up3;train_guarani_only
common_voice_gn_26663630,dev_guarani_only
common_voice_gn_26663631,train_cv_cegpa;train_cv_cegpa_up2;train_cv_cegpa_up3;train_guarani_only
common_voice_gn_26663632,train_cv_cegpa;train_cv_cegpa_up2;train_cv_cegpa_up3;train_guarani_only
common_voice_gn_26663633,train_cv_cegpa;train_cv_cegpa_up2;train_cv_cegpa_up3;train_guarani_only
common_voice_gn_26663634,train_cv_cegpa;train_cv_cegpa_up2;train_cv_cegpa_up3;train_guarani_only
common_voice_gn_26663733,train_cv_cegpa;train_cv_cegpa_up2;train_cv_cegpa_up3;train_guarani_only
common_voice_gn_26663734,train_cv_cegpa;train_cv_cegpa_up2;train_cv_cegpa_up3;train_guarani_only
common_voice_gn_26663735,dev_guarani_only
common_voice_gn_26663736,train_cv_cegpa;train_cv_cegpa_up2;train_cv_cegpa_up3;train_guarani_only
common_voice_gn_26664047,train_cv_cegpa;train_cv_cegpa_up2;train_cv_cegpa_up3;train_guarani_only
common_voice_gn_26664048,train_cv_cegpa;train_cv_cegpa_up2;train_cv_cegpa_up3;train_guarani_only
common_voice_gn_26664049,dev_guarani_only
common_voice_gn_26664065,train_cv_cegpa;train_cv_cegpa_up2;train_cv_cegpa_up3;train_guarani_only
common_voice_gn_26664066,dev_guarani_only
common_voice_gn_26664067,train_cv_cegpa;train_cv_cegpa_up2;train_cv_cegpa_up3;train_guarani_only
common_voice_gn_26664068,train_cv_cegpa;train_cv_cegpa_up2;train_cv_cegpa_up3;train_guarani_only
common_voice_gn_26664069,train_cv_cegpa;train_cv_cegpa_up2;train_cv_cegpa_up3;train_guarani_only
common_voice_gn_26664085,train_cv_cegpa;train_cv_cegpa_up2;train_cv_cegpa_up3;train_guarani_only
common_voice_gn_26664086,train_cv_cegpa;train_cv_cegpa_up2;train_cv_cegpa_up3;train_guarani_only
common_voice_gn_26664088,train_cv_cegpa;train_cv_cegpa_up2;train_cv_cegpa_up3;train_guarani_only
common_voice_gn_26664613,train_cv_cegpa;train_cv_cegpa_up2;train_cv_cegpa_up3;train_guarani_only
common_voice_gn_26664615,train_cv_cegpa;train_cv_cegpa_up2;train_cv_cegpa_up3;train_guarani_only
common_voice_gn_26664617,train_cv_cegpa;train_cv_cegpa_up2;train_cv_cegpa_up3;train_guarani_only
common_voice_gn_26664619,train_cv_cegpa;train_cv_cegpa_up2;train_cv_cegpa_up3;train_guarani_only
common_voice_gn_26664620,train_cv_cegpa;train_cv_cegpa_up2;train_cv_cegpa_up3;train_guarani_only
common_voice_gn_26664621,train_cv_cegpa;train_cv_cegpa_up2;train_cv_cegpa_up3;train_guarani_only
common_voice_gn_26664623,train_cv_cegpa;train_cv_cegpa_up2;train_cv_cegpa_up3;train_guarani_only
common_voice_gn_26664627,train_cv_cegpa;train_cv_cegpa_up2;train_cv_cegpa_up3;train_guarani_only
common_voice_gn_26664629,train_cv_cegpa;train_cv_cegpa_up2;train_cv_cegpa_up3;train_guarani_only
common_voice_gn_26664631,train_cv_cegpa;train_cv_cegpa_up2;train_cv_cegpa_up3;train_guarani_only
common_voice_gn_26664649,train_cv_cegpa;train_cv_cegpa_up2;train_cv_cegpa_up3;train_guarani_only
common_voice_gn_26664650,dev_guarani_only
common_voice_gn_26664661,train_cv_cegpa;train_cv_cegpa_up2;train_cv_cegpa_up3;train_guarani_only
common_voice_gn_26664662,train_cv_cegpa;train_cv_cegpa_up2;train_cv_cegpa_up3;train_guarani_only
common_voice_gn_26664663,train_cv_cegpa;train_cv_cegpa_up2;train_cv_cegpa_up3;train_guarani_only
common_voice_gn_26664664,train_cv_cegpa;train_cv_cegpa_up2;train_cv_cegpa_up3;train_guarani_only
common_voice_gn_26664665,dev_guarani_only
common_voice_gn_26664666,train_cv_cegpa;train_cv_cegpa_up2;train_cv_cegpa_up3;train_guarani_only
common_voice_gn_26664672,train_cv_cegpa;train_cv_cegpa_up2;train_cv_cegpa_up3;train_guarani_only
common_voice_gn_26664673,train_cv_cegpa;train_cv_cegpa_up2;train_cv_cegpa_up3;train_guarani_only
common_voice_gn_26664674,train_cv_cegpa;train_cv_cegpa_up2;train_cv_cegpa_up3;train_guarani_only
common_voice_gn_26664675,train_cv_cegpa;train_cv_cegpa_up2;train_cv_cegpa_up3;train_guarani_only
common_voice_gn_26664682,train_cv_cegpa;train_cv_cegpa_up2;train_cv_cegpa_up3;train_guarani_only
common_voice_gn_26664683,train_cv_cegpa;train_cv_cegpa_up2;train_cv_cegpa_up3;train_guarani_only
common_voice_gn_26664684,train_cv_cegpa;train_cv_cegpa_up2;train_cv_cegpa_up3;train_guarani_only
common_voice_gn_26664686,train_cv_cegpa;train_cv_cegpa_up2;train_cv_cegpa_up3;train_guarani_only
common_voice_gn_26664687,train_cv_cegpa;train_cv_cegpa_up2;train_cv_cegpa_up3;train_guarani_only
common_voice_gn_26664690,train_cv_cegpa;train_cv_cegpa_up2;train_cv_cegpa_up3;train_guarani_only
common_voice_gn_26664691,train_cv_cegpa;train_cv_cegpa_up2;train_cv_cegpa_up3;train_guarani_only
common_voice_gn_26664692,train_cv_cegpa;train_cv_cegpa_up2;train_cv_cegpa_up3;train_guarani_only
common_voice_gn_26664693,train_cv_cegpa;train_cv_cegpa_up2;train_cv_cegpa_up3;train_guarani_only
common_voice_gn_26664696,train_cv_cegpa;train_cv_cegpa_up2;train_cv_cegpa_up3;train_guarani_only
common_voice_gn_26664699,train_cv_cegpa;train_cv_cegpa_up2;train_cv_cegpa_up3;train_guarani_only
common_voice_gn_26664703,train_cv_cegpa;train_cv_cegpa_up2;train_cv_cegpa_up3;train_guarani_only
common_voice_gn_26664704,train_cv_cegpa;train_cv_cegpa_up2;train_cv_cegpa_up3;train_guarani_only
common_voice_gn_26664705,train_cv_cegpa;train_cv_cegpa_up2;train_cv_cegpa_up3;train_guarani_only
common_voice_gn_26664707,train_cv_cegpa;train_cv_cegpa_up2;train_cv_cegpa_up3;train_guarani_only
common_voice_gn_26664709,train_cv_cegpa;train_cv_cegpa_up2;train_cv_cegpa_up3;train_guarani_only
common_voice_gn_26664710,train_cv_cegpa;train_cv_cegpa_up2;train_cv_cegpa_up3;train_guarani_only
common_voice_gn_26664715,train_cv_cegpa;train_cv_cegpa_up2;train_cv_cegpa_up3;train_guarani_only
common_voice_gn_26664716,train_cv_cegpa;train_cv_cegpa_up2;train_cv_cegpa_up3;train_guarani_only
common_voice_gn_26664718,train_cv_cegpa;train_cv_cegpa_up2;train_cv_cegpa_up3;train_guarani_only
common_voice_gn_26664721,train_cv_cegpa;train_cv_cegpa_up2;train_cv_cegpa_up3;train_guarani_only
common_voice_gn_26664738,train_cv_cegpa;train_cv_cegpa_up2;train_cv_cegpa_up3;train_guarani_only
common_voice_gn_26664741,train_cv_cegpa;train_cv_cegpa_up2;train_cv_cegpa_up3;train_guarani_only
common_voice_gn_26664742,train_cv_cegpa;train_cv_cegpa_up2;train_cv_cegpa_up3;train_guarani_only
common_voice_gn_26664744,train_cv_cegpa;train_cv_cegpa_up2;train_cv_cegpa_up3;train_guarani_only
common_voice_gn_26664769,train_cv_cegpa;train_cv_cegpa_up2;train_cv_cegpa_up3;train_guarani_only
common_voice_gn_26664770,train_cv_cegpa;train_cv_cegpa_up2;train_cv_cegpa_up3;train_guarani_only
common_voice_gn_26664784,train_cv_cegpa;train_cv_cegpa_up2;train_cv_cegpa_up3;train_guarani_only
common_voice_gn_26664785,train_cv_cegpa;train_cv_cegpa_up2;train_cv_cegpa_up3;train_guarani_only
common_voice_gn_26664801,dev_guarani_only
common_voice_gn_26664802,train_cv_cegpa;train_cv_cegpa_up2;train_cv_cegpa_up3;train_guarani_only
common_voice_gn_26664803,train_cv_cegpa;train_cv_cegpa_up2;train_cv_cegpa_up3;train_guarani_only
common_voice_gn_26664804,train_cv_cegpa;train_cv_cegpa_up2;train_cv_cegpa_up3;train_guarani_only
common_voice_gn_26664812,train_cv_cegpa;train_cv_cegpa_up2;train_cv_cegpa_up3;train_guarani_only
common_voice_gn_26664813,train_cv_cegpa;train_cv_cegpa_up2;train_cv_cegpa_up3;train_guarani_only
common_voice_gn_26664815,train_cv_cegpa;train_cv_cegpa_up2;train_cv_cegpa_up3;train_guarani_only
common_voice_gn_26664816,train_cv_cegpa;train_cv_cegpa_up2;train_cv_cegpa_up3;train_guarani_only
common_voice_gn_26664822,train_cv_cegpa;train_cv_cegpa_up2;train_cv_cegpa_up3;train_guarani_only
common_voice_gn_26664823,train_cv_cegpa;train_cv_cegpa_up2;train_cv_cegpa_up3;train_guarani_only
common_voice_gn_26664919,train_cv_cegpa;train_cv_cegpa_up2;train_cv_cegpa_up3;train_guarani_only
common_voice_gn_26664920,train_cv_cegpa;train_cv_cegpa_up2;train_cv_cegpa_up3;train_guarani_only
common_voice_gn_26664921,dev_guarani_only
common_voice_gn_26664922,train_cv_cegpa;train_cv_cegpa_up2;train_cv_cegpa_up3;train_guarani_only
common_voice_gn_26664923,train_cv_cegpa;train_cv_cegpa_up2;train_cv_cegpa_up3;train_guarani_only
common_voice_gn_26669529,train_cv_cegpa;train_cv_cegpa_up2;train_cv_cegpa_up3;train_guarani_only
common_voice_gn_26669531,train_cv_cegpa;train_cv_cegpa_up2;train_cv_cegpa_up3;train_guarani_only
common_voice_gn_26669532,train_cv_cegpa;train_cv_cegpa_up2;train_cv_cegpa_up3;train_guarani_only
common_voice_gn_26669534,train_cv_cegpa;train_cv_cegpa_up2;train_cv_cegpa_up3;train_guarani_only
common_voice_gn_26669535,train_cv_cegpa;train_cv_cegpa_up2;train_cv_cegpa_up3;train_guarani_only
common_voice_gn_26697851,train_cv_cegpa;train_cv_cegpa_up2;train_cv_cegpa_up3;train_guarani_only
common_voice_gn_26697914,train_cv_cegpa;train_cv_cegpa_up2;train_cv_cegpa_up3;train_guarani_only
common_voice_gn_26697916,train_cv_cegpa;train_cv_cegpa_up2;train_cv_cegpa_up3;train_guarani_only
common_voice_gn_26697917,train_cv_cegpa;train_cv_cegpa_up2;train_cv_cegpa_up3;train_guarani_only
common_voice_gn_26697918,train_cv_cegpa;train_cv_cegpa_up2;train_cv_cegpa_up3;train_guarani_only
common_voice_gn_26704067,train_cv_cegpa;train_cv_cegpa_up2;train_cv_cegpa_up3;train_guarani_only
common_voice_gn_26704068,train_cv_cegpa;train_cv_cegpa_up2;train_cv_cegpa_up3;train_guarani_only
common_voice_gn_26704069,train_cv_cegpa;train_cv_cegpa_up2;train_cv_cegpa_up3;train_guarani_only
common_voice_gn_26704070,train_cv_cegpa;train_cv_cegpa_up2;train_cv_cegpa_up3;train_guarani_only
common_voice_gn_26704071,train_cv_cegpa;train_cv_cegpa_up2;train_cv_cegpa_up3;train_guarani_only
common_voice_gn_26704073,train_cv_cegpa;train_cv_cegpa_up2;train_cv_cegpa_up3;train_guarani_only
common_voice_gn_26704078,train_cv_cegpa;train_cv_cegpa_up2;train_cv_cegpa_up3;train_guarani_only
common_voice_gn_26704080,train_cv_cegpa;train_cv_cegpa_up2;train_cv_cegpa_up3;train_guarani_only
common_voice_gn_26704082,train_cv_cegpa;train_cv_cegpa_up2;train_cv_cegpa_up3;train_guarani_only
common_voice_gn_26721099,train_cv_cegpa;train_cv_cegpa_up2;train_cv_cegpa_up3;train_guarani_only
common_voice_gn_26721100,dev_guarani_only
common_voice_gn_26721102,train_cv_cegpa;train_cv_cegpa_up2;train_cv_cegpa_up3;train_guarani_only
common_voice_gn_26721103,train_cv_cegpa;train_cv_cegpa_up2;train_cv_cegpa_up3;train_guarani_only
common_voice_gn_26722663,train_cv_cegpa;train_cv_cegpa_up2;train_cv_cegpa_up3;train_guarani_only
common_voice_gn_26722664,train_cv_cegpa;train_cv_cegpa_up2;train_cv_cegpa_up3;train_guarani_only
common_voice_gn_26722665,train_cv_cegpa;train_cv_cegpa_up2;train_cv_cegpa_up3;train_guarani_only
common_voice_gn_26722666,train_cv_cegpa;train_cv_cegpa_up2;train_cv_cegpa_up3;train_guarani_only
common_voice_gn_26722667,train_cv_cegpa;train_cv_cegpa_up2;train_cv_cegpa_up3;train_guarani_only
common_voice_gn_26722812,train_cv_cegpa;train_cv_cegpa_up2;train_cv_cegpa_up3;train_guarani_only
common_voice_gn_26722814,train_cv_cegpa;train_cv_cegpa_up2;train_cv_cegpa_up3;train_guarani_only
common_voice_gn_26722815,train_cv_cegpa;train_cv_cegpa_up2;train_cv_cegpa_up3;train_guarani_only
common_voice_gn_26722816,train_cv_cegpa;train_cv_cegpa_up2;train_cv_cegpa_up3;train_guarani_only
common_voice_gn_26722843,train_cv_cegpa;train_cv_cegpa_up2;train_cv_cegpa_up3;train_guarani_only
common_voice_gn_26722844,train_cv_cegpa;train_cv_cegpa_up2;train_cv_cegpa_up3;train_guarani_only
common_voice_gn_26722845,train_cv_cegpa;train_cv_cegpa_up2;train_cv_cegpa_up3;train_guarani_only
common_voice_gn_26722846,train_cv_cegpa;train_cv_cegpa_up2;train_cv_cegpa_up3;train_guarani_only
common_voice_gn_26722850,dev_guarani_only
common_voice_gn_26722851,train_cv_cegpa;train_cv_cegpa_up2;train_cv_cegpa_up3;train_guarani_only
common_voice_gn_26722852,train_cv_cegpa;train_cv_cegpa_up2;train_cv_cegpa_up3;train_guarani_only
common_voice_gn_26722853,train_cv_cegpa;train_cv_cegpa_up2;train_cv_cegpa_up3;train_guarani_only
common_voice_gn_26722862,train_cv_cegpa;train_cv_cegpa_up2;train_cv_cegpa_up3;train_guarani_only
common_voice_gn_26722863,train_cv_cegpa;train_cv_cegpa_up2;train_cv_cegpa_up3;train_guarani_only
common_voice_gn_26722864,train_cv_cegpa;train_cv_cegpa_up2;train_cv_cegpa_up3;train_guarani_only
common_voice_gn_26722878,train_cv_cegpa;train_cv_cegpa_up2;train_cv_cegpa_up3;train_guarani_only
common_voice_gn_26722879,train_cv_cegpa;train_cv_cegpa_up2;train_cv_cegpa_up3;train_guarani_only
common_voice_gn_26722880,train_cv_cegpa;train_cv_cegpa_up2;train_cv_cegpa_up3;train_guarani_only
common_voice_gn_26722881,train_cv_cegpa;train_cv_cegpa_up2;train_cv_cegpa_up3;train_guarani_only
common_voice_gn_26722884,train_cv_cegpa;train_cv_cegpa_up2;train_cv_cegpa_up3;train_guarani_only
common_voice_gn_26722885,train_cv_cegpa;train_cv_cegpa_up2;train_cv_cegpa_up3;train_guarani_only
common_voice_gn_26722887,train_cv_cegpa;train_cv_cegpa_up2;train_cv_cegpa_up3;train_guarani_only
common_voice_gn_26722895,train_cv_cegpa;train_cv_cegpa_up2;train_cv_cegpa_up3;train_guarani_only
common_voice_gn_26722896,train_cv_cegpa;train_cv_cegpa_up2;train_cv_cegpa_up3;train_guarani_only
common_voice_gn_26722897,train_cv_cegpa;train_cv_cegpa_up2;train_cv_cegpa_up3;train_guarani_only
common_voice_gn_26722898,train_cv_cegpa;train_cv_cegpa_up2;train_cv_cegpa_up3;train_guarani_only
common_voice_gn_26722905,train_cv_cegpa;train_cv_cegpa_up2;train_cv_cegpa_up3;train_guarani_only
common_voice_gn_26722910,train_cv_cegpa;train_cv_cegpa_up2;train_cv_cegpa_up3;train_guarani_only
common_voice_gn_26722922,train_cv_cegpa;train_cv_cegpa_up2;train_cv_cegpa_up3;train_guarani_only
common_voice_gn_26722924,dev_guarani_only
common_voice_gn_26722925,train_cv_cegpa;train_cv_cegpa_up2;train_cv_cegpa_up3;train_guarani_only
common_voice_gn_26722926,train_cv_cegpa;train_cv_cegpa_up2;train_cv_cegpa_up3;train_guarani_only
common_voice_gn_26723217,dev_guarani_only
common_voice_gn_26723218,train_cv_cegpa;train_cv_cegpa_up2;train_cv_cegpa_up3;train_guarani_only
common_voice_gn_26723219,train_cv_cegpa;train_cv_cegpa_up2;train_cv_cegpa_up3;train_guarani_only
common_voice_gn_26723220,train_cv_cegpa;train_cv_cegpa_up2;train_cv_cegpa_up3;train_guarani_only
common_voice_gn_26723221,train_cv_cegpa;train_cv_cegpa_up2;train_cv_cegpa_up3;train_guarani_only
common_voice_gn_26738861,dev_guarani_only
common_voice_gn_26738864,train_cv_cegpa;train_cv_cegpa_up2;train_cv_cegpa_up3;train_guarani_only
common_voice_gn_26738865,train_cv_cegpa;train_cv_cegpa_up2;train_cv_cegpa_up3;train_guarani_only
common_voice_gn_26738866,train_cv_cegpa;train_cv_cegpa_up2;train_cv_cegpa_up3;train_guarani_only
common_voice_gn_26738867,train_cv_cegpa;train_cv_cegpa_up2;train_cv_cegpa_up3;train_guarani_only
common_voice_gn_26738869,train_cv_cegpa;train_cv_cegpa_up2;train_cv_cegpa_up3;train_guarani_only
common_voice_gn_26745636,train_cv_cegpa;train_cv_cegpa_up2;train_cv_cegpa_up3;train_guarani_only
common_voice_gn_26745637,train_cv_cegpa;train_cv_cegpa_up2;train_cv_cegpa_up3;train_guarani_only
common_voice_gn_26745639,train_cv_cegpa;train_cv_cegpa_up2;train_cv_cegpa_up3;train_guarani_only
common_voice_gn_26745640,train_cv_cegpa;train_cv_cegpa_up2;train_cv_cegpa_up3;train_guarani_only
common_voice_gn_26747289,dev_guarani_only
common_voice_gn_26747290,train_cv_cegpa;train_cv_cegpa_up2;train_cv_cegpa_up3;train_guarani_only
common_voice_gn_26774216,train_cv_cegpa;train_cv_cegpa_up2;train_cv_cegpa_up3;train_guarani_only
common_voice_gn_26774217,train_cv_cegpa;train_cv_cegpa_up2;train_cv_cegpa_up3;train_guarani_only
common_voice_gn_26774219,train_cv_cegpa;train_cv_cegpa_up2;train_cv_cegpa_up3;train_guarani_only
common_voice_gn_26774220,dev_guarani_only
common_voice_gn_26774242,train_cv_cegpa;train_cv_cegpa_up2;train_cv_cegpa_up3;train_guarani_only
common_voice_gn_26774243,train_cv_cegpa;train_cv_cegpa_up2;train_cv_cegpa_up3;train_guarani_only
common_voice_gn_26774244,train_cv_cegpa;train_cv_cegpa_up2;train_cv_cegpa_up3;train_guarani_only
common_voice_gn_26774250,train_cv_cegpa;train_cv_cegpa_up2;train_cv_cegpa_up3;train_guarani_only
common_voice_gn_26774286,train_cv_cegpa;train_cv_cegpa_up2;train_cv_cegpa_up3;train_guarani_only
common_voice_gn_26774289,train_cv_cegpa;train_cv_cegpa_up2;train_cv_cegpa_up3;train_guarani_only
common_voice_gn_26774291,train_cv_cegpa;train_cv_cegpa_up2;train_cv_cegpa_up3;train_guarani_only
common_voice_gn_26774321,train_cv_cegpa;train_cv_cegpa_up2;train_cv_cegpa_up3;train_guarani_only
common_voice_gn_26774324,train_cv_cegpa;train_cv_cegpa_up2;train_cv_cegpa_up3;train_guarani_only
common_voice_gn_26774330,train_cv_cegpa;train_cv_cegpa_up2;train_cv_cegpa_up3;train_guarani_only
common_voice_gn_26774381,dev_guarani_only
common_voice_gn_26774382,train_cv_cegpa;train_cv_cegpa_up2;train_cv_cegpa_up3;train_guarani_only
common_voice_gn_26774384,train_cv_cegpa;train_cv_cegpa_up2;train_cv_cegpa_up3;train_guarani_only
common_voice_gn_26774385,train_cv_cegpa;train_cv_cegpa_up2;train_cv_cegpa_up3;train_guarani_only
common_voice_gn_26774387,dev_guarani_only
common_voice_gn_26774434,train_cv_cegpa;train_cv_cegpa_up2;train_cv_cegpa_up3;train_guarani_only
common_voice_gn_26774442,train_cv_cegpa;train_cv_cegpa_up2;train_cv_cegpa_up3;train_guarani_only
common_voice_gn_26774443,train_cv_cegpa;train_cv_cegpa_up2;train_cv_cegpa_up3;train_guarani_only
common_voice_gn_26774582,dev_guarani_only
common_voice_gn_26774584,dev_guarani_only
common_voice_gn_26774585,train_cv_cegpa;train_cv_cegpa_up2;train_cv_cegpa_up3;train_guarani_only
common_voice_gn_26774586,train_cv_cegpa;train_cv_cegpa_up2;train_cv_cegpa_up3;train_guarani_only
common_voice_gn_26774587,train_cv_cegpa;train_cv_cegpa_up2;train_cv_cegpa_up3;train_guarani_only
common_voice_gn_26806964,train_cv_cegpa;train_cv_cegpa_up2;train_cv_cegpa_up3;train_guarani_only
common_voice_gn_26806967,train_cv_cegpa;train_cv_cegpa_up2;train_cv_cegpa_up3;train_guarani_only
common_voice_gn_26806975,train_cv_cegpa;train_cv_cegpa_up2;train_cv_cegpa_up3;train_guarani_only
common_voice_gn_26810905,train_cv_cegpa;train_cv_cegpa_up2;train_cv_cegpa_up3;train_guarani_only
common_voice_gn_26817598,train_cv_cegpa;train_cv_cegpa_up2;train_cv_cegpa_up3;train_guarani_only
common_voice_gn_26817599,train_cv_cegpa;train_cv_cegpa_up2;train_cv_cegpa_up3;train_guarani_only
common_voice_gn_26817600,dev_guarani_only
common_voice_gn_26817601,train_cv_cegpa;train_cv_cegpa_up2;train_cv_cegpa_up3;train_guarani_only
common_voice_gn_26818534,train_cv_cegpa;train_cv_cegpa_up2;train_cv_cegpa_up3;train_guarani_only
common_voice_gn_26818535,train_cv_cegpa;train_cv_cegpa_up2;train_cv_cegpa_up3;train_guarani_only
common_voice_gn_26818536,train_cv_cegpa;train_cv_cegpa_up2;train_cv_cegpa_up3;train_guarani_only
common_voice_gn_26818538,train_cv_cegpa;train_cv_cegpa_up2;train_cv_cegpa_up3;train_guarani_only
common_voice_gn_26818540,train_cv_cegpa;train_cv_cegpa_up2;train_cv_cegpa_up3;train_guarani_only
common_voice_gn_26912220,train_cv_cegpa;train_cv_cegpa_up2;train_cv_cegpa_up3;train_guarani_only
common_voice_gn_26912221,train_cv_cegpa;train_cv_cegpa_up2;train_cv_cegpa_up3;train_guarani_only
common_voice_gn_26912222,train_cv_cegpa;train_cv_cegpa_up2;train_cv_cegpa_up3;train_guarani_only
common_voice_gn_26912223,dev_guarani_only
common_voice_gn_26912224,train_cv_cegpa;train_cv_cegpa_up2;train_cv_cegpa_up3;train_guarani_only
common_voice_gn_26912235,train_cv_cegpa;train_cv_cegpa_up2;train_cv_cegpa_up3;train_guarani_only
common_voice_gn_26912237,train_cv_cegpa;train_cv_cegpa_up2;train_cv_cegpa_up3;train_guarani_only
common_voice_gn_26912250,train_cv_cegpa;train_cv_cegpa_up2;train_cv_cegpa_up3;train_guarani_only
common_voice_gn_26912251,train_cv_cegpa;train_cv_cegpa_up2;train_cv_cegpa_up3;train_guarani_only
common_voice_gn_26912253,train_cv_cegpa;train_cv_cegpa_up2;train_cv_cegpa_up3;train_guarani_only
common_voice_gn_26912254,train_cv_cegpa;train_cv_cegpa_up2;train_cv_cegpa_up3;train_guarani_only
common_voice_gn_26912258,train_cv_cegpa;train_cv_cegpa_up2;train_cv_cegpa_up3;train_guarani_only
common_voice_gn_26912259,train_cv_cegpa;train_cv_cegpa_up2;train_cv_cegpa_up3;train_guarani_only
common_voice_gn_26912260,train_cv_cegpa;train_cv_cegpa_up2;train_cv_cegpa_up3;train_guarani_only
common_voice_gn_26912261,train_cv_cegpa;train_cv_cegpa_up2;train_cv_cegpa_up3;train_guarani_only
common_voice_gn_26912269,train_cv_cegpa;train_cv_cegpa_up2;train_cv_cegpa_up3;train_guarani_only
common_voice_gn_26912271,dev_guarani_only
common_voice_gn_26912273,train_cv_cegpa;train_cv_cegpa_up2;train_cv_cegpa_up3;train_guarani_only
common_voice_gn_26912283,train_cv_cegpa;train_cv_cegpa_up2;train_cv_cegpa_up3;train_guarani_only
common_voice_gn_26912284,train_cv_cegpa;train_cv_cegpa_up2;train_cv_cegpa_up3;train_guarani_only
common_voice_gn_26912285,train_cv_cegpa;train_cv_cegpa_up2;train_cv_cegpa_up3;train_guarani_only
common_voice_gn_26912286,train_cv_cegpa;train_cv_cegpa_up2;train_cv_cegpa_up3;train_guarani_only
common_voice_gn_26912296,train_cv_cegpa;train_cv_cegpa_up2;train_cv_cegpa_up3;train_guarani_only
common_voice_gn_26912297,train_cv_cegpa;train_cv_cegpa_up2;train_cv_cegpa_up3;train_guarani_only
common_voice_gn_26912298,train_cv_cegpa;train_cv_cegpa_up2;train_cv_cegpa_up3;train_guarani_only
common_voice_gn_26912299,train_cv_cegpa;train_cv_cegpa_up2;train_cv_cegpa_up3;train_guarani_only
common_voice_gn_26912300,dev_guarani_only
common_voice_gn_26912312,train_cv_cegpa;train_cv_cegpa_up2;train_cv_cegpa_up3;train_guarani_only
common_voice_gn_26912313,train_cv_cegpa;train_cv_cegpa_up2;train_cv_cegpa_up3;train_guarani_only
common_voice_gn_26912315,train_cv_cegpa;train_cv_cegpa_up2;train_cv_cegpa_up3;train_guarani_only
common_voice_gn_26912316,dev_guarani_only
common_voice_gn_26912319,train_cv_cegpa;train_cv_cegpa_up2;train_cv_cegpa_up3;train_guarani_only
common_voice_gn_26912320,train_cv_cegpa;train_cv_cegpa_up2;train_cv_cegpa_up3;train_guarani_only
common_voice_gn_26912321,train_cv_cegpa;train_cv_cegpa_up2;train_cv_cegpa_up3;train_guarani_only
common_voice_gn_26912322,dev_guarani_only
common_voice_gn_26912323,train_cv_cegpa;train_cv_cegpa_up2;train_cv_cegpa_up3;train_guarani_only
common_voice_gn_26912325,train_cv_cegpa;train_cv_cegpa_up2;train_cv_cegpa_up3;train_guarani_only
common_voice_gn_26912326,train_cv_cegpa;train_cv_cegpa_up2;train_cv_cegpa_up3;train_guarani_only
common_voice_gn_26912328,train_cv_cegpa;train_cv_cegpa_up2;train_cv_cegpa_up3;train_guarani_only
common_voice_gn_26912334,train_cv_cegpa;train_cv_cegpa_up2;train_cv_cegpa_up3;train_guarani_only
common_voice_gn_26912335,dev_guarani_only
common_voice_gn_26912336,train_cv_cegpa;train_cv_cegpa_up2;train_cv_cegpa_up3;train_guarani_only
common_voice_gn_26912337,train_cv_cegpa;train_cv_cegpa_up2;train_cv_cegpa_up3;train_guarani_only
common_voice_gn_26912339,train_cv_cegpa;train_cv_cegpa_up2;train_cv_cegpa_up3;train_guarani_only
common_voice_gn_26912340,train_cv_cegpa;train_cv_cegpa_up2;train_cv_cegpa_up3;train_guarani_only
common_voice_gn_26912341,train_cv_cegpa;train_cv_cegpa_up2;train_cv_cegpa_up3;train_guarani_only
common_voice_gn_26912343,train_cv_cegpa;train_cv_cegpa_up2;train_cv_cegpa_up3;train_guarani_only
common_voice_gn_26912344,train_cv_cegpa;train_cv_cegpa_up2;train_cv_cegpa_up3;train_guarani_only
common_voice_gn_26912345,train_cv_cegpa;train_cv_cegpa_up2;train_cv_cegpa_up3;train_guarani_only
common_voice_gn_26912347,train_cv_cegpa;train_cv_cegpa_up2;train_cv_cegpa_up3;train_guarani_only
common_voice_gn_26912348,train_cv_cegpa;train_cv_cegpa_up2;train_cv_cegpa_up3;train_guarani_only
common_voice_gn_26912351,train_cv_cegpa;train_cv_cegpa_up2;train_cv_cegpa_up3;train_guarani_only
common_voice_gn_26912353,train_cv_cegpa;train_cv_cegpa_up2;train_cv_cegpa_up3;train_guarani_only
common_voice_gn_26912354,train_cv_cegpa;train_cv_cegpa_up2;train_cv_cegpa_up3;train_guarani_only
common_voice_gn_26912355,train_cv_cegpa;train_cv_cegpa_up2;train_cv_cegpa_up3;train_guarani_only
common_voice_gn_26912358,train_cv_cegpa;train_cv_cegpa_up2;train_cv_cegpa_up3;train_guarani_only
common_voice_gn_26912359,dev_guarani_only
common_voice_gn_26912360,train_cv_cegpa;train_cv_cegpa_up2;train_cv_cegpa_up3;train_guarani_only
common_voice_gn_26912361,train_cv_cegpa;train_cv_cegpa_up2;train_cv_cegpa_up3;train_guarani_only
common_voice_gn_26912362,train_cv_cegpa;train_cv_cegpa_up2;train_cv_cegpa_up3;train_guarani_only
common_voice_gn_26912365,train_cv_cegpa;train_cv_cegpa_up2;train_cv_cegpa_up3;train_guarani_only
common_voice_gn_26912366,train_cv_cegpa;train_cv_cegpa_up2;train_cv_cegpa_up3;train_guarani_only
common_voice_gn_26912367,train_cv_cegpa;train_cv_cegpa_up2;train_cv_cegpa_up3;train_guarani_only
common_voice_gn_26912368,train_cv_cegpa;train_cv_cegpa_up2;train_cv_cegpa_up3;train_guarani_only
common_voice_gn_26912377,train_cv_cegpa;train_cv_cegpa_up2;train_cv_cegpa_up3;train_guarani_only
common_voice_gn_26912378,train_cv_cegpa;train_cv_cegpa_up2;train_cv_cegpa_up3;train_guarani_only
common_voice_gn_26912379,train_cv_cegpa;train_cv_cegpa_up2;train_cv_cegpa_up3;train_guarani_only
common_voice_gn_26912381,train_cv_cegpa;train_cv_cegpa_up2;train_cv_cegpa_up3;train_guarani_only
common_voice_gn_26912383,train_cv_cegpa;train_cv_cegpa_up2;train_cv_cegpa_up3;train_guarani_only
common_voice_gn_26912386,train_cv_cegpa;train_cv_cegpa_up2;train_cv_cegpa_up3;train_guarani_only
common_voice_gn_26912387,train_cv_cegpa;train_cv_cegpa_up2;train_cv_cegpa_up3;train_guarani_only
common_voice_gn_26912388,train_cv_cegpa;train_cv_cegpa_up2;train_cv_cegpa_up3;train_guarani_only
common_voice_gn_26912389,train_cv_cegpa;train_cv_cegpa_up2;train_cv_cegpa_up3;train_guarani_only
common_voice_gn_26912390,train_cv_cegpa;train_cv_cegpa_up2;train_cv_cegpa_up3;train_guarani_only
common_voice_gn_26912391,train_cv_cegpa;train_cv_cegpa_up2;train_cv_cegpa_up3;train_guarani_only
common_voice_gn_26912392,train_cv_cegpa;train_cv_cegpa_up2;train_cv_cegpa_up3;train_guarani_only
common_voice_gn_26912394,train_cv_cegpa;train_cv_cegpa_up2;train_cv_cegpa_up3;train_guarani_only
common_voice_gn_26912395,train_cv_cegpa;train_cv_cegpa_up2;train_cv_cegpa_up3;train_guarani_only
common_voice_gn_26912396,train_cv_cegpa;train_cv_cegpa_up2;train_cv_cegpa_up3;train_guarani_only
common_voice_gn_26912397,train_cv_cegpa;train_cv_cegpa_up2;train_cv_cegpa_up3;train_guarani_only
common_voice_gn_26912398,train_cv_cegpa;train_cv_cegpa_up2;train_cv_cegpa_up3;train_guarani_only
common_voice_gn_26912399,train_cv_cegpa;train_cv_cegpa_up2;train_cv_cegpa_up3;train_guarani_only
common_voice_gn_26912400,train_cv_cegpa;train_cv_cegpa_up2;train_cv_cegpa_up3;train_guarani_only
common_voice_gn_26912401,train_cv_cegpa;train_cv_cegpa_up2;train_cv_cegpa_up3;train_guarani_only
common_voice_gn_26912402,train_cv_cegpa;train_cv_cegpa_up2;train_cv_cegpa_up3;train_guarani_only
common_voice_gn_26912405,train_cv_cegpa;train_cv_cegpa_up2;train_cv_cegpa_up3;train_guarani_only
common_voice_gn_26912406,train_cv_cegpa;train_cv_cegpa_up2;train_cv_cegpa_up3;train_guarani_only
common_voice_gn_26912407,train_cv_cegpa;train_cv_cegpa_up2;train_cv_cegpa_up3;train_guarani_only
common_voice_gn_26912408,dev_guarani_only
common_voice_gn_26912409,train_cv_cegpa;train_cv_cegpa_up2;train_cv_cegpa_up3;train_guarani_only
common_voice_gn_26988860,train_cv_cegpa;train_cv_cegpa_up2;train_cv_cegpa_up3;train_guarani_only
common_voice_gn_26988862,train_cv_cegpa;train_cv_cegpa_up2;train_cv_cegpa_up3;train_guarani_only
common_voice_gn_26988863,train_cv_cegpa;train_cv_cegpa_up2;train_cv_cegpa_up3;train_guarani_only
common_voice_gn_26988890,train_cv_cegpa;train_cv_cegpa_up2;train_cv_cegpa_up3;train_guarani_only
common_voice_gn_26988896,train_cv_cegpa;train_cv_cegpa_up2;train_cv_cegpa_up3;train_guarani_only
common_voice_gn_26988900,train_cv_cegpa;train_cv_cegpa_up2;train_cv_cegpa_up3;train_guarani_only
common_voice_gn_26988904,train_cv_cegpa;train_cv_cegpa_up2;train_cv_cegpa_up3;train_guarani_only
common_voice_gn_26988906,train_cv_cegpa;train_cv_cegpa_up2;train_cv_cegpa_up3;train_guarani_only
common_voice_gn_26988921,train_cv_cegpa;train_cv_cegpa_up2;train_cv_cegpa_up3;train_guarani_only
common_voice_gn_26988924,train_cv_cegpa;train_cv_cegpa_up2;train_cv_cegpa_up3;train_guarani_only
common_voice_gn_26988926,train_cv_cegpa;train_cv_cegpa_up2;train_cv_cegpa_up3;train_guarani_only
common_voice_gn_26988936,dev_guarani_only
common_voice_gn_26988938,train_cv_cegpa;train_cv_cegpa_up2;train_cv_cegpa_up3;train_guarani_only
common_voice_gn_26988940,train_cv_cegpa;train_cv_cegpa_up2;train_cv_cegpa_up3;train_guarani_only
common_voice_gn_26988944,train_cv_cegpa;train_cv_cegpa_up2;train_cv_cegpa_up3;train_guarani_only
common_voice_gn_27002572,train_cv_cegpa;train_cv_cegpa_up2;train_cv_cegpa_up3;train_guarani_only
common_voice_gn_27002574,train_cv_cegpa;train_cv_cegpa_up2;train_cv_cegpa_up3;train_guarani_only
common_voice_gn_27002575,train_cv_cegpa;train_cv_cegpa_up2;train_cv_cegpa_up3;train_guarani_only
common_voice_gn_27002576,train_cv_cegpa;train_cv_cegpa_up2;train_cv_cegpa_up3;train_guarani_only
common_voice_gn_27002592,train_cv_cegpa;train_cv_cegpa_up2;train_cv_cegpa_up3;train_guarani_only
common_voice_gn_27002593,train_cv_cegpa;train_cv_cegpa_up2;train_cv_cegpa_up3;train_guarani_only
common_voice_gn_27002594,train_cv_cegpa;train_cv_cegpa_up2;train_cv_cegpa_up3;train_guarani_only
common_voice_gn_27002595,train_cv_cegpa;train_cv_cegpa_up2;train_cv_cegpa_up3;train_guarani_only
common_voice_gn_27002596,train_cv_cegpa;train_cv_cegpa_up2;train_cv_cegpa_up3;train_guarani_only
common_voice_gn_27002607,train_cv_cegpa;train_cv_cegpa_up2;train_cv_cegpa_up3;train_guarani_only
common_voice_gn_27002608,train_cv_cegpa;train_cv_cegpa_up2;train_cv_cegpa_up3;train_guarani_only
common_voice_gn_27002609,train_cv_cegpa;train_cv_cegpa_up2;train_cv_cegpa_up3;train_guarani_only
common_voice_gn_27002610,train_cv_cegpa;train_cv_cegpa_up2;train_cv_cegpa_up3;train_guarani_only
common_voice_gn_27002611,train_cv_cegpa;train_cv_cegpa_up2;train_cv_cegpa_up3;train_guarani_only
common_voice_gn_27002677,train_cv_cegpa;train_cv_cegpa_up2;train_cv_cegpa_up3;train_guarani_only
common_voice_gn_27002680,train_cv_cegpa;train_cv_cegpa_up2;train_cv_cegpa_up3;train_guarani_only
common_voice_gn_27002681,train_cv_cegpa;train_cv_cegpa_up2;train_cv_cegpa_up3;train_guarani_only
common_voice_gn_27002687,train_cv_cegpa;train_cv_cegpa_up2;train_cv_cegpa_up3;train_guarani_only
common_voice_gn_27002688,train_cv_cegpa;train_cv_cegpa_up2;train_cv_cegpa_up3;train_guarani_only
common_voice_gn_27002689,train_cv_cegpa;train_cv_cegpa_up2;train_cv_cegpa_up3;train_guarani_only
common_voice_gn_27002690,train_cv_cegpa;train_cv_cegpa_up2;train_cv_cegpa_up3;train_guarani_only
common_voice_gn_27002691,train_cv_cegpa;train_cv_cegpa_up2;train_cv_cegpa_up3;train_guarani_only
common_voice_gn_27011765,dev_guarani_only
common_voice_gn_27011767,train_cv_cegpa;train_cv_cegpa_up2;train_cv_cegpa_up3;train_guarani_only
common_voice_gn_27011769,train_cv_cegpa;train_cv_cegpa_up2;train_cv_cegpa_up3;train_guarani_only
common_voice_gn_27019197,train_cv_cegpa;train_cv_cegpa_up2;train_cv_cegpa_up3;train_guarani_only
common_voice_gn_27019198,train_cv_cegpa;train_cv_cegpa_up2;train_cv_cegpa_up3;train_guarani_only
common_voice_gn_27019199,train_cv_cegpa;train_cv_cegpa_up2;train_cv_cegpa_up3;train_guarani_only
common_voice_gn_27019200,train_cv_cegpa;train_cv_cegpa_up2;train_cv_cegpa_up3;train_guarani_only
common_voice_gn_27019203,train_cv_cegpa;train_cv_cegpa_up2;train_cv_cegpa_up3;train_guarani_only
common_voice_gn_27152225,train_cv_cegpa;train_cv_cegpa_up2;train_cv_cegpa_up3;train_guarani_only
common_voice_gn_27152227,dev_guarani_only
common_voice_gn_27152230,train_cv_cegpa;train_cv_cegpa_up2;train_cv_cegpa_up3;train_guarani_only
common_voice_gn_27152231,train_cv_cegpa;train_cv_cegpa_up2;train_cv_cegpa_up3;train_guarani_only
common_voice_gn_27187682,train_cv_cegpa;train_cv_cegpa_up2;train_cv_cegpa_up3;train_guarani_only
common_voice_gn_27187683,train_cv_cegpa;train_cv_cegpa_up2;train_cv_cegpa_up3;train_guarani_only
common_voice_gn_27187684,dev_guarani_only
common_voice_gn_27187685,train_cv_cegpa;train_cv_cegpa_up2;train_cv_cegpa_up3;train_guarani_only
common_voice_gn_27187686,train_cv_cegpa;train_cv_cegpa_up2;train_cv_cegpa_up3;train_guarani_only
common_voice_gn_27219857,train_cv_cegpa;train_cv_cegpa_up2;train_cv_cegpa_up3;train_guarani_only
common_voice_gn_27219858,train_cv_cegpa;train_cv_cegpa_up2;train_cv_cegpa_up3;train_guarani_only
common_voice_gn_27219975,train_cv_cegpa;train_cv_cegpa_up2;train_cv_cegpa_up3;train_guarani_only
common_voice_gn_27219976,train_cv_cegpa;train_cv_cegpa_up2;train_cv_cegpa_up3;train_guarani_only
common_voice_gn_27219978,dev_guarani_only
common_voice_gn_27219979,dev_guarani_only
common_voice_gn_27219980,dev_guarani_only
common_voice_gn_27220015,dev_guarani_only
common_voice_gn_27220016,train_cv_cegpa;train_cv_cegpa_up2;train_cv_cegpa_up3;train_guarani_only
common_voice_gn_27220017,train_cv_cegpa;train_cv_cegpa_up2;train_cv_cegpa_up3;train_guarani_only
common_voice_gn_27220018,train_cv_cegpa;train_cv_cegpa_up2;train_cv_cegpa_up3;train_guarani_only
common_voice_gn_27220019,train_cv_cegpa;train_cv_cegpa_up2;train_cv_cegpa_up3;train_guarani_only
common_voice_gn_27220072,train_cv_cegpa;train_cv_cegpa_up2;train_cv_cegpa_up3;train_guarani_only
common_voice_gn_27220073,train_cv_cegpa;train_cv_cegpa_up2;train_cv_cegpa_up3;train_guarani_only
common_voice_gn_27220278,train_cv_cegpa;train_cv_cegpa_up2;train_cv_cegpa_up3;train_guarani_only
common_voice_gn_27220280,train_cv_cegpa;train_cv_cegpa_up2;train_cv_cegpa_up3;train_guarani_only
common_voice_gn_27220281,dev_guarani_only
common_voice_gn_27220299,train_cv_cegpa;train_cv_cegpa_up2;train_cv_cegpa_up3;train_guarani_only
common_voice_gn_27220304,train_cv_cegpa;train_cv_cegpa_up2;train_cv_cegpa_up3;train_guarani_only
common_voice_gn_27220305,train_cv_cegpa;train_cv_cegpa_up2;train_cv_cegpa_up3;train_guarani_only
common_voice_gn_27220306,train_cv_cegpa;train_cv_cegpa_up2;train_cv_cegpa_up3;train_guarani_only
common_voice_gn_27255301,train_cv_cegpa;train_cv_cegpa_up2;train_cv_cegpa_up3;train_guarani_only
common_voice_gn_27255302,train_cv_cegpa;train_cv_cegpa_up2;train_cv_cegpa_up3;train_guarani_only
common_voice_gn_27255303,train_cv_cegpa;train_cv_cegpa_up2;train_cv_cegpa_up3;train_guarani_only
common_voice_gn_27255355,train_cv_cegpa;train_cv_cegpa_up2;train_cv_cegpa_up3;train_guarani_only
common_voice_gn_27255357,train_cv_cegpa;train_cv_cegpa_up2;train_cv_cegpa_up3;train_guarani_only
common_voice_gn_27255359,train_cv_cegpa;train_cv_cegpa_up2;train_cv_cegpa_up3;train_guarani_only
common_voice_gn_27378381,train_cv_cegpa;train_cv_cegpa_up2;train_cv_cegpa_up3;train_guarani_only
common_voice_gn_27378382,train_cv_cegpa;train_cv_cegpa_up2;train_cv_cegpa_up3;train_guarani_only
common_voice_gn_27378387,train_cv_cegpa;train_cv_cegpa_up2;train_cv_cegpa_up3;train_guarani_only
common_voice_gn_27378409,train_cv_cegpa;train_cv_cegpa_up2;train_cv_cegpa_up3;train_guarani_only
common_voice_gn_27378410,train_cv_cegpa;train_cv_cegpa_up2;train_cv_cegpa_up3;train_guarani_only
common_voice_gn_27378411,train_cv_cegpa;train_cv_cegpa_up2;train_cv_cegpa_up3;train_guarani_only
common_voice_gn_27378412,train_cv_cegpa;train_cv_cegpa_up2;train_cv_cegpa_up3;train_guarani_only
common_voice_gn_27378608,train_cv_cegpa;train_cv_cegpa_up2;train_cv_cegpa_up3;train_guarani_only
common_voice_gn_27378609,train_cv_cegpa;train_cv_cegpa_up2;train_cv_cegpa_up3;train_guarani_only
common_voice_gn_27378611,train_cv_cegpa;train_cv_cegpa_up2;train_cv_cegpa_up3;train_guarani_only
common_voice_gn_27378613,train_cv_cegpa;train_cv_cegpa_up2;train_cv_cegpa_up3;train_guarani_only
common_voice_gn_27378614,train_cv_cegpa;train_cv_cegpa_up2;train_cv_cegpa_up3;train_guarani_only
common_voice_gn_27378636,dev_guarani_only
common_voice_gn_27378641,train_cv_cegpa;train_cv_cegpa_up2;train_cv_cegpa_up3;train_guarani_only
common_voice_gn_27378642,train_cv_cegpa;train_cv_cegpa_up2;train_cv_cegpa_up3;train_guarani_only
common_voice_gn_27378643,train_cv_cegpa;train_cv_cegpa_up2;train_cv_cegpa_up3;train_guarani_only
common_voice_gn_27378674,train_cv_cegpa;train_cv_cegpa_up2;train_cv_cegpa_up3;train_guarani_only
common_voice_gn_27378676,train_cv_cegpa;train_cv_cegpa_up2;train_cv_cegpa_up3;train_guarani_only
common_voice_gn_27378677,train_cv_cegpa;train_cv_cegpa_up2;train_cv_cegpa_up3;train_guarani_only
common_voice_gn_27378678,train_cv_cegpa;train_cv_cegpa_up2;train_cv_cegpa_up3;train_guarani_only
common_voice_gn_27378713,train_cv_cegpa;train_cv_cegpa_up2;train_cv_cegpa_up3;train_guarani_only
common_voice_gn_27378715,train_cv_cegpa;train_cv_cegpa_up2;train_cv_cegpa_up3;train_guarani_only
common_voice_gn_27378721,train_cv_cegpa;train_cv_cegpa_up2;train_cv_cegpa_up3;train_guarani_only
common_voice_gn_27378872,train_cv_cegpa;train_cv_cegpa_up2;train_cv_cegpa_up3;train_guarani_only
common_voice_gn_27378874,train_cv_cegpa;train_cv_cegpa_up2;train_cv_cegpa_up3;train_guarani_only
common_voice_gn_27378875,train_cv_cegpa;train_cv_cegpa_up2;train_cv_cegpa_up3;train_guarani_only
common_voice_gn_27378876,train_cv_cegpa;train_cv_cegpa_up2;train_cv_cegpa_up3;train_guarani_only
common_voice_gn_27419798,train_cv_cegpa;train_cv_cegpa_up2;train_cv_cegpa_up3;train_guarani_only
common_voice_gn_27419799,train_cv_cegpa;train_cv_cegpa_up2;train_cv_cegpa_up3;train_guarani_only
common_voice_gn_27419800,train_cv_cegpa;train_cv_cegpa_up2;train_cv_cegpa_up3;train_guarani_only
common_voice_gn_27419801,dev_guarani_only
common_voice_gn_27419802,train_cv_cegpa;train_cv_cegpa_up2;train_cv_cegpa_up3;train_guarani_only
common_voice_gn_27419843,train_cv_cegpa;train_cv_cegpa_up2;train_cv_cegpa_up3;train_guarani_only
common_voice_gn_27419844,train_cv_cegpa;train_cv_cegpa_up2;train_cv_cegpa_up3;train_guarani_only
common_voice_gn_27419845,train_cv_cegpa;train_cv_cegpa_up2;train_cv_cegpa_up3;train_guarani_only
common_voice_gn_27419846,train_cv_cegpa;train_cv_cegpa_up2;train_cv_cegpa_up3;train_guarani_only
common_voice_gn_27419847,train_cv_cegpa;train_cv_cegpa_up2;train_cv_cegpa_up3;train_guarani_only
common_voice_gn_27419894,train_cv_cegpa;train_cv_cegpa_up2;train_cv_cegpa_up3;train_guarani_only
common_voice_gn_27419898,train_cv_cegpa;train_cv_cegpa_up2;train_cv_cegpa_up3;train_guarani_only
common_voice_gn_27419905,dev_guarani_only
common_voice_gn_27420005,train_cv_cegpa;train_cv_cegpa_up2;train_cv_cegpa_up3;train_guarani_only
common_voice_gn_27420006,train_cv_cegpa;train_cv_cegpa_up2;train_cv_cegpa_up3;train_guarani_only
common_voice_gn_27420007,train_cv_cegpa;train_cv_cegpa_up2;train_cv_cegpa_up3;train_guarani_only
common_voice_gn_27420009,train_cv_cegpa;train_cv_cegpa_up2;train_cv_cegpa_up3;train_guarani_only
common_voice_gn_27494890,train_cv_cegpa;train_cv_cegpa_up2;train_cv_cegpa_up3;train_guarani_only
common_voice_gn_27494891,train_cv_cegpa;train_cv_cegpa_up2;train_cv_cegpa_up3;train_guarani_only
common_voice_gn_27494893,train_cv_cegpa;train_cv_cegpa_up2;train_cv_cegpa_up3;train_guarani_only
common_voice_gn_27494894,train_cv_cegpa;train_cv_cegpa_up2;train_cv_cegpa_up3;train_guarani_only
common_voice_gn_27494946,train_cv_cegpa;train_cv_cegpa_up2;train_cv_cegpa_up3;train_guarani_only
common_voice_gn_27494947,train_cv_cegpa;train_cv_cegpa_up2;train_cv_cegpa_up3;train_guarani_only
common_voice_gn_27494948,dev_guarani_only
common_voice_gn_27494949,train_cv_cegpa;train_cv_cegpa_up2;train_cv_cegpa_up3;train_guarani_only
common_voice_gn_27522064,train_cv_cegpa;train_cv_cegpa_up2;train_cv_cegpa_up3;train_guarani_only
common_voice_gn_27522065,train_cv_cegpa;train_cv_cegpa_up2;train_cv_cegpa_up3;train_guarani_only
common_voice_gn_27522067,train_cv_cegpa;train_cv_cegpa_up2;train_cv_cegpa_up3;train_guarani_only
common_voice_gn_27522374,train_cv_cegpa;train_cv_cegpa_up2;train_cv_cegpa_up3;train_guarani_only
common_voice_gn_27522377,train_cv_cegpa;train_cv_cegpa_up2;train_cv_cegpa_up3;train_guarani_only
common_voice_gn_27522378,train_cv_cegpa;train_cv_cegpa_up2;train_cv_cegpa_up3;train_guarani_only
common_voice_gn_27522409,train_cv_cegpa;train_cv_cegpa_up2;train_cv_cegpa_up3;train_guarani_only
common_voice_gn_27522410,train_cv_cegpa;train_cv_cegpa_up2;train_cv_cegpa_up3;train_guarani_only
common_voice_gn_27522412,train_cv_cegpa;train_cv_cegpa_up2;train_cv_cegpa_up3;train_guarani_only
common_voice_gn_27522413,train_cv_cegpa;train_cv_cegpa_up2;train_cv_cegpa_up3;train_guarani_only
common_voice_gn_27522474,train_cv_cegpa;train_cv_cegpa_up2;train_cv_cegpa_up3;train_guarani_only
common_voice_gn_27522475,train_cv_cegpa;train_cv_cegpa_up2;train_cv_cegpa_up3;train_guarani_only
common_voice_gn_27522476,train_cv_cegpa;train_cv_cegpa_up2;train_cv_cegpa_up3;train_guarani_only
common_voice_gn_27522477,train_cv_cegpa;train_cv_cegpa_up2;train_cv_cegpa_up3;train_guarani_only
common_voice_gn_27522478,train_cv_cegpa;train_cv_cegpa_up2;train_cv_cegpa_up3;train_guarani_only
common_voice_gn_27522540,train_cv_cegpa;train_cv_cegpa_up2;train_cv_cegpa_up3;train_guarani_only
common_voice_gn_27522542,train_cv_cegpa;train_cv_cegpa_up2;train_cv_cegpa_up3;train_guarani_only
common_voice_gn_27522543,train_cv_cegpa;train_cv_cegpa_up2;train_cv_cegpa_up3;train_guarani_only
common_voice_gn_27522581,train_cv_cegpa;train_cv_cegpa_up2;train_cv_cegpa_up3;train_guarani_only
common_voice_gn_27522582,train_cv_cegpa;train_cv_cegpa_up2;train_cv_cegpa_up3;train_guarani_only
common_voice_gn_27522583,train_cv_cegpa;train_cv_cegpa_up2;train_cv_cegpa_up3;train_guarani_only
common_voice_gn_27522652,train_cv_cegpa;train_cv_cegpa_up2;train_cv_cegpa_up3;train_guarani_only
common_voice_gn_27522653,train_cv_cegpa;train_cv_cegpa_up2;train_cv_cegpa_up3;train_guarani_only
common_voice_gn_27522655,train_cv_cegpa;train_cv_cegpa_up2;train_cv_cegpa_up3;train_guarani_only
common_voice_gn_27522680,train_cv_cegpa;train_cv_cegpa_up2;train_cv_cegpa_up3;train_guarani_only
common_voice_gn_27522681,train_cv_cegpa;train_cv_cegpa_up2;train_cv_cegpa_up3;train_guarani_only
common_voice_gn_27522695,train_cv_cegpa;train_cv_cegpa_up2;train_cv_cegpa_up3;train_guarani_only
common_voice_gn_27522696,dev_guarani_only
common_voice_gn_27522703,train_cv_cegpa;train_cv_cegpa_up2;train_cv_cegpa_up3;train_guarani_only
common_voice_gn_27522704,train_cv_cegpa;train_cv_cegpa_up2;train_cv_cegpa_up3;train_guarani_only
common_voice_gn_27522705,train_cv_cegpa;train_cv_cegpa_up2;train_cv_cegpa_up3;train_guarani_only
common_voice_gn_27522706,train_cv_cegpa;train_cv_cegpa_up2;train_cv_cegpa_up3;train_guarani_only
common_voice_gn_27522709,train_cv_cegpa;train_cv_cegpa_up2;train_cv_cegpa_up3;train_guarani_only
common_voice_gn_27522710,dev_guarani_only
common_voice_gn_27522711,train_cv_cegpa;train_cv_cegpa_up2;train_cv_cegpa_up3;train_guarani_only
common_voice_gn_27522712,train_cv_cegpa;train_cv_cegpa_up2;train_cv_cegpa_up3;train_guarani_only
common_voice_gn_27522713,train_cv_cegpa;train_cv_cegpa_up2;train_cv_cegpa_up3;train_guarani_only
common_voice_gn_27522714,train_cv_cegpa;train_cv_cegpa_up2;train_cv_cegpa_up3;train_guarani_only
common_voice_gn_27522715,dev_guarani_only
common_voice_gn_27522716,train_cv_cegpa;train_cv_cegpa_up2;train_cv_cegpa_up3;train_guarani_only
common_voice_gn_27522717,train_cv_cegpa;train_cv_cegpa_up2;train_cv_cegpa_up3;train_guarani_only
common_voice_gn_27522718,train_cv_cegpa;train_cv_cegpa_up2;train_cv_cegpa_up3;train_guarani_only
common_voice_gn_27522720,train_cv_cegpa;train_cv_cegpa_up2;train_cv_cegpa_up3;train_guarani_only
common_voice_gn_27522721,train_cv_cegpa;train_cv_cegpa_up2;train_cv_cegpa_up3;train_guarani_only
common_voice_gn_27522722,train_cv_cegpa;train_cv_cegpa_up2;train_cv_cegpa_up3;train_guarani_only
common_voice_gn_27522723,train_cv_cegpa;train_cv_cegpa_up2;train_cv_cegpa_up3;train_guarani_only
common_voice_gn_27522724,dev_guarani_only
common_voice_gn_27522725,train_cv_cegpa;train_cv_cegpa_up2;train_cv_cegpa_up3;train_guarani_only
common_voice_gn_27522726,train_cv_cegpa;train_cv_cegpa_up2;train_cv_cegpa_up3;train_guarani_only
common_voice_gn_27522727,train_cv_cegpa;train_cv_cegpa_up2;train_cv_cegpa_up3;train_guarani_only
common_voice_gn_27522733,train_cv_cegpa;train_cv_cegpa_up2;train_cv_cegpa_up3;train_guarani_only
common_voice_gn_27522734,train_cv_cegpa;train_cv_cegpa_up2;train_cv_cegpa_up3;train_guarani_only
common_voice_gn_27522735,train_cv_cegpa;train_cv_cegpa_up2;train_cv_cegpa_up3;train_guarani_only
common_voice_gn_27522736,train_cv_cegpa;train_cv_cegpa_up2;train_cv_cegpa_up3;train_guarani_only
common_voice_gn_27522737,train_cv_cegpa;train_cv_cegpa_up2;train_cv_cegpa_up3;train_guarani_only
common_voice_gn_27531100,train_cv_cegpa;train_cv_cegpa_up2;train_cv_cegpa_up3;train_guarani_only
common_voice_gn_27531101,dev_guarani_only
common_voice_gn_27531102,train_cv_cegpa;train_cv_cegpa_up2;train_cv_cegpa_up3;train_guarani_only
common_voice_gn_27531103,train_cv_cegpa;train_cv_cegpa_up2;train_cv_cegpa_up3;train_guarani_only
common_voice_gn_27531106,train_cv_cegpa;train_cv_cegpa_up2;train_cv_cegpa_up3;train_guarani_only
common_voice_gn_27531149,dev_guarani_only
common_voice_gn_27531151,train_cv_cegpa;train_cv_cegpa_up2;train_cv_cegpa_up3;train_guarani_only
common_voice_gn_27531152,train_cv_cegpa;train_cv_cegpa_up2;train_cv_cegpa_up3;train_guarani_only
common_voice_gn_27531153,train_cv_cegpa;train_cv_cegpa_up2;train_cv_cegpa_up3;train_guarani_only
common_voice_gn_27531226,train_cv_cegpa;train_cv_cegpa_up2;train_cv_cegpa_up3;train_guarani_only
common_voice_gn_27531227,train_cv_cegpa;train_cv_cegpa_up2;train_cv_cegpa_up3;train_guarani_only
common_voice_gn_27531228,dev_guarani_only
common_voice_gn_27531229,train_cv_cegpa;train_cv_cegpa_up2;train_cv_cegpa_up3;train_guarani_only
common_voice_gn_27531230,train_cv_cegpa;train_cv_cegpa_up2;train_cv_cegpa_up3;train_guarani_only
common_voice_gn_27531265,train_cv_cegpa;train_cv_cegpa_up2;train_cv_cegpa_up3;train_guarani_only
common_voice_gn_27531267,train_cv_cegpa;train_cv_cegpa_up2;train_cv_cegpa_up3;train_guarani_only
common_voice_gn_27531268,train_cv_cegpa;train_cv_cegpa_up2;train_cv_cegpa_up3;train_guarani_only
common_voice_gn_27531269,train_cv_cegpa;train_cv_cegpa_up2;train_cv_cegpa_up3;train_guarani_only
common_voice_gn_27531302,train_cv_cegpa;train_cv_cegpa_up2;train_cv_cegpa_up3;train_guarani_only
common_voice_gn_27531303,dev_guarani_only
common_voice_gn_27531305,train_cv_cegpa;train_cv_cegpa_up2;train_cv_cegpa_up3;train_guarani_only
common_voice_gn_27531306,train_cv_cegpa;train_cv_cegpa_up2;train_cv_cegpa_up3;train_guarani_only
common_voice_gn_27531307,dev_guarani_only
common_voice_gn_27531329,train_cv_cegpa;train_cv_cegpa_up2;train_cv_cegpa_up3;train_guarani_only
common_voice_gn_27531330,train_cv_cegpa;train_cv_cegpa_up2;train_cv_cegpa_up3;train_guarani_only
common_voice_gn_27531331,dev_guarani_only
common_voice_gn_27531333,train_cv_cegpa;train_cv_cegpa_up2;train_cv_cegpa_up3;train_guarani_only
common_voice_gn_27531355,train_cv_cegpa;train_cv_cegpa_up2;train_cv_cegpa_up3;train_guarani_only
common_voice_gn_27531356,train_cv_cegpa;train_cv_cegpa_up2;train_cv_cegpa_up3;train_guarani_only
common_voice_gn_27531359,train_cv_cegpa;train_cv_cegpa_up2;train_cv_cegpa_up3;train_guarani_only
common_voice_gn_27531388,train_cv_cegpa;train_cv_cegpa_up2;train_cv_cegpa_up3;train_guarani_only
common_voice_gn_27531390,train_cv_cegpa;train_cv_cegpa_up2;train_cv_cegpa_up3;train_guarani_only
common_voice_gn_27531391,train_cv_cegpa;train_cv_cegpa_up2;train_cv_cegpa_up3;train_guarani_only
common_voice_gn_27531392,train_cv_cegpa;train_cv_cegpa_up2;train_cv_cegpa_up3;train_guarani_only
common_voice_gn_27531415,train_cv_cegpa;train_cv_cegpa_up2;train_cv_cegpa_up3;train_guarani_only
common_voice_gn_27531416,train_cv_cegpa;train_cv_cegpa_up2;train_cv_cegpa_up3;train_guarani_only
common_voice_gn_27531418,train_cv_cegpa;train_cv_cegpa_up2;train_cv_cegpa_up3;train_guarani_only
common_voice_gn_27531419,train_cv_cegpa;train_cv_cegpa_up2;train_cv_cegpa_up3;train_guarani_only
common_voice_gn_27531420,train_cv_cegpa;train_cv_cegpa_up2;train_cv_cegpa_up3;train_guarani_only
common_voice_gn_27531432,train_cv_cegpa;train_cv_cegpa_up2;train_cv_cegpa_up3;train_guarani_only
common_voice_gn_27531433,dev_guarani_only
common_voice_gn_27531434,train_cv_cegpa;train_cv_cegpa_up2;train_cv_cegpa_up3;train_guarani_only
common_voice_gn_27531435,train_cv_cegpa;train_cv_cegpa_up2;train_cv_cegpa_up3;train_guarani_only
common_voice_gn_27531455,train_cv_cegpa;train_cv_cegpa_up2;train_cv_cegpa_up3;train_guarani_only
common_voice_gn_27531456,train_cv_cegpa;train_cv_cegpa_up2;train_cv_cegpa_up3;train_guarani_only
common_voice_gn_27531457,train_cv_cegpa;train_cv_cegpa_up2;train_cv_cegpa_up3;train_guarani_only
common_voice_gn_27531458,train_cv_cegpa;train_cv_cegpa_up2;train_cv_cegpa_up3;train_guarani_only
common_voice_gn_27531538,train_cv_cegpa;train_cv_cegpa_up2;train_cv_cegpa_up3;train_guarani_only
common_voice_gn_27531539,train_cv_cegpa;train_cv_cegpa_up2;train_cv_cegpa_up3;train_guarani_only
common_voice_gn_27531540,train_cv_cegpa;train_cv_cegpa_up2;train_cv_cegpa_up3;train_guarani_only
common_voice_gn_27531541,train_cv_cegpa;train_cv_cegpa_up2;train_cv_cegpa_up3;train_guarani_only
common_voice_gn_27531542,train_cv_cegpa;train_cv_cegpa_up2;train_cv_cegpa_up3;train_guarani_only
common_voice_gn_27531771,train_cv_cegpa;train_cv_cegpa_up2;train_cv_cegpa_up3;train_guarani_only
common_voice_gn_27531784,train_cv_cegpa;train_cv_cegpa_up2;train_cv_cegpa_up3;train_guarani_only
common_voice_gn_27532265,train_cv_cegpa;train_cv_cegpa_up2;train_cv_cegpa_up3;train_guarani_only
common_voice_gn_27532267,train_cv_cegpa;train_cv_cegpa_up2;train_cv_cegpa_up3;train_guarani_only
common_voice_gn_27532268,train_cv_cegpa;train_cv_cegpa_up2;train_cv_cegpa_up3;train_guarani_only
common_voice_gn_27532269,train_cv_cegpa;train_cv_cegpa_up2;train_cv_cegpa_up3;train_guarani_only
common_voice_gn_27532391,train_cv_cegpa;train_cv_cegpa_up2;train_cv_cegpa_up3;train_guarani_only
common_voice_gn_27532394,train_cv_cegpa;train_cv_cegpa_up2;train_cv_cegpa_up3;train_guarani_only
common_voice_gn_27532398,train_cv_cegpa;train_cv_cegpa_up2;train_cv_cegpa_up3;train_guarani_only
common_voice_gn_27532503,train_cv_cegpa;train_cv_cegpa_up2;train_cv_cegpa_up3;train_guarani_only
common_voice_gn_27532505,train_cv_cegpa;train_cv_cegpa_up2;train_cv_cegpa_up3;train_guarani_only
common_voice_gn_27532506,train_cv_cegpa;train_cv_cegpa_up2;train_cv_cegpa_up3;train_guarani_only
common_voice_gn_27532507,train_cv_cegpa;train_cv_cegpa_up2;train_cv_cegpa_up3;train_guarani_only
common_voice_gn_27532509,train_cv_cegpa;train_cv_cegpa_up2;train_cv_cegpa_up3;train_guarani_only
common_voice_gn_27532579,train_cv_cegpa;train_cv_cegpa_up2;train_cv_cegpa_up3;train_guarani_only
common_voice_gn_27532582,train_cv_cegpa;train_cv_cegpa_up2;train_cv_cegpa_up3;train_guarani_only
common_voice_gn_27532585,train_cv_cegpa;train_cv_cegpa_up2;train_cv_cegpa_up3;train_guarani_only
common_voice_gn_27532588,train_cv_cegpa;train_cv_cegpa_up2;train_cv_cegpa_up3;train_guarani_only
common_voice_gn_27532622,train_cv_cegpa;train_cv_cegpa_up2;train_cv_cegpa_up3;train_guarani_only
common_voice_gn_27532624,train_cv_cegpa;train_cv_cegpa_up2;train_cv_cegpa_up3;train_guarani_only
common_voice_gn_27532625,dev_guarani_only
common_voice_gn_27532626,train_cv_cegpa;train_cv_cegpa_up2;train_cv_cegpa_up3;train_guarani_only
common_voice_gn_27532628,train_cv_cegpa;train_cv_cegpa_up2;train_cv_cegpa_up3;train_guarani_only
common_voice_gn_27532678,train_cv_cegpa;train_cv_cegpa_up2;train_cv_cegpa_up3;train_guarani_only
common_voice_gn_27532679,train_cv_cegpa;train_cv_cegpa_up2;train_cv_cegpa_up3;train_guarani_only
common_voice_gn_27532680,train_cv_cegpa;train_cv_cegpa_up2;train_cv_cegpa_up3;train_guarani_only
common_voice_gn_27532681,train_cv_cegpa;train_cv_cegpa_up2;train_cv_cegpa_up3;train_guarani_only
common_voice_gn_27532705,train_cv_cegpa;train_cv_cegpa_up2;train_cv_cegpa_up3;train_guarani_only
common_voice_gn_27532708,train_cv_cegpa;train_cv_cegpa_up2;train_cv_cegpa_up3;train_guarani_only
common_voice_gn_27532710,train_cv_cegpa;train_cv_cegpa_up2;train_cv_cegpa_up3;train_guarani_only
common_voice_gn_27532711,train_cv_cegpa;train_cv_cegpa_up2;train_cv_cegpa_up3;train_guarani_only
common_voice_gn_27532732,train_cv_cegpa;train_cv_cegpa_up2;train_cv_cegpa_up3;train_guarani_only
common_voice_gn_27532734,train_cv_cegpa;train_cv_cegpa_up2;train_cv_cegpa_up3;train_guarani_only
common_voice_gn_27532735,train_cv_cegpa;train_cv_cegpa_up2;train_cv_cegpa_up3;train_guarani_only
common_voice_gn_27532736,train_cv_cegpa;train_cv_cegpa_up2;train_cv_cegpa_up3;train_guarani_only
common_voice_gn_27532755,train_cv_cegpa;train_cv_cegpa_up2;train_cv_cegpa_up3;train_guarani_only
common_voice_gn_27532756,train_cv_cegpa;train_cv_cegpa_up2;train_cv_cegpa_up3;train_guarani_only
common_voice_gn_27532757,train_cv_cegpa;train_cv_cegpa_up2;train_cv_cegpa_up3;train_guarani_only
common_voice_gn_27532758,train_cv_cegpa;train_cv_cegpa_up2;train_cv_cegpa_up3;train_guarani_only
common_voice_gn_27663336,train_cv_cegpa;train_cv_cegpa_up2;train_cv_cegpa_up3;train_guarani_only
common_voice_gn_27663337,train_cv_cegpa;train_cv_cegpa_up2;train_cv_cegpa_up3;train_guarani_only
common_voice_gn_27663338,train_cv_cegpa;train_cv_cegpa_up2;train_cv_cegpa_up3;train_guarani_only
common_voice_gn_27714976,dev_guarani_only
common_voice_gn_27714978,train_cv_cegpa;train_cv_cegpa_up2;train_cv_cegpa_up3;train_guarani_only
common_voice_gn_27714979,train_cv_cegpa;train_cv_cegpa_up2;train_cv_cegpa_up3;train_guarani_only
common_voice_gn_27714980,train_cv_cegpa;train_cv_cegpa_up2;train_cv_cegpa_up3;train_guarani_only
common_voice_gn_27714997,train_cv_cegpa;train_cv_cegpa_up2;train_cv_cegpa_up3;train_guarani_only
common_voice_gn_27714998,train_cv_cegpa;train_cv_cegpa_up2;train_cv_cegpa_up3;train_guarani_only
common_voice_gn_27714999,train_cv_cegpa;train_cv_cegpa_up2;train_cv_cegpa_up3;train_guarani_only
common_voice_gn_27715000,train_cv_cegpa;train_cv_cegpa_up2;train_cv_cegpa_up3;train_guarani_only
common_voice_gn_27771692,train_cv_cegpa;train_cv_cegpa_up2;train_cv_cegpa_up3;train_guarani_only
common_voice_gn_27771693,train_cv_cegpa;train_cv_cegpa_up2;train_cv_cegpa_up3;train_guarani_only
common_voice_gn_27771694,train_cv_cegpa;train_cv_cegpa_up2;train_cv_cegpa_up3;train_guarani_only
common_voice_gn_27771696,dev_guarani_only
common_voice_gn_27771699,train_cv_cegpa;train_cv_cegpa_up2;train_cv_cegpa_up3;train_guarani_only
common_voice_gn_27771700,train_cv_cegpa;train_cv_cegpa_up2;train_cv_cegpa_up3;train_guarani_only
common_voice_gn_27771701,train_cv_cegpa;train_cv_cegpa_up2;train_cv_cegpa_up3;train_guarani_only
common_voice_gn_27771702,train_cv_cegpa;train_cv_cegpa_up2;train_cv_cegpa_up3;train_guarani_only
common_voice_gn_27771703,train_cv_cegpa;train_cv_cegpa_up2;train_cv_cegpa_up3;train_guarani_only
common_voice_gn_27771705,train_cv_cegpa;train_cv_cegpa_up2;train_cv_cegpa_up3;train_guarani_only
common_voice_gn_27771707,train_cv_cegpa;train_cv_cegpa_up2;train_cv_cegpa_up3;train_guarani_only
common_voice_gn_27771709,train_cv_cegpa;train_cv_cegpa_up2;train_cv_cegpa_up3;train_guarani_only
common_voice_gn_27771710,train_cv_cegpa;train_cv_cegpa_up2;train_cv_cegpa_up3;train_guarani_only
common_voice_gn_27771713,train_cv_cegpa;train_cv_cegpa_up2;train_cv_cegpa_up3;train_guarani_only
common_voice_gn_27771716,train_cv_cegpa;train_cv_cegpa_up2;train_cv_cegpa_up3;train_guarani_only
common_voice_gn_27771718,train_cv_cegpa;train_cv_cegpa_up2;train_cv_cegpa_up3;train_guarani_only
common_voice_gn_27771720,train_cv_cegpa;train_cv_cegpa_up2;train_cv_cegpa_up3;train_guarani_only
common_voice_gn_27771722,train_cv_cegpa;train_cv_cegpa_up2;train_cv_cegpa_up3;train_guarani_only
common_voice_gn_27771723,train_cv_cegpa;train_cv_cegpa_up2;train_cv_cegpa_up3;train_guarani_only
common_voice_gn_27771724,train_cv_cegpa;train_cv_cegpa_up2;train_cv_cegpa_up3;train_guarani_only
common_voice_gn_27771725,train_cv_cegpa;train_cv_cegpa_up2;train_cv_cegpa_up3;train_guarani_only
common_voice_gn_27771726,dev_guarani_only
common_voice_gn_27777887,train_cv_cegpa;train_cv_cegpa_up2;train_cv_cegpa_up3;train_guarani_only
common_voice_gn_27777888,train_cv_cegpa;train_cv_cegpa_up2;train_cv_cegpa_up3;train_guarani_only
common_voice_gn_27777889,train_cv_cegpa;train_cv_cegpa_up2;train_cv_cegpa_up3;train_guarani_only
common_voice_gn_27777890,train_cv_cegpa;train_cv_cegpa_up2;train_cv_cegpa_up3;train_guarani_only
common_voice_gn_27777902,dev_guarani_only
common_voice_gn_27777904,train_cv_cegpa;train_cv_cegpa_up2;train_cv_cegpa_up3;train_guarani_only
common_voice_gn_27777905,train_cv_cegpa;train_cv_cegpa_up2;train_cv_cegpa_up3;train_guarani_only
common_voice_gn_27777909,train_cv_cegpa;train_cv_cegpa_up2;train_cv_cegpa_up3;train_guarani_only
common_voice_gn_27777911,train_cv_cegpa;train_cv_cegpa_up2;train_cv_cegpa_up3;train_guarani_only
common_voice_gn_27777914,train_cv_cegpa;train_cv_cegpa_up2;train_cv_cegpa_up3;train_guarani_only
common_voice_gn_27777915,train_cv_cegpa;train_cv_cegpa_up2;train_cv_cegpa_up3;train_guarani_only
common_voice_gn_27777916,train_cv_cegpa;train_cv_cegpa_up2;train_cv_cegpa_up3;train_guarani_only
common_voice_gn_27777917,train_cv_cegpa;train_cv_cegpa_up2;train_cv_cegpa_up3;train_guarani_only
common_voice_gn_27777918,train_cv_cegpa;train_cv_cegpa_up2;train_cv_cegpa_up3;train_guarani_only
common_voice_gn_27777919,train_cv_cegpa;train_cv_cegpa_up2;train_cv_cegpa_up3;train_guarani_only
common_voice_gn_27777931,train_cv_cegpa;train_cv_cegpa_up2;train_cv_cegpa_up3;train_guarani_only
common_voice_gn_27777932,train_cv_cegpa;train_cv_cegpa_up2;train_cv_cegpa_up3;train_guarani_only
common_voice_gn_27777933,train_cv_cegpa;train_cv_cegpa_up2;train_cv_cegpa_up3;train_guarani_only
common_voice_gn_27777934,train_cv_cegpa;train_cv_cegpa_up2;train_cv_cegpa_up3;train_guarani_only
common_voice_gn_27777935,train_cv_cegpa;train_cv_cegpa_up2;train_cv_cegpa_up3;train_guarani_only
common_voice_gn_27777936,train_cv_cegpa;train_cv_cegpa_up2;train_cv_cegpa_up3;train_guarani_only
common_voice_gn_27777937,train_cv_cegpa;train_cv_cegpa_up2;train_cv_cegpa_up3;train_guarani_only
common_voice_gn_27777938,train_cv_cegpa;train_cv_cegpa_up2;train_cv_cegpa_up3;train_guarani_only
common_voice_gn_27777940,train_cv_cegpa;train_cv_cegpa_up2;train_cv_cegpa_up3;train_guarani_only
common_voice_gn_27777942,train_cv_cegpa;train_cv_cegpa_up2;train_cv_cegpa_up3;train_guarani_only
common_voice_gn_27777943,train_cv_cegpa;train_cv_cegpa_up2;train_cv_cegpa_up3;train_guarani_only
common_voice_gn_27777945,train_cv_cegpa;train_cv_cegpa_up2;train_cv_cegpa_up3;train_guarani_only
common_voice_gn_28289409,dev_guarani_only
common_voice_gn_28289411,train_cv_cegpa;train_cv_cegpa_up2;train_cv_cegpa_up3;train_guarani_only
common_voice_gn_28289421,train_cv_cegpa;train_cv_cegpa_up2;train_cv_cegpa_up3;train_guarani_only
common_voice_gn_28289422,train_cv_cegpa;train_cv_cegpa_up2;train_cv_cegpa_up3;train_guarani_only
common_voice_gn_28289424,train_cv_cegpa;train_cv_cegpa_up2;train_cv_cegpa_up3;train_guarani_only
common_voice_gn_28289427,train_cv_cegpa;train_cv_cegpa_up2;train_cv_cegpa_up3;train_guarani_only
common_voice_gn_28289429,train_cv_cegpa;train_cv_cegpa_up2;train_cv_cegpa_up3;train_guarani_only
common_voice_gn_28289445,train_cv_cegpa;train_cv_cegpa_up2;train_cv_cegpa_up3;train_guarani_only
common_voice_gn_28289446,train_cv_cegpa;train_cv_cegpa_up2;train_cv_cegpa_up3;train_guarani_only
common_voice_gn_28289447,train_cv_cegpa;train_cv_cegpa_up2;train_cv_cegpa_up3;train_guarani_only
common_voice_gn_28289450,train_cv_cegpa;train_cv_cegpa_up2;train_cv_cegpa_up3;train_guarani_only
common_voice_gn_28289451,train_cv_cegpa;train_cv_cegpa_up2;train_cv_cegpa_up3;train_guarani_only
common_voice_gn_28289454,train_cv_cegpa;train_cv_cegpa_up2;train_cv_cegpa_up3;train_guarani_only
common_voice_gn_28331451,train_cv_cegpa;train_cv_cegpa_up2;train_cv_cegpa_up3;train_guarani_only
common_voice_gn_28331452,train_cv_cegpa;train_cv_cegpa_up2;train_cv_cegpa_up3;train_guarani_only
common_voice_gn_28331453,train_cv_cegpa;train_cv_cegpa_up2;train_cv_cegpa_up3;train_guarani_only
common_voice_gn_28331457,train_cv_cegpa;train_cv_cegpa_up2;train_cv_cegpa_up3;train_guarani_only
common_voice_gn_28331459,train_cv_cegpa;train_cv_cegpa_up2;train_cv_cegpa_up3;train_guarani_only
common_voice_gn_28331460,train_cv_cegpa;train_cv_cegpa_up2;train_cv_cegpa_up3;train_guarani_only
common_voice_gn_28331461,train_cv_cegpa;train_cv_cegpa_up2;train_cv_cegpa_up3;train_guarani_only
common_voice_gn_28331468,train_cv_cegpa;train_cv_cegpa_up2;train_cv_cegpa_up3;train_guarani_only
common_voice_gn_28331469,dev_guarani_only
common_voice_gn_28331483,train_cv_cegpa;train_cv_cegpa_up2;train_cv_cegpa_up3;train_guarani_only
common_voice_gn_28331484,train_cv_cegpa;train_cv_cegpa_up2;train_cv_cegpa_up3;train_guarani_only
common_voice_gn_28331485,train_cv_cegpa;train_cv_cegpa_up2;train_cv_cegpa_up3;train_guarani_only
common_voice_gn_28331512,train_cv_cegpa;train_cv_cegpa_up2;train_cv_cegpa_up3;train_guarani_only
common_voice_gn_28331513,dev_guarani_only
common_voice_gn_28331514,train_cv_cegpa;train_cv_cegpa_up2;train_cv_cegpa_up3;train_guarani_only
common_voice_gn_28331516,train_cv_cegpa;train_cv_cegpa_up2;train_cv_cegpa_up3;train_guarani_only
common_voice_gn_28376547,train_cv_cegpa;train_cv_cegpa_up2;train_cv_cegpa_up3;train_guarani_only
common_voice_gn_28376548,train_cv_cegpa;train_cv_cegpa_up2;train_cv_cegpa_up3;train_guarani_only
common_voice_gn_28376549,train_cv_cegpa;train_cv_cegpa_up2;train_cv_cegpa_up3;train_guarani_only
common_voice_gn_28376566,train_cv_cegpa;train_cv_cegpa_up2;train_cv_cegpa_up3;train_guarani_only
common_voice_gn_28376567,train_cv_cegpa;train_cv_cegpa_up2;train_cv_cegpa_up3;train_guarani_only
common_voice_gn_28376568,train_cv_cegpa;train_cv_cegpa_up2;train_cv_cegpa_up3;train_guarani_only
common_voice_gn_28376569,train_cv_cegpa;train_cv_cegpa_up2;train_cv_cegpa_up3;train_guarani_only
common_voice_gn_28376570,train_cv_cegpa;train_cv_cegpa_up2;train_cv_cegpa_up3;train_guarani_only
common_voice_gn_28376581,train_cv_cegpa;train_cv_cegpa_up2;train_cv_cegpa_up3;train_guarani_only
common_voice_gn_28376583,train_cv_cegpa;train_cv_cegpa_up2;train_cv_cegpa_up3;train_guarani_only
common_voice_gn_28376584,train_cv_cegpa;train_cv_cegpa_up2;train_cv_cegpa_up3;train_guarani_only
common_voice_gn_28376585,train_cv_cegpa;train_cv_cegpa_up2;train_cv_cegpa_up3;train_guarani_only
common_voice_gn_28376591,train_cv_cegpa;train_cv_cegpa_up2;train_cv_cegpa_up3;train_guarani_only
common_voice_gn_28376592,train_cv_cegpa;train_cv_cegpa_up2;train_cv_cegpa_up3;train_guarani_only
common_voice_gn_28376593,train_cv_cegpa;train_cv_cegpa_up2;train_cv_cegpa_up3;train_guarani_only
common_voice_gn_28376594,train_cv_cegpa;train_cv_cegpa_up2;train_cv_cegpa_up3;train_guarani_only
common_voice_gn_28376595,train_cv_cegpa;train_cv_cegpa_up2;train_cv_cegpa_up3;train_guarani_only
common_voice_gn_28376608,train_cv_cegpa;train_cv_cegpa_up2;train_cv_cegpa_up3;train_guarani_only
common_voice_gn_28376609,train_cv_cegpa;train_cv_cegpa_up2;train_cv_cegpa_up3;train_guarani_only
common_voice_gn_28522871,dev_guarani_only
common_voice_gn_28522872,train_cv_cegpa;train_cv_cegpa_up2;train_cv_cegpa_up3;train_guarani_only
common_voice_gn_28522873,train_cv_cegpa;train_cv_cegpa_up2;train_cv_cegpa_up3;train_guarani_only
common_voice_gn_28522874,dev_guarani_only
common_voice_gn_28522902,dev_guarani_only
common_voice_gn_28522903,train_cv_cegpa;train_cv_cegpa_up2;train_cv_cegpa_up3;train_guarani_only
common_voice_gn_28522905,train_cv_cegpa;train_cv_cegpa_up2;train_cv_cegpa_up3;train_guarani_only
common_voice_gn_28522911,train_cv_cegpa;train_cv_cegpa_up2;train_cv_cegpa_up3;train_guarani_only
common_voice_gn_28522912,train_cv_cegpa;train_cv_cegpa_up2;train_cv_cegpa_up3;train_guarani_only
common_voice_gn_28522913,train_cv_cegpa;train_cv_cegpa_up2;train_cv_cegpa_up3;train_guarani_only
common_voice_gn_28522914,train_cv_cegpa;train_cv_cegpa_up2;train_cv_cegpa_up3;train_guarani_only
common_voice_gn_28522921,train_cv_cegpa;train_cv_cegpa_up2;train_cv_cegpa_up3;train_guarani_only
common_voice_gn_28522924,train_cv_cegpa;train_cv_cegpa_up2;train_cv_cegpa_up3;train_guarani_only
common_voice_gn_28522926,train_cv_cegpa;train_cv_cegpa_up2;train_cv_cegpa_up3;train_guarani_only
common_voice_gn_28522946,train_cv_cegpa;train_cv_cegpa_up2;train_cv_cegpa_up3;train_guarani_only
common_voice_gn_28522948,train_cv_cegpa;train_cv_cegpa_up2;train_cv_cegpa_up3;train_guarani_only
common_voice_gn_28522949,train_cv_cegpa;train_cv_cegpa_up2;train_cv_cegpa_up3;train_guarani_only
common_voice_gn_28522977,train_cv_cegpa;train_cv_cegpa_up2;train_cv_cegpa_up3;train_guarani_only
common_voice_gn_28522978,train_cv_cegpa;train_cv_cegpa_up2;train_cv_cegpa_up3;train_guarani_only
common_voice_gn_28522979,train_cv_cegpa;train_cv_cegpa_up2;train_cv_cegpa_up3;train_guarani_only
common_voice_gn_28523000,train_cv_cegpa;train_cv_cegpa_up2;train_cv_cegpa_up3;train_guarani_only
common_voice_gn_28523003,train_cv_cegpa;train_cv_cegpa_up2;train_cv_cegpa_up3;train_guarani_only
common_voice_gn_28523004,train_cv_cegpa;train_cv_cegpa_up2;train_cv_cegpa_up3;train_guarani_only
common_voice_gn_28523005,train_cv_cegpa;train_cv_cegpa_up2;train_cv_cegpa_up3;train_guarani_only
common_voice_gn_28523007,train_cv_cegpa;train_cv_cegpa_up2;train_cv_cegpa_up3;train_guarani_only
common_voice_gn_28523008,train_cv_cegpa;train_cv_cegpa_up2;train_cv_cegpa_up3;train_guarani_only
common_voice_gn_28523009,train_cv_cegpa;train_cv_cegpa_up2;train_cv_cegpa_up3;train_guarani_only
common_voice_gn_28523016,train_cv_cegpa;train_cv_cegpa_up2;train_cv_cegpa_up3;train_guarani_only
common_voice_gn_28523019,dev_guarani_only
common_voice_gn_28523022,train_cv_cegpa;train_cv_cegpa_up2;train_cv_cegpa_up3;train_guarani_only
common_voice_gn_28523023,train_cv_cegpa;train_cv_cegpa_up2;train_cv_cegpa_up3;train_guarani_only
common_voice_gn_28523029,train_cv_cegpa;train_cv_cegpa_up2;train_cv_cegpa_up3;train_guarani_only
common_voice_gn_28523030,train_cv_cegpa;train_cv_cegpa_up2;train_cv_cegpa_up3;train_guarani_only
common_voice_gn_28523031,train_cv_cegpa;train_cv_cegpa_up2;train_cv_cegpa_up3;train_guarani_only
common_voice_gn_28523032,train_cv_cegpa;train_cv_cegpa_up2;train_cv_cegpa_up3;train_guarani_only
common_voice_gn_28523055,train_cv_cegpa;train_cv_cegpa_up2;train_cv_cegpa_up3;train_guarani_only
common_voice_gn_28523056,train_cv_cegpa;train_cv_cegpa_up2;train_cv_cegpa_up3;train_guarani_only
common_voice_gn_28523057,train_cv_cegpa;train_cv_cegpa_up2;train_cv_cegpa_up3;train_guarani_only
common_voice_gn_28523058,dev_guarani_only
common_voice_gn_28523059,train_cv_cegpa;train_cv_cegpa_up2;train_cv_cegpa_up3;train_guarani_only
common_voice_gn_28523060,train_cv_cegpa;train_cv_cegpa_up2;train_cv_cegpa_up3;train_guarani_only
common_voice_gn_28523061,train_cv_cegpa;train_cv_cegpa_up2;train_cv_cegpa_up3;train_guarani_only
common_voice_gn_28523062,train_cv_cegpa;train_cv_cegpa_up2;train_cv_cegpa_up3;train_guarani_only
common_voice_gn_28523064,train_cv_cegpa;train_cv_cegpa_up2;train_cv_cegpa_up3;train_guarani_only
common_voice_gn_28523270,train_cv_cegpa;train_cv_cegpa_up2;train_cv_cegpa_up3;train_guarani_only
common_voice_gn_28523271,train_cv_cegpa;train_cv_cegpa_up2;train_cv_cegpa_up3;train_guarani_only
common_voice_gn_28523274,train_cv_cegpa;train_cv_cegpa_up2;train_cv_cegpa_up3;train_guarani_only
common_voice_gn_28523275,train_cv_cegpa;train_cv_cegpa_up2;train_cv_cegpa_up3;train_guarani_only
common_voice_gn_28523399,train_cv_cegpa;train_cv_cegpa_up2;train_cv_cegpa_up3;train_guarani_only
common_voice_gn_28523401,train_cv_cegpa;train_cv_cegpa_up2;train_cv_cegpa_up3;train_guarani_only
common_voice_gn_28523402,train_cv_cegpa;train_cv_cegpa_up2;train_cv_cegpa_up3;train_guarani_only
common_voice_gn_28532112,train_cv_cegpa;train_cv_cegpa_up2;train_cv_cegpa_up3;train_guarani_only
common_voice_gn_28532114,train_cv_cegpa;train_cv_cegpa_up2;train_cv_cegpa_up3;train_guarani_only
common_voice_gn_28532115,train_cv_cegpa;train_cv_cegpa_up2;train_cv_cegpa_up3;train_guarani_only
common_voice_gn_28564038,train_cv_cegpa;train_cv_cegpa_up2;train_cv_cegpa_up3;train_guarani_only
common_voice_gn_28564039,train_cv_cegpa;train_cv_cegpa_up2;train_cv_cegpa_up3;train_guarani_only
common_voice_gn_28564040,train_cv_cegpa;train_cv_cegpa_up2;train_cv_cegpa_up3;train_guarani_only
common_voice_gn_28564041,train_cv_cegpa;train_cv_cegpa_up2;train_cv_cegpa_up3;train_guarani_only
common_voice_gn_28564042,train_cv_cegpa;train_cv_cegpa_up2;train_cv_cegpa_up3;train_guarani_only
common_voice_gn_28564055,train_cv_cegpa;train_cv_cegpa_up2;train_cv_cegpa_up3;train_guarani_only
common_voice_gn_28564056,train_cv_cegpa;train_cv_cegpa_up2;train_cv_cegpa_up3;train_guarani_only
common_voice_gn_28564058,train_cv_cegpa;train_cv_cegpa_up2;train_cv_cegpa_up3;train_guarani_only
common_voice_gn_28564059,train_cv_cegpa;train_cv_cegpa_up2;train_cv_cegpa_up3;train_guarani_only
common_voice_gn_28564086,train_cv_cegpa;train_cv_cegpa_up2;train_cv_cegpa_up3;train_guarani_only
common_voice_gn_28564088,train_cv_cegpa;train_cv_cegpa_up2;train_cv_cegpa_up3;train_guarani_only
common_voice_gn_28564089,train_cv_cegpa;train_cv_cegpa_up2;train_cv_cegpa_up3;train_guarani_only
common_voice_gn_28564093,train_cv_cegpa;train_cv_cegpa_up2;train_cv_cegpa_up3;train_guarani_only
common_voice_gn_28623369,train_cv_cegpa;train_cv_cegpa_up2;train_cv_cegpa_up3;train_guarani_only
common_voice_gn_28623374,train_cv_cegpa;train_cv_cegpa_up2;train_cv_cegpa_up3;train_guarani_only
common_voice_gn_28623378,train_cv_cegpa;train_cv_cegpa_up2;train_cv_cegpa_up3;train_guarani_only
common_voice_gn_28623379,train_cv_cegpa;train_cv_cegpa_up2;train_cv_cegpa_up3;train_guarani_only
common_voice_gn_28623381,train_cv_cegpa;train_cv_cegpa_up2;train_cv_cegpa_up3;train_guarani_only
common_voice_gn_28646477,train_cv_cegpa;train_cv_cegpa_up2;train_cv_cegpa_up3;train_guarani_only
common_voice_gn_28646478,dev_guarani_only
common_voice_gn_28646489,dev_guarani_only
common_voice_gn_28646490,train_cv_cegpa;train_cv_cegpa_up2;train_cv_cegpa_up3;train_guarani_only
common_voice_gn_28646491,train_cv_cegpa;train_cv_cegpa_up2;train_cv_cegpa_up3;train_guarani_only
common_voice_gn_28646492,train_cv_cegpa;train_cv_cegpa_up2;train_cv_cegpa_up3;train_guarani_only
common_voice_gn_28655242,train_cv_cegpa;train_cv_cegpa_up2;train_cv_cegpa_up3;train_guarani_only
common_voice_gn_28655243,train_cv_cegpa;train_cv_cegpa_up2;train_cv_cegpa_up3;train_guarani_only
common_voice_gn_28655244,train_cv_cegpa;train_cv_cegpa_up2;train_cv_cegpa_up3;train_guarani_only
common_voice_gn_28655245,train_cv_cegpa;train_cv_cegpa_up2;train_cv_cegpa_up3;train_guarani_only
common_voice_gn_28655246,train_cv_cegpa;train_cv_cegpa_up2;train_cv_cegpa_up3;train_guarani_only
common_voice_gn_28655247,train_cv_cegpa;train_cv_cegpa_up2;train_cv_cegpa_up3;train_guarani_only
common_voice_gn_28655248,train_cv_cegpa;train_cv_cegpa_up2;train_cv_cegpa_up3;train_guarani_only
common_voice_gn_28655250,train_cv_cegpa;train_cv_cegpa_up2;train_cv_cegpa_up3;train_guarani_only
common_voice_gn_28716663,dev_guarani_only
common_voice_gn_28716664,train_cv_cegpa;train_cv_cegpa_up2;train_cv_cegpa_up3;train_guarani_only
common_voice_gn_28716665,train_cv_cegpa;train_cv_cegpa_up2;train_cv_cegpa_up3;train_guarani_only
common_voice_gn_28716675,train_cv_cegpa;train_cv_cegpa_up2;train_cv_cegpa_up3;train_guarani_only
common_voice_gn_28716676,train_cv_cegpa;train_cv_cegpa_up2;train_cv_cegpa_up3;train_guarani_only
common_voice_gn_28716677,train_cv_cegpa;train_cv_cegpa_up2;train_cv_cegpa_up3;train_guarani_only
common_voice_gn_28716689,train_cv_cegpa;train_cv_cegpa_up2;train_cv_cegpa_up3;train_guarani_only
common_voice_gn_28716690,train_cv_cegpa;train_cv_cegpa_up2;train_cv_cegpa_up3;train_guarani_only
common_voice_gn_28716692,train_cv_cegpa;train_cv_cegpa_up2;train_cv_cegpa_up3;train_guarani_only
common_voice_gn_28716693,train_cv_cegpa;train_cv_cegpa_up2;train_cv_cegpa_up3;train_guarani_only
common_voice_gn_28716698,train_cv_cegpa;train_cv_cegpa_up2;train_cv_cegpa_up3;train_guarani_only
common_voice_gn_28716700,train_cv_cegpa;train_cv_cegpa_up2;train_cv_cegpa_up3;train_guarani_only
common_voice_gn_28716701,train_cv_cegpa;train_cv_cegpa_up2;train_cv_cegpa_up3;train_guarani_only
common_voice_gn_28716702,train_cv_cegpa;train_cv_cegpa_up2;train_cv_cegpa_up3;train_guarani_only
common_voice_gn_28716708,train_cv_cegpa;train_cv_cegpa_up2;train_cv_cegpa_up3;train_guarani_only
common_voice_gn_28716710,train_cv_cegpa;train_cv_cegpa_up2;train_cv_cegpa_up3;train_guarani_only
common_voice_gn_28716711,train_cv_cegpa;train_cv_cegpa_up2;train_cv_cegpa_up3;train_guarani_only
common_voice_gn_28716712,train_cv_cegpa;train_cv_cegpa_up2;train_cv_cegpa_up3;train_guarani_only
common_voice_gn_28716714,dev_guarani_only
common_voice_gn_28716721,train_cv_cegpa;train_cv_cegpa_up2;train_cv_cegpa_up3;train_guarani_only
common_voice_gn_28716723,train_cv_cegpa;train_cv_cegpa_up2;train_cv_cegpa_up3;train_guarani_only
common_voice_gn_28716724,train_cv_cegpa;train_cv_cegpa_up2;train_cv_cegpa_up3;train_guarani_only
common_voice_gn_28736726,train_cv_cegpa;train_cv_cegpa_up2;train_cv_cegpa_up3;train_guarani_only
common_voice_gn_28736727,train_cv_cegpa;train_cv_cegpa_up2;train_cv_cegpa_up3;train_guarani_only
common_voice_gn_28736728,train_cv_cegpa;train_cv_cegpa_up2;train_cv_cegpa_up3;train_guarani_only
common_voice_gn_28736730,train_cv_cegpa;train_cv_cegpa_up2;train_cv_cegpa_up3;train_guarani_only
common_voice_gn_28736731,train_cv_cegpa;train_cv_cegpa_up2;train_cv_cegpa_up3;train_guarani_only
common_voice_gn_28736732,train_cv_cegpa;train_cv_cegpa_up2;train_cv_cegpa_up3;train_guarani_only
common_voice_gn_28736733,train_cv_cegpa;train_cv_cegpa_up2;train_cv_cegpa_up3;train_guarani_only
common_voice_gn_28736734,train_cv_cegpa;train_cv_cegpa_up2;train_cv_cegpa_up3;train_guarani_only
common_voice_gn_28736735,train_cv_cegpa;train_cv_cegpa_up2;train_cv_cegpa_up3;train_guarani_only
common_voice_gn_30637969,train_cv_cegpa;train_cv_cegpa_up2;train_cv_cegpa_up3;train_guarani_only
common_voice_gn_30637970,train_cv_cegpa;train_cv_cegpa_up2;train_cv_cegpa_up3;train_guarani_only
common_voice_gn_30637971,train_cv_cegpa;train_cv_cegpa_up2;train_cv_cegpa_up3;train_guarani_only
common_voice_gn_30637972,train_cv_cegpa;train_cv_cegpa_up2;train_cv_cegpa_up3;train_guarani_only
common_voice_gn_30723726,dev_guarani_only
common_voice_gn_31059209,train_cv_cegpa;train_cv_cegpa_up2;train_cv_cegpa_up3;train_guarani_only
common_voice_gn_31059210,train_cv_cegpa;train_cv_cegpa_up2;train_cv_cegpa_up3;train_guarani_only
common_voice_gn_31059211,train_cv_cegpa;train_cv_cegpa_up2;train_cv_cegpa_up3;train_guarani_only
common_voice_gn_31491710,train_cv_cegpa;train_cv_cegpa_up2;train_cv_cegpa_up3;train_guarani_only
common_voice_gn_31491712,train_cv_cegpa;train_cv_cegpa_up2;train_cv_cegpa_up3;train_guarani_only
common_voice_gn_31491713,train_cv_cegpa;train_cv_cegpa_up2;train_cv_cegpa_up3;train_guarani_only
common_voice_gn_31491747,train_cv_cegpa;train_cv_cegpa_up2;train_cv_cegpa_up3;train_guarani_only
common_voice_gn_31491748,dev_guarani_only
common_voice_gn_31491754,train_cv_cegpa;train_cv_cegpa_up2;train_cv_cegpa_up3;train_guarani_only
common_voice_gn_31491755,train_cv_cegpa;train_cv_cegpa_up2;train_cv_cegpa_up3;train_guarani_only
common_voice_gn_31491756,train_cv_cegpa;train_cv_cegpa_up2;train_cv_cegpa_up3;train_guarani_only
common_voice_gn_31491757,dev_guarani_only
common_voice_gn_31491769,train_cv_cegpa;train_cv_cegpa_up2;train_cv_cegpa_up3;train_guarani_only
common_voice_gn_31491770,train_cv_cegpa;train_cv_cegpa_up2;train_cv_cegpa_up3;train_guarani_only
common_voice_gn_31491771,train_cv_cegpa;train_cv_cegpa_up2;train_cv_cegpa_up3;train_guarani_only
common_voice_gn_31491773,train_cv_cegpa;train_cv_cegpa_up2;train_cv_cegpa_up3;train_guarani_only
common_voice_gn_31501213,train_cv_cegpa;train_cv_cegpa_up2;train_cv_cegpa_up3;train_guarani_only
common_voice_gn_31501214,train_cv_cegpa;train_cv_cegpa_up2;train_cv_cegpa_up3;train_guarani_only
common_voice_gn_31501215,train_cv_cegpa;train_cv_cegpa_up2;train_cv_cegpa_up3;train_guarani_only
common_voice_gn_31501216,dev_guarani_only
common_voice_gn_31504580,train_cv_cegpa;train_cv_cegpa_up2;train_cv_cegpa_up3;train_guarani_only
common_voice_gn_31504581,train_cv_cegpa;train_cv_cegpa_up2;train_cv_cegpa_up3;train_guarani_only
common_voice_gn_31504582,train_cv_cegpa;train_cv_cegpa_up2;train_cv_cegpa_up3;train_guarani_only
common_voice_gn_31504584,train_cv_cegpa;train_cv_cegpa_up2;train_cv_cegpa_up3;train_guarani_only
common_voice_gn_31504609,train_cv_cegpa;train_cv_cegpa_up2;train_cv_cegpa_up3;train_guarani_only
common_voice_gn_31504611,dev_guarani_only
common_voice_gn_31504613,train_cv_cegpa;train_cv_cegpa_up2;train_cv_cegpa_up3;train_guarani_only
common_voice_gn_31504618,train_cv_cegpa;train_cv_cegpa_up2;train_cv_cegpa_up3;train_guarani_only
common_voice_gn_31504619,dev_guarani_only
common_voice_gn_31504621,train_cv_cegpa;train_cv_cegpa_up2;train_cv_cegpa_up3;train_guarani_only
common_voice_gn_31504624,train_cv_cegpa;train_cv_cegpa_up2;train_cv_cegpa_up3;train_guarani_only
common_voice_gn_31504631,train_cv_cegpa;train_cv_cegpa_up2;train_cv_cegpa_up3;train_guarani_only
common_voice_gn_31504632,train_cv_cegpa;train_cv_cegpa_up2;train_cv_cegpa_up3;train_guarani_only
common_voice_gn_31504633,dev_guarani_only
common_voice_gn_31504634,train_cv_cegpa;train_cv_cegpa_up2;train_cv_cegpa_up3;train_guarani_only
common_voice_gn_31504635,dev_guarani_only
common_voice_gn_31504642,train_cv_cegpa;train_cv_cegpa_up2;train_cv_cegpa_up3;train_guarani_only
common_voice_gn_31504643,train_cv_cegpa;train_cv_cegpa_up2;train_cv_cegpa_up3;train_guarani_only
common_voice_gn_31504644,train_cv_cegpa;train_cv_cegpa_up2;train_cv_cegpa_up3;train_guarani_only
common_voice_gn_31504645,train_cv_cegpa;train_cv_cegpa_up2;train_cv_cegpa_up3;train_guarani_only
common_voice_gn_31504646,train_cv_cegpa;train_cv_cegpa_up2;train_cv_cegpa_up3;train_guarani_only
common_voice_gn_31504704,train_cv_cegpa;train_cv_cegpa_up2;train_cv_cegpa_up3;train_guarani_only
common_voice_gn_31504705,train_cv_cegpa;train_cv_cegpa_up2;train_cv_cegpa_up3;train_guarani_only
common_voice_gn_31504818,train_cv_cegpa;train_cv_cegpa_up2;train_cv_cegpa_up3;train_guarani_only
common_voice_gn_31504819,dev_guarani_only
common_voice_gn_31504820,train_cv_cegpa;train_cv_cegpa_up2;train_cv_cegpa_up3;train_guarani_only
common_voice_gn_31637958,train_cv_cegpa;train_cv_cegpa_up2;train_cv_cegpa_up3;train_guarani_only
common_voice_gn_31637961,dev_guarani_only
common_voice_gn_31637963,train_cv_cegpa;train_cv_cegpa_up2;train_cv_cegpa_up3;train_guarani_only
common_voice_gn_31637964,train_cv_cegpa;train_cv_cegpa_up2;train_cv_cegpa_up3;train_guarani_only
common_voice_gn_31637978,train_cv_cegpa;train_cv_cegpa_up2;train_cv_cegpa_up3;train_guarani_only
common_voice_gn_31637979,train_cv_cegpa;train_cv_cegpa_up2;train_cv_cegpa_up3;train_guarani_only
common_voice_gn_31637981,train_cv_cegpa;train_cv_cegpa_up2;train_cv_cegpa_up3;train_guarani_only
common_voice_gn_31637982,train_cv_cegpa;train_cv_cegpa_up2;train_cv_cegpa_up3;train_guarani_only
common_voice_gn_31637991,train_cv_cegpa;train_cv_cegpa_up2;train_cv_cegpa_up3;train_guarani_only
common_voice_gn_31637992,train_cv_cegpa;train_cv_cegpa_up2;train_cv_cegpa_up3;train_guarani_only
common_voice_gn_31637994,train_cv_cegpa;train_cv_cegpa_up2;train_cv_cegpa_up3;train_guarani_only
common_voice_gn_31637995,train_cv_cegpa;train_cv_cegpa_up2;train_cv_cegpa_up3;train_guarani_only
common_voice_gn_31637998,train_cv_cegpa;train_cv_cegpa_up2;train_cv_cegpa_up3;train_guarani_only
common_voice_gn_31637999,train_cv_cegpa;train_cv_cegpa_up2;train_cv_cegpa_up3;train_guarani_only
common_voice_gn_31638001,train_cv_cegpa;train_cv_cegpa_up2;train_cv_cegpa_up3;train_guarani_only
common_voice_gn_31638002,train_cv_cegpa;train_cv_cegpa_up2;train_cv_cegpa_up3;train_guarani_only
common_voice_gn_31768991,train_cv_cegpa;train_cv_cegpa_up2;train_cv_cegpa_up3;train_guarani_only
common_voice_gn_31768992,train_cv_cegpa;train_cv_cegpa_up2;train_cv_cegpa_up3;train_guarani_only
common_voice_gn_31768993,train_cv_cegpa;train_cv_cegpa_up2;train_cv_cegpa_up3;train_guarani_only
common_voice_gn_31768994,train_cv_cegpa;train_cv_cegpa_up2;train_cv_cegpa_up3;train_guarani_only
common_voice_gn_31768995,train_cv_cegpa;train_cv_cegpa_up2;train_cv_cegpa_up3;train_guarani_only
common_voice_gn_31769002,train_cv_cegpa;train_cv_cegpa_up2;train_cv_cegpa_up3;train_guarani_only
common_voice_gn_31769003,train_cv_cegpa;train_cv_cegpa_up2;train_cv_cegpa_up3;train_guarani_only
common_voice_gn_31769004,train_cv_cegpa;train_cv_cegpa_up2;train_cv_cegpa_up3;train_guarani_only
common_voice_gn_31769005,train_cv_cegpa;train_cv_cegpa_up2;train_cv_cegpa_up3;train_guarani_only
common_voice_gn_31774840,train_cv_cegpa;train_cv_cegpa_up2;train_cv_cegpa_up3;train_guarani_only
common_voice_gn_31774841,train_cv_cegpa;train_cv_cegpa_up2;train_cv_cegpa_up3;train_guarani_only
common_voice_gn_31774842,train_cv_cegpa;train_cv_cegpa_up2;train_cv_cegpa_up3;train_guarani_only
common_voice_gn_31774843,train_cv_cegpa;train_cv_cegpa_up2;train_cv_cegpa_up3;train_guarani_only
common_voice_gn_31774880,train_cv_cegpa;train_cv_cegpa_up2;train_cv_cegpa_up3;train_guarani_only
common_voice_gn_31774883,train_cv_cegpa;train_cv_cegpa_up2;train_cv_cegpa_up3;train_guarani_only
common_voice_gn_31774892,dev_guarani_only
common_voice_gn_31774894,train_cv_cegpa;train_cv_cegpa_up2;train_cv_cegpa_up3;train_guarani_only
common_voice_gn_31774898,train_cv_cegpa;train_cv_cegpa_up2;train_cv_cegpa_up3;train_guarani_only
common_voice_gn_31774899,train_cv_cegpa;train_cv_cegpa_up2;train_cv_cegpa_up3;train_guarani_only
common_voice_gn_31793631,train_cv_cegpa;train_cv_cegpa_up2;train_cv_cegpa_up3;train_guarani_only
common_voice_gn_31793632,train_cv_cegpa;train_cv_cegpa_up2;train_cv_cegpa_up3;train_guarani_only
common_voice_gn_31793633,train_cv_cegpa;train_cv_cegpa_up2;train_cv_cegpa_up3;train_guarani_only
common_voice_gn_31793635,train_cv_cegpa;train_cv_cegpa_up2;train_cv_cegpa_up3;train_guarani_only
common_voice_gn_31793637,dev_guarani_only
common_voice_gn_31793641,train_cv_cegpa;train_cv_cegpa_up2;train_cv_cegpa_up3;train_guarani_only
common_voice_gn_31793642,train_cv_cegpa;train_cv_cegpa_up2;train_cv_cegpa_up3;train_guarani_only
common_voice_gn_31793643,train_cv_cegpa;train_cv_cegpa_up2;train_cv_cegpa_up3;train_guarani_only
common_voice_gn_31793644,dev_guarani_only
common_voice_gn_31793645,train_cv_cegpa;train_cv_cegpa_up2;train_cv_cegpa_up3;train_guarani_only
common_voice_gn_31813201,dev_guarani_only
common_voice_gn_31813202,train_cv_cegpa;train_cv_cegpa_up2;train_cv_cegpa_up3;train_guarani_only
common_voice_gn_31813213,train_cv_cegpa;train_cv_cegpa_up2;train_cv_cegpa_up3;train_guarani_only
common_voice_gn_31813230,train_cv_cegpa;train_cv_cegpa_up2;train_cv_cegpa_up3;train_guarani_only
common_voice_gn_31813231,dev_guarani_only
common_voice_gn_31813232,train_cv_cegpa;train_cv_cegpa_up2;train_cv_cegpa_up3;train_guarani_only
common_voice_gn_31813249,train_cv_cegpa;train_cv_cegpa_up2;train_cv_cegpa_up3;train_guarani_only
common_voice_gn_31813251,train_cv_cegpa;train_cv_cegpa_up2;train_cv_cegpa_up3;train_guarani_only
common_voice_gn_31813252,train_cv_cegpa;train_cv_cegpa_up2;train_cv_cegpa_up3;train_guarani_only
common_voice_gn_31813253,train_cv_cegpa;train_cv_cegpa_up2;train_cv_cegpa_up3;train_guarani_only
common_voice_gn_31822271,train_cv_cegpa;train_cv_cegpa_up2;train_cv_cegpa_up3;train_guarani_only
common_voice_gn_31822272,train_cv_cegpa;train_cv_cegpa_up2;train_cv_cegpa_up3;train_guarani_only
common_voice_gn_31822273,train_cv_cegpa;train_cv_cegpa_up2;train_cv_cegpa_up3;train_guarani_only
common_voice_gn_31822274,train_cv_cegpa;train_cv_cegpa_up2;train_cv_cegpa_up3;train_guarani_only
common_voice_gn_31822281,train_cv_cegpa;train_cv_cegpa_up2;train_cv_cegpa_up3;train_guarani_only
common_voice_gn_31822282,dev_guarani_only
common_voice_gn_31822283,train_cv_cegpa;train_cv_cegpa_up2;train_cv_cegpa_up3;train_guarani_only
common_voice_gn_31822284,train_cv_cegpa;train_cv_cegpa_up2;train_cv_cegpa_up3;train_guarani_only
common_voice_gn_31822285,train_cv_cegpa;train_cv_cegpa_up2;train_cv_cegpa_up3;train_guarani_only
common_voice_gn_31822291,train_cv_cegpa;train_cv_cegpa_up2;train_cv_cegpa_up3;train_guarani_only
common_voice_gn_31822292,train_cv_cegpa;train_cv_cegpa_up2;train_cv_cegpa_up3;train_guarani_only
common_voice_gn_31822294,train_cv_cegpa;train_cv_cegpa_up2;train_cv_cegpa_up3;train_guarani_only
common_voice_gn_31822295,train_cv_cegpa;train_cv_cegpa_up2;train_cv_cegpa_up3;train_guarani_only
common_voice_gn_31822311,train_cv_cegpa;train_cv_cegpa_up2;train_cv_cegpa_up3;train_guarani_only
common_voice_gn_31822312,train_cv_cegpa;train_cv_cegpa_up2;train_cv_cegpa_up3;train_guarani_only
common_voice_gn_31822313,train_cv_cegpa;train_cv_cegpa_up2;train_cv_cegpa_up3;train_guarani_only
common_voice_gn_31822314,train_cv_cegpa;train_cv_cegpa_up2;train_cv_cegpa_up3;train_guarani_only
common_voice_gn_31822315,train_cv_cegpa;train_cv_cegpa_up2;train_cv_cegpa_up3;train_guarani_only
common_voice_gn_31865658,train_cv_cegpa;train_cv_cegpa_up2;train_cv_cegpa_up3;train_guarani_only
common_voice_gn_31865661,train_cv_cegpa;train_cv_cegpa_up2;train_cv_cegpa_up3;train_guarani_only
common_voice_gn_31865662,train_cv_cegpa;train_cv_cegpa_up2;train_cv_cegpa_up3;train_guarani_only
common_voice_gn_31865663,train_cv_cegpa;train_cv_cegpa_up2;train_cv_cegpa_up3;train_guarani_only
common_voice_gn_31865680,train_cv_cegpa;train_cv_cegpa_up2;train_cv_cegpa_up3;train_guarani_only
common_voice_gn_31865684,train_cv_cegpa;train_cv_cegpa_up2;train_cv_cegpa_up3;train_guarani_only
common_voice_gn_31865687,train_cv_cegpa;train_cv_cegpa_up2;train_cv_cegpa_up3;train_guarani_only
common_voice_gn_31865688,train_cv_cegpa;train_cv_cegpa_up2;train_cv_cegpa_up3;train_guarani_only
common_voice_gn_31865734,train_cv_cegpa;train_cv_cegpa_up2;train_cv_cegpa_up3;train_guarani_only
common_voice_gn_31865739,train_cv_cegpa;train_cv_cegpa_up2;train_cv_cegpa_up3;train_guarani_only
common_voice_gn_31865742,train_cv_cegpa;train_cv_cegpa_up2;train_cv_cegpa_up3;train_guarani_only
common_voice_gn_31892717,train_cv_cegpa;train_cv_cegpa_up2;train_cv_cegpa_up3;train_guarani_only
common_voice_gn_31892718,train_cv_cegpa;train_cv_cegpa_up2;train_cv_cegpa_up3;train_guarani_only
common_voice_gn_31892720,train_cv_cegpa;train_cv_cegpa_up2;train_cv_cegpa_up3;train_guarani_only
common_voice_gn_32074612,train_cv_cegpa;train_cv_cegpa_up2;train_cv_cegpa_up3;train_guarani_only
common_voice_gn_32074617,train_cv_cegpa;train_cv_cegpa_up2;train_cv_cegpa_up3;train_guarani_only
common_voice_gn_32074620,train_cv_cegpa;train_cv_cegpa_up2;train_cv_cegpa_up3;train_guarani_only
common_voice_gn_32074626,train_cv_cegpa;train_cv_cegpa_up2;train_cv_cegpa_up3;train_guarani_only
common_voice_gn_32074629,train_cv_cegpa;train_cv_cegpa_up2;train_cv_cegpa_up3;train_guarani_only
common_voice_gn_32074631,train_cv_cegpa;train_cv_cegpa_up2;train_cv_cegpa_up3;train_guarani_only
common_voice_gn_32084010,train_cv_cegpa;train_cv_cegpa_up2;train_cv_cegpa_up3;train_guarani_only
common_voice_gn_32084011,train_cv_cegpa;train_cv_cegpa_up2;train_cv_cegpa_up3;train_guarani_only
common_voice_gn_32084012,train_cv_cegpa;train_cv_cegpa_up2;train_cv_cegpa_up3;train_guarani_only
common_voice_gn_32084013,train_cv_cegpa;train_cv_cegpa_up2;train_cv_cegpa_up3;train_guarani_only
common_voice_gn_32084014,dev_guarani_only
common_voice_gn_32084021,train_cv_cegpa;train_cv_cegpa_up2;train_cv_cegpa_up3;train_guarani_only
common_voice_gn_32084022,train_cv_cegpa;train_cv_cegpa_up2;train_cv_cegpa_up3;train_guarani_only
common_voice_gn_32084023,train_cv_cegpa;train_cv_cegpa_up2;train_cv_cegpa_up3;train_guarani_only
common_voice_gn_32084024,train_cv_cegpa;train_cv_cegpa_up2;train_cv_cegpa_up3;train_guarani_only
common_voice_gn_32084025,train_cv_cegpa;train_cv_cegpa_up2;train_cv_cegpa_up3;train_guarani_only
common_voice_gn_32084026,train_cv_cegpa;train_cv_cegpa_up2;train_cv_cegpa_up3;train_guarani_only
common_voice_gn_32084027,train_cv_cegpa;train_cv_cegpa_up2;train_cv_cegpa_up3;train_guarani_only
common_voice_gn_32084029,train_cv_cegpa;train_cv_cegpa_up2;train_cv_cegpa_up3;train_guarani_only
common_voice_gn_32091620,train_cv_cegpa;train_cv_cegpa_up2;train_cv_cegpa_up3;train_guarani_only
common_voice_gn_32091621,train_cv_cegpa;train_cv_cegpa_up2;train_cv_cegpa_up3;train_guarani_only
common_voice_gn_32091622,train_cv_cegpa;train_cv_cegpa_up2;train_cv_cegpa_up3;train_guarani_only
common_voice_gn_32091624,train_cv_cegpa;train_cv_cegpa_up2;train_cv_cegpa_up3;train_guarani_only
common_voice_gn_32142323,dev_guarani_only
common_voice_gn_32142324,train_cv_cegpa;train_cv_cegpa_up2;train_cv_cegpa_up3;train_guarani_only
common_voice_gn_32142325,train_cv_cegpa;train_cv_cegpa_up2;train_cv_cegpa_up3;train_guarani_only
common_voice_gn_32142326,train_cv_cegpa;train_cv_cegpa_up2;train_cv_cegpa_up3;train_guarani_only
common_voice_gn_32142327,train_cv_cegpa;train_cv_cegpa_up2;train_cv_cegpa_up3;train_guarani_only
common_voice_gn_32149449,dev_guarani_only
common_voice_gn_32149452,train_cv_cegpa;train_cv_cegpa_up2;train_cv_cegpa_up3;train_guarani_only
common_voice_gn_32149453,train_cv_cegpa;train_cv_cegpa_up2;train_cv_cegpa_up3;train_guarani_only
common_voice_gn_32149460,train_cv_cegpa;train_cv_cegpa_up2;train_cv_cegpa_up3;train_guarani_only
common_voice_gn_32149461,train_cv_cegpa;train_cv_cegpa_up2;train_cv_cegpa_up3;train_guarani_only
common_voice_gn_32149462,train_cv_cegpa;train_cv_cegpa_up2;train_cv_cegpa_up3;train_guarani_only
common_voice_gn_32183662,train_cv_cegpa;train_cv_cegpa_up2;train_cv_cegpa_up3;train_guarani_only
common_voice_gn_32183663,train_cv_cegpa;train_cv_cegpa_up2;train_cv_cegpa_up3;train_guarani_only
common_voice_gn_32183664,dev_guarani_only
common_voice_gn_32183665,dev_guarani_only
common_voice_gn_32183666,train_cv_cegpa;train_cv_cegpa_up2;train_cv_cegpa_up3;train_guarani_only
common_voice_gn_32183672,train_cv_cegpa;train_cv_cegpa_up2;train_cv_cegpa_up3;train_guarani_only
common_voice_gn_32183674,dev_guarani_only
common_voice_gn_32183676,train_cv_cegpa;train_cv_cegpa_up2;train_cv_cegpa_up3;train_guarani_only
common_voice_gn_32183677,train_cv_cegpa;train_cv_cegpa_up2;train_cv_cegpa_up3;train_guarani_only
common_voice_gn_32183678,train_cv_cegpa;train_cv_cegpa_up2;train_cv_cegpa_up3;train_guarani_only
common_voice_gn_32183679,train_cv_cegpa;train_cv_cegpa_up2;train_cv_cegpa_up3;train_guarani_only
common_voice_gn_32183680,train_cv_cegpa;train_cv_cegpa_up2;train_cv_cegpa_up3;train_guarani_only
common_voice_gn_32183681,train_cv_cegpa;train_cv_cegpa_up2;train_cv_cegpa_up3;train_guarani_only
common_voice_gn_32194977,train_cv_cegpa;train_cv_cegpa_up2;train_cv_cegpa_up3;train_guarani_only
common_voice_gn_32194978,train_cv_cegpa;train_cv_cegpa_up2;train_cv_cegpa_up3;train_guarani_only
common_voice_gn_32202795,train_cv_cegpa;train_cv_cegpa_up2;train_cv_cegpa_up3;train_guarani_only
common_voice_gn_32202796,train_cv_cegpa;train_cv_cegpa_up2;train_cv_cegpa_up3;train_guarani_only
common_voice_gn_32202797,train_cv_cegpa;train_cv_cegpa_up2;train_cv_cegpa_up3;train_guarani_only
common_voice_gn_32202798,dev_guarani_only
common_voice_gn_32202799,train_cv_cegpa;train_cv_cegpa_up2;train_cv_cegpa_up3;train_guarani_only
common_voice_gn_32213978,train_cv_cegpa;train_cv_cegpa_up2;train_cv_cegpa_up3;train_guarani_only
common_voice_gn_32213979,train_cv_cegpa;train_cv_cegpa_up2;train_cv_cegpa_up3;train_guarani_only
common_voice_gn_32213980,train_cv_cegpa;train_cv_cegpa_up2;train_cv_cegpa_up3;train_guarani_only
common_voice_gn_32213981,train_cv_cegpa;train_cv_cegpa_up2;train_cv_cegpa_up3;train_guarani_only
common_voice_gn_32213982,train_cv_cegpa;train_cv_cegpa_up2;train_cv_cegpa_up3;train_guarani_only
common_voice_gn_32230876,dev_guarani_only
common_voice_gn_32230877,train_cv_cegpa;train_cv_cegpa_up2;train_cv_cegpa_up3;train_guarani_only
common_voice_gn_32230879,dev_guarani_only
common_voice_gn_32243524,train_cv_cegpa;train_cv_cegpa_up2;train_cv_cegpa_up3;train_guarani_only
common_voice_gn_32243525,train_cv_cegpa;train_cv_cegpa_up2;train_cv_cegpa_up3;train_guarani_only
common_voice_gn_32243527,train_cv_cegpa;train_cv_cegpa_up2;train_cv_cegpa_up3;train_guarani_only
common_voice_gn_32243528,train_cv_cegpa;train_cv_cegpa_up2;train_cv_cegpa_up3;train_guarani_only
common_voice_gn_32243529,train_cv_cegpa;train_cv_cegpa_up2;train_cv_cegpa_up3;train_guarani_only
common_voice_gn_32251543,train_cv_cegpa;train_cv_cegpa_up2;train_cv_cegpa_up3;train_guarani_only
common_voice_gn_32251545,train_cv_cegpa;train_cv_cegpa_up2;train_cv_cegpa_up3;train_guarani_only
common_voice_gn_32251546,dev_guarani_only
common_voice_gn_32267556,train_cv_cegpa;train_cv_cegpa_up2;train_cv_cegpa_up3;train_guarani_only
common_voice_gn_32267557,train_cv_cegpa;train_cv_cegpa_up2;train_cv_cegpa_up3;train_guarani_only
common_voice_gn_32267558,train_cv_cegpa;train_cv_cegpa_up2;train_cv_cegpa_up3;train_guarani_only
common_voice_gn_32267560,train_cv_cegpa;train_cv_cegpa_up2;train_cv_cegpa_up3;train_guarani_only
common_voice_gn_32270780,train_cv_cegpa;train_cv_cegpa_up2;train_cv_cegpa_up3;train_guarani_only
common_voice_gn_32276627,train_cv_cegpa;train_cv_cegpa_up2;train_cv_cegpa_up3;train_guarani_only
common_voice_gn_32276628,train_cv_cegpa;train_cv_cegpa_up2;train_cv_cegpa_up3;train_guarani_only
common_voice_gn_32276630,train_cv_cegpa;train_cv_cegpa_up2;train_cv_cegpa_up3;train_guarani_only
common_voice_gn_32276631,train_cv_cegpa;train_cv_cegpa_up2;train_cv_cegpa_up3;train_guarani_only
common_voice_gn_32284733,dev_guarani_only
common_voice_gn_32284736,train_cv_cegpa;train_cv_cegpa_up2;train_cv_cegpa_up3;train_guarani_only
common_voice_gn_32284737,train_cv_cegpa;train_cv_cegpa_up2;train_cv_cegpa_up3;train_guarani_only
common_voice_gn_32304702,dev_guarani_only
common_voice_gn_32304705,train_cv_cegpa;train_cv_cegpa_up2;train_cv_cegpa_up3;train_guarani_only
common_voice_gn_32304706,train_cv_cegpa;train_cv_cegpa_up2;train_cv_cegpa_up3;train_guarani_only
common_voice_gn_32304712,train_cv_cegpa;train_cv_cegpa_up2;train_cv_cegpa_up3;train_guarani_only
common_voice_gn_32304714,train_cv_cegpa;train_cv_cegpa_up2;train_cv_cegpa_up3;train_guarani_only
common_voice_gn_32304716,train_cv_cegpa;train_cv_cegpa_up2;train_cv_cegpa_up3;train_guarani_only
common_voice_gn_32304724,train_cv_cegpa;train_cv_cegpa_up2;train_cv_cegpa_up3;train_guarani_only
common_voice_gn_32304725,train_cv_cegpa;train_cv_cegpa_up2;train_cv_cegpa_up3;train_guarani_only
common_voice_gn_32304726,train_cv_cegpa;train_cv_cegpa_up2;train_cv_cegpa_up3;train_guarani_only
common_voice_gn_32311485,train_cv_cegpa;train_cv_cegpa_up2;train_cv_cegpa_up3;train_guarani_only
common_voice_gn_32311486,train_cv_cegpa;train_cv_cegpa_up2;train_cv_cegpa_up3;train_guarani_only
common_voice_gn_32311487,train_cv_cegpa;train_cv_cegpa_up2;train_cv_cegpa_up3;train_guarani_only
common_voice_gn_32311488,train_cv_cegpa;train_cv_cegpa_up2;train_cv_cegpa_up3;train_guarani_only
common_voice_gn_32311500,train_cv_cegpa;train_cv_cegpa_up2;train_cv_cegpa_up3;train_guarani_only
common_voice_gn_32311501,train_cv_cegpa;train_cv_cegpa_up2;train_cv_cegpa_up3;train_guarani_only
common_voice_gn_32311502,train_cv_cegpa;train_cv_cegpa_up2;train_cv_cegpa_up3;train_guarani_only
common_voice_gn_32311503,train_cv_cegpa;train_cv_cegpa_up2;train_cv_cegpa_up3;train_guarani_only
common_voice_gn_32311504,dev_guarani_only
common_voice_gn_32311520,train_cv_cegpa;train_cv_cegpa_up2;train_cv_cegpa_up3;train_guarani_only
common_voice_gn_32311521,train_cv_cegpa;train_cv_cegpa_up2;train_cv_cegpa_up3;train_guarani_only
common_voice_gn_32311522,train_cv_cegpa;train_cv_cegpa_up2;train_cv_cegpa_up3;train_guarani_only
common_voice_gn_32311523,train_cv_cegpa;train_cv_cegpa_up2;train_cv_cegpa_up3;train_guarani_only
common_voice_gn_32311532,train_cv_cegpa;train_cv_cegpa_up2;train_cv_cegpa_up3;train_guarani_only
common_voice_gn_32311533,train_cv_cegpa;train_cv_cegpa_up2;train_cv_cegpa_up3;train_guarani_only
common_voice_gn_32311534,train_cv_cegpa;train_cv_cegpa_up2;train_cv_cegpa_up3;train_guarani_only
common_voice_gn_32323360,train_cv_cegpa;train_cv_cegpa_up2;train_cv_cegpa_up3;train_guarani_only
common_voice_gn_32323361,train_cv_cegpa;train_cv_cegpa_up2;train_cv_cegpa_up3;train_guarani_only
common_voice_gn_32323362,train_cv_cegpa;train_cv_cegpa_up2;train_cv_cegpa_up3;train_guarani_only
common_voice_gn_32364903,train_cv_cegpa;train_cv_cegpa_up2;train_cv_cegpa_up3;train_guarani_only
common_voice_gn_32364904,train_cv_cegpa;train_cv_cegpa_up2;train_cv_cegpa_up3;train_guarani_only
common_voice_gn_32375093,train_cv_cegpa;train_cv_cegpa_up2;train_cv_cegpa_up3;train_guarani_only
common_voice_gn_32375094,dev_guarani_only
common_voice_gn_32375095,train_cv_cegpa;train_cv_cegpa_up2;train_cv_cegpa_up3;train_guarani_only
common_voice_gn_32375097,train_cv_cegpa;train_cv_cegpa_up2;train_cv_cegpa_up3;train_guarani_only
common_voice_gn_32376561,train_cv_cegpa;train_cv_cegpa_up2;train_cv_cegpa_up3;train_guarani_only
common_voice_gn_32376562,train_cv_cegpa;train_cv_cegpa_up2;train_cv_cegpa_up3;train_guarani_only
common_voice_gn_32376563,train_cv_cegpa;train_cv_cegpa_up2;train_cv_cegpa_up3;train_guarani_only
common_voice_gn_32376564,train_cv_cegpa;train_cv_cegpa_up2;train_cv_cegpa_up3;train_guarani_only
common_voice_gn_32376565,dev_guarani_only
common_voice_gn_32376596,train_cv_cegpa;train_cv_cegpa_up2;train_cv_cegpa_up3;train_guarani_only
common_voice_gn_32376597,train_cv_cegpa;train_cv_cegpa_up2;train_cv_cegpa_up3;train_guarani_only
common_voice_gn_32376598,train_cv_cegpa;train_cv_cegpa_up2;train_cv_cegpa_up3;train_guarani_only
common_voice_gn_32376600,train_cv_cegpa;train_cv_cegpa_up2;train_cv_cegpa_up3;train_guarani_only
common_voice_gn_32376602,train_cv_cegpa;train_cv_cegpa_up2;train_cv_cegpa_up3;train_guarani_only
common_voice_gn_32376616,train_cv_cegpa;train_cv_cegpa_up2;train_cv_cegpa_up3;train_guarani_only
common_voice_gn_32376618,train_cv_cegpa;train_cv_cegpa_up2;train_cv_cegpa_up3;train_guarani_only
common_voice_gn_32376619,train_cv_cegpa;train_cv_cegpa_up2;train_cv_cegpa_up3;train_guarani_only
common_voice_gn_32376620,train_cv_cegpa;train_cv_cegpa_up2;train_cv_cegpa_up3;train_guarani_only
common_voice_gn_32376632,train_cv_cegpa;train_cv_cegpa_up2;train_cv_cegpa_up3;train_guarani_only
common_voice_gn_32376635,train_cv_cegpa;train_cv_cegpa_up2;train_cv_cegpa_up3;train_guarani_only
common_voice_gn_32376676,train_cv_cegpa;train_cv_cegpa_up2;train_cv_cegpa_up3;train_guarani_only
common_voice_gn_32376677,train_cv_cegpa;train_cv_cegpa_up2;train_cv_cegpa_up3;train_guarani_only
common_voice_gn_32376679,train_cv_cegpa;train_cv_cegpa_up2;train_cv_cegpa_up3;train_guarani_only
common_voice_gn_32376681,train_cv_cegpa;train_cv_cegpa_up2;train_cv_cegpa_up3;train_guarani_only
common_voice_gn_32376682,train_cv_cegpa;train_cv_cegpa_up2;train_cv_cegpa_up3;train_guarani_only
common_voice_gn_32376684,train_cv_cegpa;train_cv_cegpa_up2;train_cv_cegpa_up3;train_guarani_only
common_voice_gn_32376685,train_cv_cegpa;train_cv_cegpa_up2;train_cv_cegpa_up3;train_guarani_only
common_voice_gn_32376691,train_cv_cegpa;train_cv_cegpa_up2;train_cv_cegpa_up3;train_guarani_only
common_voice_gn_32376692,train_cv_cegpa;train_cv_cegpa_up2;train_cv_cegpa_up3;train_guarani_only
common_voice_gn_32376693,train_cv_cegpa;train_cv_cegpa_up2;train_cv_cegpa_up3;train_guarani_only
common_voice_gn_32376725,train_cv_cegpa;train_cv_cegpa_up2;train_cv_cegpa_up3;train_guarani_only
common_voice_gn_32376726,train_cv_cegpa;train_cv_cegpa_up2;train_cv_cegpa_up3;train_guarani_only
common_voice_gn_32376727,train_cv_cegpa;train_cv_cegpa_up2;train_cv_cegpa_up3;train_guarani_only
common_voice_gn_32377123,train_cv_cegpa;train_cv_cegpa_up2;train_cv_cegpa_up3;train_guarani_only
common_voice_gn_32377124,train_cv_cegpa;train_cv_cegpa_up2;train_cv_cegpa_up3;train_guarani_only
common_voice_gn_32377125,train_cv_cegpa;train_cv_cegpa_up2;train_cv_cegpa_up3;train_guarani_only
common_voice_gn_32377127,train_cv_cegpa;train_cv_cegpa_up2;train_cv_cegpa_up3;train_guarani_only
common_voice_gn_32377143,train_cv_cegpa;train_cv_cegpa_up2;train_cv_cegpa_up3;train_guarani_only
common_voice_gn_32377144,train_cv_cegpa;train_cv_cegpa_up2;train_cv_cegpa_up3;train_guarani_only
common_voice_gn_32377145,train_cv_cegpa;train_cv_cegpa_up2;train_cv_cegpa_up3;train_guarani_only
common_voice_gn_32377146,train_cv_cegpa;train_cv_cegpa_up2;train_cv_cegpa_up3;train_guarani_only
common_voice_gn_32377147,train_cv_cegpa;train_cv_cegpa_up2;train_cv_cegpa_up3;train_guarani_only
common_voice_gn_32377160,train_cv_cegpa;train_cv_cegpa_up2;train_cv_cegpa_up3;train_guarani_only
common_voice_gn_32377161,train_cv_cegpa;train_cv_cegpa_up2;train_cv_cegpa_up3;train_guarani_only
common_voice_gn_32377162,train_cv_cegpa;train_cv_cegpa_up2;train_cv_cegpa_up3;train_guarani_only
common_voice_gn_32377167,dev_guarani_only
common_voice_gn_32377169,train_cv_cegpa;train_cv_cegpa_up2;train_cv_cegpa_up3;train_guarani_only
common_voice_gn_32377170,train_cv_cegpa;train_cv_cegpa_up2;train_cv_cegpa_up3;train_guarani_only
common_voice_gn_32377171,dev_guarani_only
common_voice_gn_32377172,train_cv_cegpa;train_cv_cegpa_up2;train_cv_cegpa_up3;train_guarani_only
common_voice_gn_32377173,train_cv_cegpa;train_cv_cegpa_up2;train_cv_cegpa_up3;train_guarani_only
common_voice_gn_32377174,train_cv_cegpa;train_cv_cegpa_up2;train_cv_cegpa_up3;train_guarani_only
common_voice_gn_32377175,train_cv_cegpa;train_cv_cegpa_up2;train_cv_cegpa_up3;train_guarani_only
common_voice_gn_32377176,train_cv_cegpa;train_cv_cegpa_up2;train_cv_cegpa_up3;train_guarani_only
common_voice_gn_32377177,train_cv_cegpa;train_cv_cegpa_up2;train_cv_cegpa_up3;train_guarani_only
common_voice_gn_32377178,train_cv_cegpa;train_cv_cegpa_up2;train_cv_cegpa_up3;train_guarani_only
common_voice_gn_32377179,train_cv_cegpa;train_cv_cegpa_up2;train_cv_cegpa_up3;train_guarani_only
common_voice_gn_32377180,dev_guarani_only
common_voice_gn_32377181,train_cv_cegpa;train_cv_cegpa_up2;train_cv_cegpa_up3;train_guarani_only
common_voice_gn_32377184,dev_guarani_only
common_voice_gn_32377185,train_cv_cegpa;train_cv_cegpa_up2;train_cv_cegpa_up3;train_guarani_only
common_voice_gn_32377186,train_cv_cegpa;train_cv_cegpa_up2;train_cv_cegpa_up3;train_guarani_only
common_voice_gn_32377189,train_cv_cegpa;train_cv_cegpa_up2;train_cv_cegpa_up3;train_guarani_only
common_voice_gn_32377190,dev_guarani_only
common_voice_gn_32377197,train_cv_cegpa;train_cv_cegpa_up2;train_cv_cegpa_up3;train_guarani_only
common_voice_gn_32377199,train_cv_cegpa;train_cv_cegpa_up2;train_cv_cegpa_up3;train_guarani_only
common_voice_gn_32377200,train_cv_cegpa;train_cv_cegpa_up2;train_cv_cegpa_up3;train_guarani_only
common_voice_gn_32377201,train_cv_cegpa;train_cv_cegpa_up2;train_cv_cegpa_up3;train_guarani_only
common_voice_gn_32380090,train_cv_cegpa;train_cv_cegpa_up2;train_cv_cegpa_up3;train_guarani_only
common_voice_gn_32380093,train_cv_cegpa;train_cv_cegpa_up2;train_cv_cegpa_up3;train_guarani_only
common_voice_gn_32380096,train_cv_cegpa;train_cv_cegpa_up2;train_cv_cegpa_up3;train_guarani_only
common_voice_gn_32380097,train_cv_cegpa;train_cv_cegpa_up2;train_cv_cegpa_up3;train_guarani_only
common_voice_gn_32380098,dev_guarani_only
common_voice_gn_32380099,train_cv_cegpa;train_cv_cegpa_up2;train_cv_cegpa_up3;train_guarani_only
common_voice_gn_32380100,train_cv_cegpa;train_cv_cegpa_up2;train_cv_cegpa_up3;train_guarani_only
common_voice_gn_32380101,train_cv_cegpa;train_cv_cegpa_up2;train_cv_cegpa_up3;train_guarani_only
common_voice_gn_32380102,train_cv_cegpa;train_cv_cegpa_up2;train_cv_cegpa_up3;train_guarani_only
common_voice_gn_32380104,train_cv_cegpa;train_cv_cegpa_up2;train_cv_cegpa_up3;train_guarani_only
common_voice_gn_32380105,train_cv_cegpa;train_cv_cegpa_up2;train_cv_cegpa_up3;train_guarani_only
common_voice_gn_32380106,train_cv_cegpa;train_cv_cegpa_up2;train_cv_cegpa_up3;train_guarani_only
common_voice_gn_32380107,train_cv_cegpa;train_cv_cegpa_up2;train_cv_cegpa_up3;train_guarani_only
common_voice_gn_32380108,train_cv_cegpa;train_cv_cegpa_up2;train_cv_cegpa_up3;train_guarani_only
common_voice_gn_32380115,dev_guarani_only
common_voice_gn_32380118,train_cv_cegpa;train_cv_cegpa_up2;train_cv_cegpa_up3;train_guarani_only
common_voice_gn_32380120,train_cv_cegpa;train_cv_cegpa_up2;train_cv_cegpa_up3;train_guarani_only
common_voice_gn_32380121,train_cv_cegpa;train_cv_cegpa_up2;train_cv_cegpa_up3;train_guarani_only
common_voice_gn_32380122,train_cv_cegpa;train_cv_cegpa_up2;train_cv_cegpa_up3;train_guarani_only
common_voice_gn_32380139,train_cv_cegpa;train_cv_cegpa_up2;train_cv_cegpa_up3;train_guarani_only
common_voice_gn_32380140,train_cv_cegpa;train_cv_cegpa_up2;train_cv_cegpa_up3;train_guarani_only
common_voice_gn_32380142,train_cv_cegpa;train_cv_cegpa_up2;train_cv_cegpa_up3;train_guarani_only
common_voice_gn_32380143,train_cv_cegpa;train_cv_cegpa_up2;train_cv_cegpa_up3;train_guarani_only
common_voice_gn_32380144,train_cv_cegpa;train_cv_cegpa_up2;train_cv_cegpa_up3;train_guarani_only
common_voice_gn_32380146,train_cv_cegpa;train_cv_cegpa_up2;train_cv_cegpa_up3;train_guarani_only
common_voice_gn_32380147,train_cv_cegpa;train_cv_cegpa_up2;train_cv_cegpa_up3;train_guarani_only
common_voice_gn_32380148,train_cv_cegpa;train_cv_cegpa_up2;train_cv_cegpa_up3;train_guarani_only
common_voice_gn_32380155,train_cv_cegpa;train_cv_cegpa_up2;train_cv_cegpa_up3;train_guarani_only
common_voice_gn_32380158,train_cv_cegpa;train_cv_cegpa_up2;train_cv_cegpa_up3;train_guarani_only
common_voice_gn_32380160,train_cv_cegpa;train_cv_cegpa_up2;train_cv_cegpa_up3;train_guarani_only
common_voice_gn_32380163,train_cv_cegpa;train_cv_cegpa_up2;train_cv_cegpa_up3;train_guarani_only
common_voice_gn_32380164,train_cv_cegpa;train_cv_cegpa_up2;train_cv_cegpa_up3;train_guarani_only
common_voice_gn_32380165,train_cv_cegpa;train_cv_cegpa_up2;train_cv_cegpa_up3;train_guarani_only
common_voice_gn_32380166,train_cv_cegpa;train_cv_cegpa_up2;train_cv_cegpa_up3;train_guarani_only
common_voice_gn_32380167,train_cv_cegpa;train_cv_cegpa_up2;train_cv_cegpa_up3;train_guarani_only
common_voice_gn_32380170,train_cv_cegpa;train_cv_cegpa_up2;train_cv_cegpa_up3;train_guarani_only
common_voice_gn_32380171,train_cv_cegpa;train_cv_cegpa_up2;train_cv_cegpa_up3;train_guarani_only
common_voice_gn_32380173,train_cv_cegpa;train_cv_cegpa_up2;train_cv_cegpa_up3;train_guarani_only
common_voice_gn_32380175,train_cv_cegpa;train_cv_cegpa_up2;train_cv_cegpa_up3;train_guarani_only
common_voice_gn_32380176,train_cv_cegpa;train_cv_cegpa_up2;train_cv_cegpa_up3;train_guarani_only
common_voice_gn_32380177,train_cv_cegpa;train_cv_cegpa_up2;train_cv_cegpa_up3;train_guarani_only
common_voice_gn_32380178,train_cv_cegpa;train_cv_cegpa_up2;train_cv_cegpa_up3;train_guarani_only
common_voice_gn_32380179,train_cv_cegpa;train_cv_cegpa_up2;train_cv_cegpa_up3;train_guarani_only
common_voice_gn_32380181,train_cv_cegpa;train_cv_cegpa_up2;train_cv_cegpa_up3;train_guarani_only
common_voice_gn_32380185,train_cv_cegpa;train_cv_cegpa_up2;train_cv_cegpa_up3;train_guarani_only
common_voice_gn_32380186,train_cv_cegpa;train_cv_cegpa_up2;train_cv_cegpa_up3;train_guarani_only
common_voice_gn_32380187,train_cv_cegpa;train_cv_cegpa_up2;train_cv_cegpa_up3;train_guarani_only
common_voice_gn_32380188,train_cv_cegpa;train_cv_cegpa_up2;train_cv_cegpa_up3;train_guarani_only
common_voice_gn_32380190,train_cv_cegpa;train_cv_cegpa_up2;train_cv_cegpa_up3;train_guarani_only
common_voice_gn_32380191,train_cv_cegpa;train_cv_cegpa_up2;train_cv_cegpa_up3;train_guarani_only
common_voice_gn_32380192,train_cv_cegpa;train_cv_cegpa_up2;train_cv_cegpa_up3;train_guarani_only
common_voice_gn_32380195,train_cv_cegpa;train_cv_cegpa_up2;train_cv_cegpa_up3;train_guarani_only
common_voice_gn_32380197,train_cv_cegpa;train_cv_cegpa_up2;train_cv_cegpa_up3;train_guarani_only
common_voice_gn_32380280,dev_guarani_only
common_voice_gn_32380281,train_cv_cegpa;train_cv_cegpa_up2;train_cv_cegpa_up3;train_guarani_only
common_voice_gn_32380768,train_cv_cegpa;train_cv_cegpa_up2;train_cv_cegpa_up3;train_guarani_only
common_voice_gn_32380774,train_cv_cegpa;train_cv_cegpa_up2;train_cv_cegpa_up3;train_guarani_only
common_voice_gn_32380782,train_cv_cegpa;train_cv_cegpa_up2;train_cv_cegpa_up3;train_guarani_only
common_voice_gn_32380783,train_cv_cegpa;train_cv_cegpa_up2;train_cv_cegpa_up3;train_guarani_only
common_voice_gn_32380784,train_cv_cegpa;train_cv_cegpa_up2;train_cv_cegpa_up3;train_guarani_only
common_voice_gn_32380786,train_cv_cegpa;train_cv_cegpa_up2;train_cv_cegpa_up3;train_guarani_only
common_voice_gn_32380805,train_cv_cegpa;train_cv_cegpa_up2;train_cv_cegpa_up3;train_guarani_only
common_voice_gn_32380807,train_cv_cegpa;train_cv_cegpa_up2;train_cv_cegpa_up3;train_guarani_only
common_voice_gn_32380811,train_cv_cegpa;train_cv_cegpa_up2;train_cv_cegpa_up3;train_guarani_only
common_voice_gn_32380842,train_cv_cegpa;train_cv_cegpa_up2;train_cv_cegpa_up3;train_guarani_only
common_voice_gn_32380843,train_cv_cegpa;train_cv_cegpa_up2;train_cv_cegpa_up3;train_guarani_only
common_voice_gn_32380844,train_cv_cegpa;train_cv_cegpa_up2;train_cv_cegpa_up3;train_guarani_only
common_voice_gn_32380845,train_cv_cegpa;train_cv_cegpa_up2;train_cv_cegpa_up3;train_guarani_only
common_voice_gn_32380846,train_cv_cegpa;train_cv_cegpa_up2;train_cv_cegpa_up3;train_guarani_only
common_voice_gn_32380856,train_cv_cegpa;train_cv_cegpa_up2;train_cv_cegpa_up3;train_guarani_only
common_voice_gn_32380858,train_cv_cegpa;train_cv_cegpa_up2;train_cv_cegpa_up3;train_guarani_only
common_voice_gn_32380859,train_cv_cegpa;train_cv_cegpa_up2;train_cv_cegpa_up3;train_guarani_only
common_voice_gn_32398961,train_cv_cegpa;train_cv_cegpa_up2;train_cv_cegpa_up3;train_guarani_only
common_voice_gn_32398963,train_cv_cegpa;train_cv_cegpa_up2;train_cv_cegpa_up3;train_guarani_only
common_voice_gn_32398964,train_cv_cegpa;train_cv_cegpa_up2;train_cv_cegpa_up3;train_guarani_only
common_voice_gn_32398965,train_cv_cegpa;train_cv_cegpa_up2;train_cv_cegpa_up3;train_guarani_only
common_voice_gn_32410779,dev_guarani_only
common_voice_gn_32410780,train_cv_cegpa;train_cv_cegpa_up2;train_cv_cegpa_up3;train_guarani_only
common_voice_gn_32410781,train_cv_cegpa;train_cv_cegpa_up2;train_cv_cegpa_up3;train_guarani_only
common_voice_gn_32410782,train_cv_cegpa;train_cv_cegpa_up2;train_cv_cegpa_up3;train_guarani_only
common_voice_gn_32410784,train_cv_cegpa;train_cv_cegpa_up2;train_cv_cegpa_up3;train_guarani_only
common_voice_gn_32412714,dev_guarani_only
common_voice_gn_32412717,train_cv_cegpa;train_cv_cegpa_up2;train_cv_cegpa_up3;train_guarani_only
common_voice_gn_32412718,train_cv_cegpa;train_cv_cegpa_up2;train_cv_cegpa_up3;train_guarani_only
common_voice_gn_32412734,train_cv_cegpa;train_cv_cegpa_up2;train_cv_cegpa_up3;train_guarani_only
common_voice_gn_32412736,train_cv_cegpa;train_cv_cegpa_up2;train_cv_cegpa_up3;train_guarani_only
common_voice_gn_32412738,train_cv_cegpa;train_cv_cegpa_up2;train_cv_cegpa_up3;train_guarani_only
common_voice_gn_32412749,dev_guarani_only
common_voice_gn_32412750,train_cv_cegpa;train_cv_cegpa_up2;train_cv_cegpa_up3;train_guarani_only
common_voice_gn_32412752,train_cv_cegpa;train_cv_cegpa_up2;train_cv_cegpa_up3;train_guarani_only
common_voice_gn_32412753,train_cv_cegpa;train_cv_cegpa_up2;train_cv_cegpa_up3;train_guarani_only
common_voice_gn_32418187,train_cv_cegpa;train_cv_cegpa_up2;train_cv_cegpa_up3;train_guarani_only
common_voice_gn_32418189,dev_guarani_only
common_voice_gn_32418212,train_cv_cegpa;train_cv_cegpa_up2;train_cv_cegpa_up3;train_guarani_only
common_voice_gn_32418215,train_cv_cegpa;train_cv_cegpa_up2;train_cv_cegpa_up3;train_guarani_only
common_voice_gn_32418236,train_cv_cegpa;train_cv_cegpa_up2;train_cv_cegpa_up3;train_guarani_only
common_voice_gn_32418252,train_cv_cegpa;train_cv_cegpa_up2;train_cv_cegpa_up3;train_guarani_only
common_voice_gn_32418256,dev_guarani_only
common_voice_gn_32418272,train_cv_cegpa;train_cv_cegpa_up2;train_cv_cegpa_up3;train_guarani_only
common_voice_gn_32418294,train_cv_cegpa;train_cv_cegpa_up2;train_cv_cegpa_up3;train_guarani_only
common_voice_gn_32418298,train_cv_cegpa;train_cv_cegpa_up2;train_cv_cegpa_up3;train_guarani_only
common_voice_gn_32418322,train_cv_cegpa;train_cv_cegpa_up2;train_cv_cegpa_up3;train_guarani_only
common_voice_gn_32418323,train_cv_cegpa;train_cv_cegpa_up2;train_cv_cegpa_up3;train_guarani_only
common_voice_gn_32418324,train_cv_cegpa;train_cv_cegpa_up2;train_cv_cegpa_up3;train_guarani_only
common_voice_gn_32418325,train_cv_cegpa;train_cv_cegpa_up2;train_cv_cegpa_up3;train_guarani_only
common_voice_gn_32418383,dev_guarani_only
common_voice_gn_32418384,train_cv_cegpa;train_cv_cegpa_up2;train_cv_cegpa_up3;train_guarani_only
common_voice_gn_32418417,train_cv_cegpa;train_cv_cegpa_up2;train_cv_cegpa_up3;train_guarani_only
common_voice_gn_32418439,train_cv_cegpa;train_cv_cegpa_up2;train_cv_cegpa_up3;train_guarani_only
common_voice_gn_32418440,train_cv_cegpa;train_cv_cegpa_up2;train_cv_cegpa_up3;train_guarani_only
common_voice_gn_32418469,train_cv_cegpa;train_cv_cegpa_up2;train_cv_cegpa_up3;train_guarani_only
common_voice_gn_32418470,train_cv_cegpa;train_cv_cegpa_up2;train_cv_cegpa_up3;train_guarani_only
common_voice_gn_32418488,train_cv_cegpa;train_cv_cegpa_up2;train_cv_cegpa_up3;train_guarani_only
common_voice_gn_32418491,train_cv_cegpa;train_cv_cegpa_up2;train_cv_cegpa_up3;train_guarani_only
common_voice_gn_32418492,train_cv_cegpa;train_cv_cegpa_up2;train_cv_cegpa_up3;train_guarani_only
common_voice_gn_32418493,train_cv_cegpa;train_cv_cegpa_up2;train_cv_cegpa_up3;train_guarani_only
common_voice_gn_32418497,train_cv_cegpa;train_cv_cegpa_up2;train_cv_cegpa_up3;train_guarani_only
common_voice_gn_32418499,train_cv_cegpa;train_cv_cegpa_up2;train_cv_cegpa_up3;train_guarani_only
common_voice_gn_32418500,train_cv_cegpa;train_cv_cegpa_up2;train_cv_cegpa_up3;train_guarani_only
common_voice_gn_32418540,train_cv_cegpa;train_cv_cegpa_up2;train_cv_cegpa_up3;train_guarani_only
common_voice_gn_32418541,train_cv_cegpa;train_cv_cegpa_up2;train_cv_cegpa_up3;train_guarani_only
common_voice_gn_32418542,train_cv_cegpa;train_cv_cegpa_up2;train_cv_cegpa_up3;train_guarani_only
common_voice_gn_32418555,train_cv_cegpa;train_cv_cegpa_up2;train_cv_cegpa_up3;train_guarani_only
common_voice_gn_32418556,train_cv_cegpa;train_cv_cegpa_up2;train_cv_cegpa_up3;train_guarani_only
common_voice_gn_32418557,train_cv_cegpa;train_cv_cegpa_up2;train_cv_cegpa_up3;train_guarani_only
common_voice_gn_32418578,train_cv_cegpa;train_cv_cegpa_up2;train_cv_cegpa_up3;train_guarani_only
common_voice_gn_32418596,train_cv_cegpa;train_cv_cegpa_up2;train_cv_cegpa_up3;train_guarani_only
common_voice_gn_32418597,train_cv_cegpa;train_cv_cegpa_up2;train_cv_cegpa_up3;train_guarani_only
common_voice_gn_32418632,train_cv_cegpa;train_cv_cegpa_up2;train_cv_cegpa_up3;train_guarani_only
common_voice_gn_32683367,train_cv_cegpa;train_cv_cegpa_up2;train_cv_cegpa_up3;train_guarani_only
common_voice_gn_32683368,dev_guarani_only
common_voice_gn_32683370,train_cv_cegpa;train_cv_cegpa_up2;train_cv_cegpa_up3;train_guarani_only
common_voice_gn_32683373,train_cv_cegpa;train_cv_cegpa_up2;train_cv_cegpa_up3;train_guarani_only
common_voice_gn_32683376,train_cv_cegpa;train_cv_cegpa_up2;train_cv_cegpa_up3;train_guarani_only
common_voice_gn_32770058,train_cv_cegpa;train_cv_cegpa_up2;train_cv_cegpa_up3;train_guarani_only
common_voice_gn_32770109,train_cv_cegpa;train_cv_cegpa_up2;train_cv_cegpa_up3;train_guarani_only
common_voice_gn_32770161,train_cv_cegpa;train_cv_cegpa_up2;train_cv_cegpa_up3;train_guarani_only
common_voice_gn_32770162,train_cv_cegpa;train_cv_cegpa_up2;train_cv_cegpa_up3;train_guarani_only
common_voice_gn_32770164,train_cv_cegpa;train_cv_cegpa_up2;train_cv_cegpa_up3;train_guarani_only
common_voice_gn_32770225,train_cv_cegpa;train_cv_cegpa_up2;train_cv_cegpa_up3;train_guarani_only
common_voice_gn_32770227,train_cv_cegpa;train_cv_cegpa_up2;train_cv_cegpa_up3;train_guarani_only
common_voice_gn_32770247,train_cv_cegpa;train_cv_cegpa_up2;train_cv_cegpa_up3;train_guarani_only
common_voice_gn_32770248,dev_guarani_only
common_voice_gn_32770289,train_cv_cegpa;train_cv_cegpa_up2;train_cv_cegpa_up3;train_guarani_only
common_voice_gn_32770291,train_cv_cegpa;train_cv_cegpa_up2;train_cv_cegpa_up3;train_guarani_only
common_voice_gn_32860660,train_cv_cegpa;train_cv_cegpa_up2;train_cv_cegpa_up3;train_guarani_only
common_voice_gn_32860661,train_cv_cegpa;train_cv_cegpa_up2;train_cv_cegpa_up3;train_guarani_only
common_voice_gn_32860662,dev_guarani_only
common_voice_gn_32860690,train_cv_cegpa;train_cv_cegpa_up2;train_cv_cegpa_up3;train_guarani_only
common_voice_gn_32860707,dev_guarani_only
common_voice_gn_32860708,train_cv_cegpa;train_cv_cegpa_up2;train_cv_cegpa_up3;train_guarani_only
common_voice_gn_32860709,train_cv_cegpa;train_cv_cegpa_up2;train_cv_cegpa_up3;train_guarani_only
common_voice_gn_32860736,train_cv_cegpa;train_cv_cegpa_up2;train_cv_cegpa_up3;train_guarani_only
common_voice_gn_32860737,train_cv_cegpa;train_cv_cegpa_up2;train_cv_cegpa_up3;train_guarani_only
common_voice_gn_32860738,train_cv_cegpa;train_cv_cegpa_up2;train_cv_cegpa_up3;train_guarani_only
common_voice_gn_32860756,train_cv_cegpa;train_cv_cegpa_up2;train_cv_cegpa_up3;train_guarani_only
common_voice_gn_32860772,train_cv_cegpa;train_cv_cegpa_up2;train_cv_cegpa_up3;train_guarani_only
common_voice_gn_32860774,train_cv_cegpa;train_cv_cegpa_up2;train_cv_cegpa_up3;train_guarani_only
common_voice_gn_32860775,train_cv_cegpa;train_cv_cegpa_up2;train_cv_cegpa_up3;train_guarani_only
common_voice_gn_32860839,train_cv_cegpa;train_cv_cegpa_up2;train_cv_cegpa_up3;train_guarani_only
common_voice_gn_32860840,dev_guarani_only
common_voice_gn_32860843,train_cv_cegpa;train_cv_cegpa_up2;train_cv_cegpa_up3;train_guarani_only
common_voice_gn_32860865,train_cv_cegpa;train_cv_cegpa_up2;train_cv_cegpa_up3;train_guarani_only
common_voice_gn_32860909,dev_guarani_only
common_voice_gn_32860912,train_cv_cegpa;train_cv_cegpa_up2;train_cv_cegpa_up3;train_guarani_only
common_voice_gn_32860949,train_cv_cegpa;train_cv_cegpa_up2;train_cv_cegpa_up3;train_guarani_only
common_voice_gn_32861051,train_cv_cegpa;train_cv_cegpa_up2;train_cv_cegpa_up3;train_guarani_only
common_voice_gn_32861052,dev_guarani_only
common_voice_gn_32861112,train_cv_cegpa;train_cv_cegpa_up2;train_cv_cegpa_up3;train_guarani_only
common_voice_gn_32861132,train_cv_cegpa;train_cv_cegpa_up2;train_cv_cegpa_up3;train_guarani_only
common_voice_gn_32861163,dev_guarani_only
common_voice_gn_32861186,train_cv_cegpa;train_cv_cegpa_up2;train_cv_cegpa_up3;train_guarani_only
common_voice_gn_32861211,train_cv_cegpa;train_cv_cegpa_up2;train_cv_cegpa_up3;train_guarani_only
common_voice_gn_32861227,train_cv_cegpa;train_cv_cegpa_up2;train_cv_cegpa_up3;train_guarani_only
common_voice_gn_32861229,dev_guarani_only
common_voice_gn_33452610,train_cv_cegpa;train_cv_cegpa_up2;train_cv_cegpa_up3;train_guarani_only
common_voice_gn_33452611,train_cv_cegpa;train_cv_cegpa_up2;train_cv_cegpa_up3;train_guarani_only
common_voice_gn_33838215,train_cv_cegpa;train_cv_cegpa_up2;train_cv_cegpa_up3;train_guarani_only
common_voice_gn_33838216,train_cv_cegpa;train_cv_cegpa_up2;train_cv_cegpa_up3;train_guarani_only
common_voice_gn_33838222,train_cv_cegpa;train_cv_cegpa_up2;train_cv_cegpa_up3;train_guarani_only
common_voice_gn_33838227,train_cv_cegpa;train_cv_cegpa_up2;train_cv_cegpa_up3;train_guarani_only
common_voice_gn_33838228,train_cv_cegpa;train_cv_cegpa_up2;train_cv_cegpa_up3;train_guarani_only
common_voice_gn_33838229,train_cv_cegpa;train_cv_cegpa_up2;train_cv_cegpa_up3;train_guarani_only
common_voice_gn_33838231,train_cv_cegpa;train_cv_cegpa_up2;train_cv_cegpa_up3;train_guarani_only
common_voice_gn_33838232,train_cv_cegpa;train_cv_cegpa_up2;train_cv_cegpa_up3;train_guarani_only
common_voice_gn_33862453,train_cv_cegpa;train_cv_cegpa_up2;train_cv_cegpa_up3;train_guarani_only
common_voice_gn_33862504,train_cv_cegpa;train_cv_cegpa_up2;train_cv_cegpa_up3;train_guarani_only
common_voice_gn_33862506,dev_guarani_only
common_voice_gn_33862508,dev_guarani_only
common_voice_gn_33862571,train_cv_cegpa;train_cv_cegpa_up2;train_cv_cegpa_up3;train_guarani_only
common_voice_gn_33862572,train_cv_cegpa;train_cv_cegpa_up2;train_cv_cegpa_up3;train_guarani_only
common_voice_gn_33862577,train_cv_cegpa;train_cv_cegpa_up2;train_cv_cegpa_up3;train_guarani_only
common_voice_gn_33862621,train_cv_cegpa;train_cv_cegpa_up2;train_cv_cegpa_up3;train_guarani_only
common_voice_gn_33862622,train_cv_cegpa;train_cv_cegpa_up2;train_cv_cegpa_up3;train_guarani_only
common_voice_gn_33862646,train_cv_cegpa;train_cv_cegpa_up2;train_cv_cegpa_up3;train_guarani_only
common_voice_gn_33862648,train_cv_cegpa;train_cv_cegpa_up2;train_cv_cegpa_up3;train_guarani_only
common_voice_gn_33862687,train_cv_cegpa;train_cv_cegpa_up2;train_cv_cegpa_up3;train_guarani_only
common_voice_gn_33862688,train_cv_cegpa;train_cv_cegpa_up2;train_cv_cegpa_up3;train_guarani_only
common_voice_gn_33862689,train_cv_cegpa;train_cv_cegpa_up2;train_cv_cegpa_up3;train_guarani_only
common_voice_gn_33862752,train_cv_cegpa;train_cv_cegpa_up2;train_cv_cegpa_up3;train_guarani_only
common_voice_gn_33876876,train_cv_cegpa;train_cv_cegpa_up2;train_cv_cegpa_up3;train_guarani_only
common_voice_gn_33876877,train_cv_cegpa;train_cv_cegpa_up2;train_cv_cegpa_up3;train_guarani_only
common_voice_gn_33876903,train_cv_cegpa;train_cv_cegpa_up2;train_cv_cegpa_up3;train_guarani_only
common_voice_gn_33876904,train_cv_cegpa;train_cv_cegpa_up2;train_cv_cegpa_up3;train_guarani_only
common_voice_gn_33876906,train_cv_cegpa;train_cv_cegpa_up2;train_cv_cegpa_up3;train_guarani_only
common_voice_gn_33876929,train_cv_cegpa;train_cv_cegpa_up2;train_cv_cegpa_up3;train_guarani_only
common_voice_gn_33876945,train_cv_cegpa;train_cv_cegpa_up2;train_cv_cegpa_up3;train_guarani_only
common_voice_gn_33876946,dev_guarani_only
common_voice_gn_33876971,dev_guarani_only
common_voice_gn_33876985,train_cv_cegpa;train_cv_cegpa_up2;train_cv_cegpa_up3;train_guarani_only
common_voice_gn_33876986,train_cv_cegpa;train_cv_cegpa_up2;train_cv_cegpa_up3;train_guarani_only
common_voice_gn_33876987,train_cv_cegpa;train_cv_cegpa_up2;train_cv_cegpa_up3;train_guarani_only
common_voice_gn_33877006,train_cv_cegpa;train_cv_cegpa_up2;train_cv_cegpa_up3;train_guarani_only
common_voice_gn_33877007,train_cv_cegpa;train_cv_cegpa_up2;train_cv_cegpa_up3;train_guarani_only
common_voice_gn_33877029,train_cv_cegpa;train_cv_cegpa_up2;train_cv_cegpa_up3;train_guarani_only
common_voice_gn_33877031,train_cv_cegpa;train_cv_cegpa_up2;train_cv_cegpa_up3;train_guarani_only
common_voice_gn_33877032,train_cv_cegpa;train_cv_cegpa_up2;train_cv_cegpa_up3;train_guarani_only
common_voice_gn_33877087,train_cv_cegpa;train_cv_cegpa_up2;train_cv_cegpa_up3;train_guarani_only
common_voice_gn_33877115,train_cv_cegpa;train_cv_cegpa_up2;train_cv_cegpa_up3;train_guarani_only
common_voice_gn_33877162,train_cv_cegpa;train_cv_cegpa_up2;train_cv_cegpa_up3;train_guarani_only
common_voice_gn_33877201,train_cv_cegpa;train_cv_cegpa_up2;train_cv_cegpa_up3;train_guarani_only
common_voice_gn_33877203,train_cv_cegpa;train_cv_cegpa_up2;train_cv_cegpa_up3;train_guarani_only
common_voice_gn_33877258,train_cv_cegpa;train_cv_cegpa_up2;train_cv_cegpa_up3;train_guarani_only
common_voice_gn_33877260,train_cv_cegpa;train_cv_cegpa_up2;train_cv_cegpa_up3;train_guarani_only
common_voice_gn_33877263,train_cv_cegpa;train_cv_cegpa_up2;train_cv_cegpa_up3;train_guarani_only
common_voice_gn_33877290,train_cv_cegpa;train_cv_cegpa_up2;train_cv_cegpa_up3;train_guarani_only
common_voice_gn_33877292,train_cv_cegpa;train_cv_cegpa_up2;train_cv_cegpa_up3;train_guarani_only
common_voice_gn_33877347,train_cv_cegpa;train_cv_cegpa_up2;train_cv_cegpa_up3;train_guarani_only
common_voice_gn_33877348,dev_guarani_only
common_voice_gn_33877366,train_cv_cegpa;train_cv_cegpa_up2;train_cv_cegpa_up3;train_guarani_only
common_voice_gn_33877383,train_cv_cegpa;train_cv_cegpa_up2;train_cv_cegpa_up3;train_guarani_only
common_voice_gn_33877424,train_cv_cegpa;train_cv_cegpa_up2;train_cv_cegpa_up3;train_guarani_only
common_voice_gn_33877425,train_cv_cegpa;train_cv_cegpa_up2;train_cv_cegpa_up3;train_guarani_only
common_voice_gn_33877460,dev_guarani_only
common_voice_gn_33893287,train_cv_cegpa;train_cv_cegpa_up2;train_cv_cegpa_up3;train_guarani_only
common_voice_gn_33893347,train_cv_cegpa;train_cv_cegpa_up2;train_cv_cegpa_up3;train_guarani_only
common_voice_gn_33893350,dev_guarani_only
common_voice_gn_33893408,train_cv_cegpa;train_cv_cegpa_up2;train_cv_cegpa_up3;train_guarani_only
common_voice_gn_33893411,train_cv_cegpa;train_cv_cegpa_up2;train_cv_cegpa_up3;train_guarani_only
common_voice_gn_33893431,train_cv_cegpa;train_cv_cegpa_up2;train_cv_cegpa_up3;train_guarani_only
common_voice_gn_33893432,train_cv_cegpa;train_cv_cegpa_up2;train_cv_cegpa_up3;train_guarani_only
common_voice_gn_33893446,dev_guarani_only
common_voice_gn_33893454,dev_guarani_only
common_voice_gn_33893466,train_cv_cegpa;train_cv_cegpa_up2;train_cv_cegpa_up3;train_guarani_only
common_voice_gn_33893491,train_cv_cegpa;train_cv_cegpa_up2;train_cv_cegpa_up3;train_guarani_only
common_voice_gn_33893492,train_cv_cegpa;train_cv_cegpa_up2;train_cv_cegpa_up3;train_guarani_only
common_voice_gn_33893493,train_cv_cegpa;train_cv_cegpa_up2;train_cv_cegpa_up3;train_guarani_only
common_voice_gn_33893499,train_cv_cegpa;train_cv_cegpa_up2;train_cv_cegpa_up3;train_guarani_only
common_voice_gn_33893500,train_cv_cegpa;train_cv_cegpa_up2;train_cv_cegpa_up3;train_guarani_only
common_voice_gn_33893501,train_cv_cegpa;train_cv_cegpa_up2;train_cv_cegpa_up3;train_guarani_only
common_voice_gn_33893514,train_cv_cegpa;train_cv_cegpa_up2;train_cv_cegpa_up3;train_guarani_only
common_voice_gn_33893530,train_cv_cegpa;train_cv_cegpa_up2;train_cv_cegpa_up3;train_guarani_only
common_voice_gn_33893532,train_cv_cegpa;train_cv_cegpa_up2;train_cv_cegpa_up3;train_guarani_only
common_voice_gn_33893533,train_cv_cegpa;train_cv_cegpa_up2;train_cv_cegpa_up3;train_guarani_only
common_voice_gn_33893551,train_cv_cegpa;train_cv_cegpa_up2;train_cv_cegpa_up3;train_guarani_only
common_voice_gn_33893568,dev_guarani_only
common_voice_gn_33893580,train_cv_cegpa;train_cv_cegpa_up2;train_cv_cegpa_up3;train_guarani_only
common_voice_gn_33893581,train_cv_cegpa;train_cv_cegpa_up2;train_cv_cegpa_up3;train_guarani_only
common_voice_gn_33893606,train_cv_cegpa;train_cv_cegpa_up2;train_cv_cegpa_up3;train_guarani_only
common_voice_gn_33893607,train_cv_cegpa;train_cv_cegpa_up2;train_cv_cegpa_up3;train_guarani_only
common_voice_gn_33893608,train_cv_cegpa;train_cv_cegpa_up2;train_cv_cegpa_up3;train_guarani_only
common_voice_gn_33893626,train_cv_cegpa;train_cv_cegpa_up2;train_cv_cegpa_up3;train_guarani_only
common_voice_gn_33893637,train_cv_cegpa;train_cv_cegpa_up2;train_cv_cegpa_up3;train_guarani_only
common_voice_gn_33893639,train_cv_cegpa;train_cv_cegpa_up2;train_cv_cegpa_up3;train_guarani_only
common_voice_gn_33893663,train_cv_cegpa;train_cv_cegpa_up2;train_cv_cegpa_up3;train_guarani_only
common_voice_gn_33893665,train_cv_cegpa;train_cv_cegpa_up2;train_cv_cegpa_up3;train_guarani_only
common_voice_gn_33893678,train_cv_cegpa;train_cv_cegpa_up2;train_cv_cegpa_up3;train_guarani_only
common_voice_gn_33893680,train_cv_cegpa;train_cv_cegpa_up2;train_cv_cegpa_up3;train_guarani_only
common_voice_gn_33893681,train_cv_cegpa;train_cv_cegpa_up2;train_cv_cegpa_up3;train_guarani_only
common_voice_gn_33893710,train_cv_cegpa;train_cv_cegpa_up2;train_cv_cegpa_up3;train_guarani_only
common_voice_gn_33893742,train_cv_cegpa;train_cv_cegpa_up2;train_cv_cegpa_up3;train_guarani_only
common_voice_gn_33893743,train_cv_cegpa;train_cv_cegpa_up2;train_cv_cegpa_up3;train_guarani_only
common_voice_gn_33893908,train_cv_cegpa;train_cv_cegpa_up2;train_cv_cegpa_up3;train_guarani_only
common_voice_gn_33893911,train_cv_cegpa;train_cv_cegpa_up2;train_cv_cegpa_up3;train_guarani_only
common_voice_gn_33893912,train_cv_cegpa;train_cv_cegpa_up2;train_cv_cegpa_up3;train_guarani_only
common_voice_gn_33893967,train_cv_cegpa;train_cv_cegpa_up2;train_cv_cegpa_up3;train_guarani_only
common_voice_gn_33893969,train_cv_cegpa;train_cv_cegpa_up2;train_cv_cegpa_up3;train_guarani_only
common_voice_gn_33893995,train_cv_cegpa;train_cv_cegpa_up2;train_cv_cegpa_up3;train_guarani_only
common_voice_gn_33893996,train_cv_cegpa;train_cv_cegpa_up2;train_cv_cegpa_up3;train_guarani_only
common_voice_gn_33893997,train_cv_cegpa;train_cv_cegpa_up2;train_cv_cegpa_up3;train_guarani_only
common_voice_gn_33894083,train_cv_cegpa;train_cv_cegpa_up2;train_cv_cegpa_up3;train_guarani_only
common_voice_gn_33894085,train_cv_cegpa;train_cv_cegpa_up2;train_cv_cegpa_up3;train_guarani_only
common_voice_gn_33894093,train_cv_cegpa;train_cv_cegpa_up2;train_cv_cegpa_up3;train_guarani_only
common_voice_gn_33894111,train_cv_cegpa;train_cv_cegpa_up2;train_cv_cegpa_up3;train_guarani_only
common_voice_gn_33894112,train_cv_cegpa;train_cv_cegpa_up2;train_cv_cegpa_up3;train_guarani_only
common_voice_gn_33894113,train_cv_cegpa;train_cv_cegpa_up2;train_cv_cegpa_up3;train_guarani_only
common_voice_gn_33894121,train_cv_cegpa;train_cv_cegpa_up2;train_cv_cegpa_up3;train_guarani_only
common_voice_gn_33894123,train_cv_cegpa;train_cv_cegpa_up2;train_cv_cegpa_up3;train_guarani_only
common_voice_gn_33894124,train_cv_cegpa;train_cv_cegpa_up2;train_cv_cegpa_up3;train_guarani_only
common_voice_gn_33894125,train_cv_cegpa;train_cv_cegpa_up2;train_cv_cegpa_up3;train_guarani_only
common_voice_gn_33894137,train_cv_cegpa;train_cv_cegpa_up2;train_cv_cegpa_up3;train_guarani_only
common_voice_gn_33894138,train_cv_cegpa;train_cv_cegpa_up2;train_cv_cegpa_up3;train_guarani_only
common_voice_gn_33894143,train_cv_cegpa;train_cv_cegpa_up2;train_cv_cegpa_up3;train_guarani_only
common_voice_gn_33894144,train_cv_cegpa;train_cv_cegpa_up2;train_cv_cegpa_up3;train_guarani_only
common_voice_gn_33894157,dev_guarani_only
common_voice_gn_33894188,train_cv_cegpa;train_cv_cegpa_up2;train_cv_cegpa_up3;train_guarani_only
common_voice_gn_33894191,train_cv_cegpa;train_cv_cegpa_up2;train_cv_cegpa_up3;train_guarani_only
common_voice_gn_33894239,train_cv_cegpa;train_cv_cegpa_up2;train_cv_cegpa_up3;train_guarani_only
common_voice_gn_33894241,train_cv_cegpa;train_cv_cegpa_up2;train_cv_cegpa_up3;train_guarani_only
common_voice_gn_33894252,train_cv_cegpa;train_cv_cegpa_up2;train_cv_cegpa_up3;train_guarani_only
common_voice_gn_33894273,train_cv_cegpa;train_cv_cegpa_up2;train_cv_cegpa_up3;train_guarani_only
common_voice_gn_33894275,train_cv_cegpa;train_cv_cegpa_up2;train_cv_cegpa_up3;train_guarani_only
common_voice_gn_33894389,train_cv_cegpa;train_cv_cegpa_up2;train_cv_cegpa_up3;train_guarani_only
common_voice_gn_33931217,dev_guarani_only
common_voice_gn_33931219,train_cv_cegpa;train_cv_cegpa_up2;train_cv_cegpa_up3;train_guarani_only
common_voice_gn_33931253,train_cv_cegpa;train_cv_cegpa_up2;train_cv_cegpa_up3;train_guarani_only
common_voice_gn_33931254,train_cv_cegpa;train_cv_cegpa_up2;train_cv_cegpa_up3;train_guarani_only
common_voice_gn_33931267,train_cv_cegpa;train_cv_cegpa_up2;train_cv_cegpa_up3;train_guarani_only
common_voice_gn_33931289,train_cv_cegpa;train_cv_cegpa_up2;train_cv_cegpa_up3;train_guarani_only
common_voice_gn_33931311,train_cv_cegpa;train_cv_cegpa_up2;train_cv_cegpa_up3;train_guarani_only
common_voice_gn_33931412,train_cv_cegpa;train_cv_cegpa_up2;train_cv_cegpa_up3;train_guarani_only
common_voice_gn_33931482,dev_guarani_only
common_voice_gn_33931483,dev_guarani_only
common_voice_gn_33931538,train_cv_cegpa;train_cv_cegpa_up2;train_cv_cegpa_up3;train_guarani_only
common_voice_gn_33931616,train_cv_cegpa;train_cv_cegpa_up2;train_cv_cegpa_up3;train_guarani_only
common_voice_gn_33931648,train_cv_cegpa;train_cv_cegpa_up2;train_cv_cegpa_up3;train_guarani_only
common_voice_gn_33931649,dev_guarani_only
common_voice_gn_33931650,train_cv_cegpa;train_cv_cegpa_up2;train_cv_cegpa_up3;train_guarani_only
common_voice_gn_33931760,train_cv_cegpa;train_cv_cegpa_up2;train_cv_cegpa_up3;train_guarani_only
common_voice_gn_33931763,train_cv_cegpa;train_cv_cegpa_up2;train_cv_cegpa_up3;train_guarani_only
common_voice_gn_33949554,train_cv_cegpa;train_cv_cegpa_up2;train_cv_cegpa_up3;train_guarani_only
common_voice_gn_33949557,train_cv_cegpa;train_cv_cegpa_up2;train_cv_cegpa_up3;train_guarani_only
common_voice_gn_33949573,train_cv_cegpa;train_cv_cegpa_up2;train_cv_cegpa_up3;train_guarani_only
common_voice_gn_33949582,train_cv_cegpa;train_cv_cegpa_up2;train_cv_cegpa_up3;train_guarani_only
common_voice_gn_33949590,dev_guarani_only
common_voice_gn_33949610,train_cv_cegpa;train_cv_cegpa_up2;train_cv_cegpa_up3;train_guarani_only
common_voice_gn_33949612,dev_guarani_only
common_voice_gn_33949614,train_cv_cegpa;train_cv_cegpa_up2;train_cv_cegpa_up3;train_guarani_only
common_voice_gn_33949624,train_cv_cegpa;train_cv_cegpa_up2;train_cv_cegpa_up3;train_guarani_only
common_voice_gn_33949628,dev_guarani_only
common_voice_gn_33949631,train_cv_cegpa;train_cv_cegpa_up2;train_cv_cegpa_up3;train_guarani_only
common_voice_gn_33949637,train_cv_cegpa;train_cv_cegpa_up2;train_cv_cegpa_up3;train_guarani_only
common_voice_gn_33949639,train_cv_cegpa;train_cv_cegpa_up2;train_cv_cegpa_up3;train_guarani_only
common_voice_gn_33949642,train_cv_cegpa;train_cv_cegpa_up2;train_cv_cegpa_up3;train_guarani_only
common_voice_gn_33949652,train_cv_cegpa;train_cv_cegpa_up2;train_cv_cegpa_up3;train_guarani_only
common_voice_gn_33949655,train_cv_cegpa;train_cv_cegpa_up2;train_cv_cegpa_up3;train_guarani_only
common_voice_gn_33949657,dev_guarani_only
common_voice_gn_33949658,train_cv_cegpa;train_cv_cegpa_up2;train_cv_cegpa_up3;train_guarani_only
common_voice_gn_33949667,train_cv_cegpa;train_cv_cegpa_up2;train_cv_cegpa_up3;train_guarani_only
common_voice_gn_33949675,train_cv_cegpa;train_cv_cegpa_up2;train_cv_cegpa_up3;train_guarani_only
common_voice_gn_33949677,train_cv_cegpa;train_cv_cegpa_up2;train_cv_cegpa_up3;train_guarani_only
common_voice_gn_33949686,train_cv_cegpa;train_cv_cegpa_up2;train_cv_cegpa_up3;train_guarani_only
common_voice_gn_33949690,train_cv_cegpa;train_cv_cegpa_up2;train_cv_cegpa_up3;train_guarani_only
common_voice_gn_33949696,train_cv_cegpa;train_cv_cegpa_up2;train_cv_cegpa_up3;train_guarani_only
common_voice_gn_33949697,train_cv_cegpa;train_cv_cegpa_up2;train_cv_cegpa_up3;train_guarani_only
common_voice_gn_33949699,train_cv_cegpa;train_cv_cegpa_up2;train_cv_cegpa_up3;train_guarani_only
common_voice_gn_33949711,train_cv_cegpa;train_cv_cegpa_up2;train_cv_cegpa_up3;train_guarani_only
common_voice_gn_33949712,train_cv_cegpa;train_cv_cegpa_up2;train_cv_cegpa_up3;train_guarani_only
common_voice_gn_33949713,dev_guarani_only
common_voice_gn_33949714,train_cv_cegpa;train_cv_cegpa_up2;train_cv_cegpa_up3;train_guarani_only
common_voice_gn_33949726,train_cv_cegpa;train_cv_cegpa_up2;train_cv_cegpa_up3;train_guarani_only
common_voice_gn_33949728,train_cv_cegpa;train_cv_cegpa_up2;train_cv_cegpa_up3;train_guarani_only
common_voice_gn_33949745,train_cv_cegpa;train_cv_cegpa_up2;train_cv_cegpa_up3;train_guarani_only
common_voice_gn_33949746,train_cv_cegpa;train_cv_cegpa_up2;train_cv_cegpa_up3;train_guarani_only
common_voice_gn_33949747,train_cv_cegpa;train_cv_cegpa_up2;train_cv_cegpa_up3;train_guarani_only
common_voice_gn_33949760,dev_guarani_only
common_voice_gn_33949761,train_cv_cegpa;train_cv_cegpa_up2;train_cv_cegpa_up3;train_guarani_only
common_voice_gn_33949763,train_cv_cegpa;train_cv_cegpa_up2;train_cv_cegpa_up3;train_guarani_only
common_voice_gn_33949765,train_cv_cegpa;train_cv_cegpa_up2;train_cv_cegpa_up3;train_guarani_only
common_voice_gn_33949777,train_cv_cegpa;train_cv_cegpa_up2;train_cv_cegpa_up3;train_guarani_only
common_voice_gn_33949780,train_cv_cegpa;train_cv_cegpa_up2;train_cv_cegpa_up3;train_guarani_only
common_voice_gn_33949789,train_cv_cegpa;train_cv_cegpa_up2;train_cv_cegpa_up3;train_guarani_only
common_voice_gn_33949790,train_cv_cegpa;train_cv_cegpa_up2;train_cv_cegpa_up3;train_guarani_only
common_voice_gn_33949813,train_cv_cegpa;train_cv_cegpa_up2;train_cv_cegpa_up3;train_guarani_only
common_voice_gn_33949814,train_cv_cegpa;train_cv_cegpa_up2;train_cv_cegpa_up3;train_guarani_only
common_voice_gn_33949816,train_cv_cegpa;train_cv_cegpa_up2;train_cv_cegpa_up3;train_guarani_only
common_voice_gn_33949819,train_cv_cegpa;train_cv_cegpa_up2;train_cv_cegpa_up3;train_guarani_only
common_voice_gn_33949833,train_cv_cegpa;train_cv_cegpa_up2;train_cv_cegpa_up3;train_guarani_only
common_voice_gn_33949834,train_cv_cegpa;train_cv_cegpa_up2;train_cv_cegpa_up3;train_guarani_only
common_voice_gn_33949837,train_cv_cegpa;train_cv_cegpa_up2;train_cv_cegpa_up3;train_guarani_only
common_voice_gn_33949848,train_cv_cegpa;train_cv_cegpa_up2;train_cv_cegpa_up3;train_guarani_only
common_voice_gn_33949850,train_cv_cegpa;train_cv_cegpa_up2;train_cv_cegpa_up3;train_guarani_only
common_voice_gn_33949857,train_cv_cegpa;train_cv_cegpa_up2;train_cv_cegpa_up3;train_guarani_only
common_voice_gn_33949858,dev_guarani_only
common_voice_gn_33949859,train_cv_cegpa;train_cv_cegpa_up2;train_cv_cegpa_up3;train_guarani_only
common_voice_gn_33949881,train_cv_cegpa;train_cv_cegpa_up2;train_cv_cegpa_up3;train_guarani_only
common_voice_gn_33949887,train_cv_cegpa;train_cv_cegpa_up2;train_cv_cegpa_up3;train_guarani_only
common_voice_gn_33949898,train_cv_cegpa;train_cv_cegpa_up2;train_cv_cegpa_up3;train_guarani_only
common_voice_gn_33949899,train_cv_cegpa;train_cv_cegpa_up2;train_cv_cegpa_up3;train_guarani_only
common_voice_gn_33949900,dev_guarani_only
common_voice_gn_33949919,train_cv_cegpa;train_cv_cegpa_up2;train_cv_cegpa_up3;train_guarani_only
common_voice_gn_33971971,train_cv_cegpa;train_cv_cegpa_up2;train_cv_cegpa_up3;train_guarani_only
common_voice_gn_33971973,train_cv_cegpa;train_cv_cegpa_up2;train_cv_cegpa_up3;train_guarani_only
common_voice_gn_33971974,train_cv_cegpa;train_cv_cegpa_up2;train_cv_cegpa_up3;train_guarani_only
common_voice_gn_33971975,train_cv_cegpa;train_cv_cegpa_up2;train_cv_cegpa_up3;train_guarani_only
common_voice_gn_33971994,train_cv_cegpa;train_cv_cegpa_up2;train_cv_cegpa_up3;train_guarani_only
common_voice_gn_33971995,train_cv_cegpa;train_cv_cegpa_up2;train_cv_cegpa_up3;train_guarani_only
common_voice_gn_33972009,train_cv_cegpa;train_cv_cegpa_up2;train_cv_cegpa_up3;train_guarani_only
common_voice_gn_33972010,train_cv_cegpa;train_cv_cegpa_up2;train_cv_cegpa_up3;train_guarani_only
common_voice_gn_33972031,train_cv_cegpa;train_cv_cegpa_up2;train_cv_cegpa_up3;train_guarani_only
common_voice_gn_33972032,train_cv_cegpa;train_cv_cegpa_up2;train_cv_cegpa_up3;train_guarani_only
common_voice_gn_33972078,dev_guarani_only
common_voice_gn_33972080,train_cv_cegpa;train_cv_cegpa_up2;train_cv_cegpa_up3;train_guarani_only
common_voice_gn_33972097,train_cv_cegpa;train_cv_cegpa_up2;train_cv_cegpa_up3;train_guarani_only
common_voice_gn_33972106,train_cv_cegpa;train_cv_cegpa_up2;train_cv_cegpa_up3;train_guarani_only
common_voice_gn_33972108,train_cv_cegpa;train_cv_cegpa_up2;train_cv_cegpa_up3;train_guarani_only
common_voice_gn_33972122,dev_guarani_only
common_voice_gn_33972123,train_cv_cegpa;train_cv_cegpa_up2;train_cv_cegpa_up3;train_guarani_only
common_voice_gn_33974163,train_cv_cegpa;train_cv_cegpa_up2;train_cv_cegpa_up3;train_guarani_only
common_voice_gn_33974195,train_cv_cegpa;train_cv_cegpa_up2;train_cv_cegpa_up3;train_guarani_only
common_voice_gn_33974198,train_cv_cegpa;train_cv_cegpa_up2;train_cv_cegpa_up3;train_guarani_only
common_voice_gn_33974224,train_cv_cegpa;train_cv_cegpa_up2;train_cv_cegpa_up3;train_guarani_only
common_voice_gn_33974226,train_cv_cegpa;train_cv_cegpa_up2;train_cv_cegpa_up3;train_guarani_only
common_voice_gn_33974228,train_cv_cegpa;train_cv_cegpa_up2;train_cv_cegpa_up3;train_guarani_only
common_voice_gn_33974261,train_cv_cegpa;train_cv_cegpa_up2;train_cv_cegpa_up3;train_guarani_only
common_voice_gn_33974303,train_cv_cegpa;train_cv_cegpa_up2;train_cv_cegpa_up3;train_guarani_only
common_voice_gn_33974304,train_cv_cegpa;train_cv_cegpa_up2;train_cv_cegpa_up3;train_guarani_only
common_voice_gn_33974337,train_cv_cegpa;train_cv_cegpa_up2;train_cv_cegpa_up3;train_guarani_only
common_voice_gn_33974338,dev_guarani_only
common_voice_gn_33974370,dev_guarani_only
common_voice_gn_33974372,train_cv_cegpa;train_cv_cegpa_up2;train_cv_cegpa_up3;train_guarani_only
common_voice_gn_33974373,train_cv_cegpa;train_cv_cegpa_up2;train_cv_cegpa_up3;train_guarani_only
common_voice_gn_33974374,train_cv_cegpa;train_cv_cegpa_up2;train_cv_cegpa_up3;train_guarani_only
common_voice_gn_33974465,train_cv_cegpa;train_cv_cegpa_up2;train_cv_cegpa_up3;train_guarani_only
common_voice_gn_33974468,train_cv_cegpa;train_cv_cegpa_up2;train_cv_cegpa_up3;train_guarani_only
common_voice_gn_33974469,train_cv_cegpa;train_cv_cegpa_up2;train_cv_cegpa_up3;train_guarani_only
common_voice_gn_33974536,dev_guarani_only
common_voice_gn_33974584,train_cv_cegpa;train_cv_cegpa_up2;train_cv_cegpa_up3;train_guarani_only
common_voice_gn_33974655,train_cv_cegpa;train_cv_cegpa_up2;train_cv_cegpa_up3;train_guarani_only
common_voice_gn_33974718,train_cv_cegpa;train_cv_cegpa_up2;train_cv_cegpa_up3;train_guarani_only
common_voice_gn_33974719,train_cv_cegpa;train_cv_cegpa_up2;train_cv_cegpa_up3;train_guarani_only
common_voice_gn_33974878,train_cv_cegpa;train_cv_cegpa_up2;train_cv_cegpa_up3;train_guarani_only
common_voice_gn_33974910,train_cv_cegpa;train_cv_cegpa_up2;train_cv_cegpa_up3;train_guarani_only
common_voice_gn_33974914,train_cv_cegpa;train_cv_cegpa_up2;train_cv_cegpa_up3;train_guarani_only
common_voice_gn_33974917,dev_guarani_only
common_voice_gn_33974955,train_cv_cegpa;train_cv_cegpa_up2;train_cv_cegpa_up3;train_guarani_only
common_voice_gn_33974956,train_cv_cegpa;train_cv_cegpa_up2;train_cv_cegpa_up3;train_guarani_only
common_voice_gn_33974969,train_cv_cegpa;train_cv_cegpa_up2;train_cv_cegpa_up3;train_guarani_only
common_voice_gn_33974970,train_cv_cegpa;train_cv_cegpa_up2;train_cv_cegpa_up3;train_guarani_only
common_voice_gn_33974972,train_cv_cegpa;train_cv_cegpa_up2;train_cv_cegpa_up3;train_guarani_only
common_voice_gn_33974999,train_cv_cegpa;train_cv_cegpa_up2;train_cv_cegpa_up3;train_guarani_only
common_voice_gn_33975001,train_cv_cegpa;train_cv_cegpa_up2;train_cv_cegpa_up3;train_guarani_only
common_voice_gn_33975034,train_cv_cegpa;train_cv_cegpa_up2;train_cv_cegpa_up3;train_guarani_only
common_voice_gn_33975037,train_cv_cegpa;train_cv_cegpa_up2;train_cv_cegpa_up3;train_guarani_only
common_voice_gn_33975059,dev_guarani_only
common_voice_gn_33975060,train_cv_cegpa;train_cv_cegpa_up2;train_cv_cegpa_up3;train_guarani_only
common_voice_gn_33975084,train_cv_cegpa;train_cv_cegpa_up2;train_cv_cegpa_up3;train_guarani_only
common_voice_gn_33975158,dev_guarani_only
common_voice_gn_34005358,train_cv_cegpa;train_cv_cegpa_up2;train_cv_cegpa_up3;train_guarani_only
common_voice_gn_34005368,train_cv_cegpa;train_cv_cegpa_up2;train_cv_cegpa_up3;train_guarani_only
common_voice_gn_34005372,train_cv_cegpa;train_cv_cegpa_up2;train_cv_cegpa_up3;train_guarani_only
common_voice_gn_34005404,train_cv_cegpa;train_cv_cegpa_up2;train_cv_cegpa_up3;train_guarani_only
common_voice_gn_34005405,train_cv_cegpa;train_cv_cegpa_up2;train_cv_cegpa_up3;train_guarani_only
common_voice_gn_34005406,train_cv_cegpa;train_cv_cegpa_up2;train_cv_cegpa_up3;train_guarani_only
common_voice_gn_34005407,train_cv_cegpa;train_cv_cegpa_up2;train_cv_cegpa_up3;train_guarani_only
common_voice_gn_34005415,train_cv_cegpa;train_cv_cegpa_up2;train_cv_cegpa_up3;train_guarani_only
common_voice_gn_34005416,train_cv_cegpa;train_cv_cegpa_up2;train_cv_cegpa_up3;train_guarani_only
common_voice_gn_34005461,train_cv_cegpa;train_cv_cegpa_up2;train_cv_cegpa_up3;train_guarani_only
common_voice_gn_34005462,dev_guarani_only
common_voice_gn_34005518,train_cv_cegpa;train_cv_cegpa_up2;train_cv_cegpa_up3;train_guarani_only
common_voice_gn_34005550,train_cv_cegpa;train_cv_cegpa_up2;train_cv_cegpa_up3;train_guarani_only
common_voice_gn_34005551,train_cv_cegpa;train_cv_cegpa_up2;train_cv_cegpa_up3;train_guarani_only
common_voice_gn_34005575,train_cv_cegpa;train_cv_cegpa_up2;train_cv_cegpa_up3;train_guarani_only
common_voice_gn_34005579,train_cv_cegpa;train_cv_cegpa_up2;train_cv_cegpa_up3;train_guarani_only
common_voice_gn_34005582,train_cv_cegpa;train_cv_cegpa_up2;train_cv_cegpa_up3;train_guarani_only
common_voice_gn_34005583,train_cv_cegpa;train_cv_cegpa_up2;train_cv_cegpa_up3;train_guarani_only
common_voice_gn_34005592,train_cv_cegpa;train_cv_cegpa_up2;train_cv_cegpa_up3;train_guarani_only
common_voice_gn_34005594,train_cv_cegpa;train_cv_cegpa_up2;train_cv_cegpa_up3;train_guarani_only
common_voice_gn_34005608,train_cv_cegpa;train_cv_cegpa_up2;train_cv_cegpa_up3;train_guarani_only
common_voice_gn_34005613,train_cv_cegpa;train_cv_cegpa_up2;train_cv_cegpa_up3;train_guarani_only
common_voice_gn_34005620,train_cv_cegpa;train_cv_cegpa_up2;train_cv_cegpa_up3;train_guarani_only
common_voice_gn_34005622,dev_guarani_only
common_voice_gn_34005631,train_cv_cegpa;train_cv_cegpa_up2;train_cv_cegpa_up3;train_guarani_only
common_voice_gn_34005637,train_cv_cegpa;train_cv_cegpa_up2;train_cv_cegpa_up3;train_guarani_only
common_voice_gn_34005638,dev_guarani_only
common_voice_gn_34005639,train_cv_cegpa;train_cv_cegpa_up2;train_cv_cegpa_up3;train_guarani_only
common_voice_gn_34005656,train_cv_cegpa;train_cv_cegpa_up2;train_cv_cegpa_up3;train_guarani_only
common_voice_gn_34005672,train_cv_cegpa;train_cv_cegpa_up2;train_cv_cegpa_up3;train_guarani_only
common_voice_gn_34005675,train_cv_cegpa;train_cv_cegpa_up2;train_cv_cegpa_up3;train_guarani_only
common_voice_gn_34005698,train_cv_cegpa;train_cv_cegpa_up2;train_cv_cegpa_up3;train_guarani_only
common_voice_gn_34005699,train_cv_cegpa;train_cv_cegpa_up2;train_cv_cegpa_up3;train_guarani_only
common_voice_gn_34005714,train_cv_cegpa;train_cv_cegpa_up2;train_cv_cegpa_up3;train_guarani_only
common_voice_gn_34005716,train_cv_cegpa;train_cv_cegpa_up2;train_cv_cegpa_up3;train_guarani_only
common_voice_gn_34049444,train_cv_cegpa;train_cv_cegpa_up2;train_cv_cegpa_up3;train_guarani_only
common_voice_gn_34049445,dev_guarani_only
common_voice_gn_34049446,train_cv_cegpa;train_cv_cegpa_up2;train_cv_cegpa_up3;train_guarani_only
common_voice_gn_34049447,train_cv_cegpa;train_cv_cegpa_up2;train_cv_cegpa_up3;train_guarani_only
common_voice_gn_34052642,train_cv_cegpa;train_cv_cegpa_up2;train_cv_cegpa_up3;train_guarani_only
common_voice_gn_34052644,train_cv_cegpa;train_cv_cegpa_up2;train_cv_cegpa_up3;train_guarani_only
common_voice_gn_34052646,train_cv_cegpa;train_cv_cegpa_up2;train_cv_cegpa_up3;train_guarani_only
common_voice_gn_34052681,train_cv_cegpa;train_cv_cegpa_up2;train_cv_cegpa_up3;train_guarani_only
common_voice_gn_34052687,dev_guarani_only
common_voice_gn_34052690,train_cv_cegpa;train_cv_cegpa_up2;train_cv_cegpa_up3;train_guarani_only
common_voice_gn_34052733,train_cv_cegpa;train_cv_cegpa_up2;train_cv_cegpa_up3;train_guarani_only
common_voice_gn_34052734,train_cv_cegpa;train_cv_cegpa_up2;train_cv_cegpa_up3;train_guarani_only
common_voice_gn_34052808,train_cv_cegpa;train_cv_cegpa_up2;train_cv_cegpa_up3;train_guarani_only
common_voice_gn_34052845,train_cv_cegpa;train_cv_cegpa_up2;train_cv_cegpa_up3;train_guarani_only
common_voice_gn_34052846,dev_guarani_only
common_voice_gn_34052847,dev_guarani_only
common_voice_gn_34052926,train_cv_cegpa;train_cv_cegpa_up2;train_cv_cegpa_up3;train_guarani_only
common_voice_gn_34052928,train_cv_cegpa;train_cv_cegpa_up2;train_cv_cegpa_up3;train_guarani_only
common_voice_gn_34053038,train_cv_cegpa;train_cv_cegpa_up2;train_cv_cegpa_up3;train_guarani_only
common_voice_gn_34053043,train_cv_cegpa;train_cv_cegpa_up2;train_cv_cegpa_up3;train_guarani_only
common_voice_gn_34053044,train_cv_cegpa;train_cv_cegpa_up2;train_cv_cegpa_up3;train_guarani_only
common_voice_gn_34053095,train_cv_cegpa;train_cv_cegpa_up2;train_cv_cegpa_up3;train_guarani_only
common_voice_gn_34053097,train_cv_cegpa;train_cv_cegpa_up2;train_cv_cegpa_up3;train_guarani_only
common_voice_gn_34053151,train_cv_cegpa;train_cv_cegpa_up2;train_cv_cegpa_up3;train_guarani_only
common_voice_gn_34053203,train_cv_cegpa;train_cv_cegpa_up2;train_cv_cegpa_up3;train_guarani_only
common_voice_gn_34053207,train_cv_cegpa;train_cv_cegpa_up2;train_cv_cegpa_up3;train_guarani_only
common_voice_gn_34092370,train_cv_cegpa;train_cv_cegpa_up2;train_cv_cegpa_up3;train_guarani_only
common_voice_gn_34092371,train_cv_cegpa;train_cv_cegpa_up2;train_cv_cegpa_up3;train_guarani_only
common_voice_gn_34092372,train_cv_cegpa;train_cv_cegpa_up2;train_cv_cegpa_up3;train_guarani_only
common_voice_gn_34092425,train_cv_cegpa;train_cv_cegpa_up2;train_cv_cegpa_up3;train_guarani_only
common_voice_gn_34092445,train_cv_cegpa;train_cv_cegpa_up2;train_cv_cegpa_up3;train_guarani_only
common_voice_gn_34092447,train_cv_cegpa;train_cv_cegpa_up2;train_cv_cegpa_up3;train_guarani_only
common_voice_gn_34092490,train_cv_cegpa;train_cv_cegpa_up2;train_cv_cegpa_up3;train_guarani_only
common_voice_gn_34092512,train_cv_cegpa;train_cv_cegpa_up2;train_cv_cegpa_up3;train_guarani_only
common_voice_gn_34092513,train_cv_cegpa;train_cv_cegpa_up2;train_cv_cegpa_up3;train_guarani_only
common_voice_gn_34092588,train_cv_cegpa;train_cv_cegpa_up2;train_cv_cegpa_up3;train_guarani_only
common_voice_gn_34092589,train_cv_cegpa;train_cv_cegpa_up2;train_cv_cegpa_up3;train_guarani_only
common_voice_gn_34092638,train_cv_cegpa;train_cv_cegpa_up2;train_cv_cegpa_up3;train_guarani_only
common_voice_gn_34092641,train_cv_cegpa;train_cv_cegpa_up2;train_cv_cegpa_up3;train_guarani_only
common_voice_gn_34092678,train_cv_cegpa;train_cv_cegpa_up2;train_cv_cegpa_up3;train_guarani_only
common_voice_gn_34092777,train_cv_cegpa;train_cv_cegpa_up2;train_cv_cegpa_up3;train_guarani_only
common_voice_gn_34092783,train_cv_cegpa;train_cv_cegpa_up2;train_cv_cegpa_up3;train_guarani_only
common_voice_gn_34092815,dev_guarani_only
common_voice_gn_34092865,train_cv_cegpa;train_cv_cegpa_up2;train_cv_cegpa_up3;train_guarani_only
common_voice_gn_34092868,train_cv_cegpa;train_cv_cegpa_up2;train_cv_cegpa_up3;train_guarani_only
common_voice_gn_34092897,train_cv_cegpa;train_cv_cegpa_up2;train_cv_cegpa_up3;train_guarani_only
common_voice_gn_34092959,train_cv_cegpa;train_cv_cegpa_up2;train_cv_cegpa_up3;train_guarani_only
common_voice_gn_34092998,train_cv_cegpa;train_cv_cegpa_up2;train_cv_cegpa_up3;train_guarani_only
common_voice_gn_34093000,dev_guarani_only
common_voice_gn_34093028,train_cv_cegpa;train_cv_cegpa_up2;train_cv_cegpa_up3;train_guarani_only
common_voice_gn_34093030,train_cv_cegpa;train_cv_cegpa_up2;train_cv_cegpa_up3;train_guarani_only
common_voice_gn_34093056,train_cv_cegpa;train_cv_cegpa_up2;train_cv_cegpa_up3;train_guarani_only
common_voice_gn_34093058,train_cv_cegpa;train_cv_cegpa_up2;train_cv_cegpa_up3;train_guarani_only
common_voice_gn_34093074,train_cv_cegpa;train_cv_cegpa_up2;train_cv_cegpa_up3;train_guarani_only
common_voice_gn_34093112,train_cv_cegpa;train_cv_cegpa_up2;train_cv_cegpa_up3;train_guarani_only
common_voice_gn_34093130,train_cv_cegpa;train_cv_cegpa_up2;train_cv_cegpa_up3;train_guarani_only
common_voice_gn_34093131,train_cv_cegpa;train_cv_cegpa_up2;train_cv_cegpa_up3;train_guarani_only
common_voice_gn_34093197,train_cv_cegpa;train_cv_cegpa_up2;train_cv_cegpa_up3;train_guarani_only
common_voice_gn_34093198,train_cv_cegpa;train_cv_cegpa_up2;train_cv_cegpa_up3;train_guarani_only
common_voice_gn_34115691,train_cv_cegpa;train_cv_cegpa_up2;train_cv_cegpa_up3;train_guarani_only
common_voice_gn_34115727,train_cv_cegpa;train_cv_cegpa_up2;train_cv_cegpa_up3;train_guarani_only
common_voice_gn_34115728,train_cv_cegpa;train_cv_cegpa_up2;train_cv_cegpa_up3;train_guarani_only
common_voice_gn_34115757,train_cv_cegpa;train_cv_cegpa_up2;train_cv_cegpa_up3;train_guarani_only
common_voice_gn_34115789,train_cv_cegpa;train_cv_cegpa_up2;train_cv_cegpa_up3;train_guarani_only
common_voice_gn_34115791,train_cv_cegpa;train_cv_cegpa_up2;train_cv_cegpa_up3;train_guarani_only
common_voice_gn_34115826,train_cv_cegpa;train_cv_cegpa_up2;train_cv_cegpa_up3;train_guarani_only
common_voice_gn_34115858,train_cv_cegpa;train_cv_cegpa_up2;train_cv_cegpa_up3;train_guarani_only
common_voice_gn_34115863,train_cv_cegpa;train_cv_cegpa_up2;train_cv_cegpa_up3;train_guarani_only
common_voice_gn_34115865,train_cv_cegpa;train_cv_cegpa_up2;train_cv_cegpa_up3;train_guarani_only
common_voice_gn_34115866,train_cv_cegpa;train_cv_cegpa_up2;train_cv_cegpa_up3;train_guarani_only
common_voice_gn_34115891,train_cv_cegpa;train_cv_cegpa_up2;train_cv_cegpa_up3;train_guarani_only
common_voice_gn_34115938,train_cv_cegpa;train_cv_cegpa_up2;train_cv_cegpa_up3;train_guarani_only
common_voice_gn_34116018,train_cv_cegpa;train_cv_cegpa_up2;train_cv_cegpa_up3;train_guarani_only
common_voice_gn_34116019,train_cv_cegpa;train_cv_cegpa_up2;train_cv_cegpa_up3;train_guarani_only
common_voice_gn_34116020,train_cv_cegpa;train_cv_cegpa_up2;train_cv_cegpa_up3;train_guarani_only
common_voice_gn_34116053,train_cv_cegpa;train_cv_cegpa_up2;train_cv_cegpa_up3;train_guarani_only
common_voice_gn_34116055,train_cv_cegpa;train_cv_cegpa_up2;train_cv_cegpa_up3;train_guarani_only
common_voice_gn_34116056,train_cv_cegpa;train_cv_cegpa_up2;train_cv_cegpa_up3;train_guarani_only
common_voice_gn_34116094,train_cv_cegpa;train_cv_cegpa_up2;train_cv_cegpa_up3;train_guarani_only
common_voice_gn_34116175,train_cv_cegpa;train_cv_cegpa_up2;train_cv_cegpa_up3;train_guarani_only
common_voice_gn_34116178,train_cv_cegpa;train_cv_cegpa_up2;train_cv_cegpa_up3;train_guarani_only
common_voice_gn_34116180,train_cv_cegpa;train_cv_cegpa_up2;train_cv_cegpa_up3;train_guarani_only
common_voice_gn_34116211,train_cv_cegpa;train_cv_cegpa_up2;train_cv_cegpa_up3;train_guarani_only
common_voice_gn_34116215,train_cv_cegpa;train_cv_cegpa_up2;train_cv_cegpa_up3;train_guarani_only
common_voice_gn_34116256,train_cv_cegpa;train_cv_cegpa_up2;train_cv_cegpa_up3;train_guarani_only
common_voice_gn_34116294,train_cv_cegpa;train_cv_cegpa_up2;train_cv_cegpa_up3;train_guarani_only
common_voice_gn_34116297,train_cv_cegpa;train_cv_cegpa_up2;train_cv_cegpa_up3;train_guarani_only
common_voice_gn_34116340,train_cv_cegpa;train_cv_cegpa_up2;train_cv_cegpa_up3;train_guarani_only
common_voice_gn_34116343,train_cv_cegpa;train_cv_cegpa_up2;train_cv_cegpa_up3;train_guarani_only
common_voice_gn_34116374,dev_guarani_only
common_voice_gn_34116376,train_cv_cegpa;train_cv_cegpa_up2;train_cv_cegpa_up3;train_guarani_only
common_voice_gn_34116420,train_cv_cegpa;train_cv_cegpa_up2;train_cv_cegpa_up3;train_guarani_only
common_voice_gn_34116453,train_cv_cegpa;train_cv_cegpa_up2;train_cv_cegpa_up3;train_guarani_only
common_voice_gn_34116455,train_cv_cegpa;train_cv_cegpa_up2;train_cv_cegpa_up3;train_guarani_only
common_voice_gn_34116486,dev_guarani_only
common_voice_gn_34147994,train_cv_cegpa;train_cv_cegpa_up2;train_cv_cegpa_up3;train_guarani_only
common_voice_gn_34148034,train_cv_cegpa;train_cv_cegpa_up2;train_cv_cegpa_up3;train_guarani_only
common_voice_gn_34148035,train_cv_cegpa;train_cv_cegpa_up2;train_cv_cegpa_up3;train_guarani_only
common_voice_gn_34148036,train_cv_cegpa;train_cv_cegpa_up2;train_cv_cegpa_up3;train_guarani_only
common_voice_gn_34148117,train_cv_cegpa;train_cv_cegpa_up2;train_cv_cegpa_up3;train_guarani_only
common_voice_gn_34148178,train_cv_cegpa;train_cv_cegpa_up2;train_cv_cegpa_up3;train_guarani_only
common_voice_gn_34148219,train_cv_cegpa;train_cv_cegpa_up2;train_cv_cegpa_up3;train_guarani_only
common_voice_gn_34148256,train_cv_cegpa;train_cv_cegpa_up2;train_cv_cegpa_up3;train_guarani_only
common_voice_gn_34148257,train_cv_cegpa;train_cv_cegpa_up2;train_cv_cegpa_up3;train_guarani_only
common_voice_gn_34148289,train_cv_cegpa;train_cv_cegpa_up2;train_cv_cegpa_up3;train_guarani_only
common_voice_gn_34148292,train_cv_cegpa;train_cv_cegpa_up2;train_cv_cegpa_up3;train_guarani_only
common_voice_gn_34148303,dev_guarani_only
common_voice_gn_34148304,train_cv_cegpa;train_cv_cegpa_up2;train_cv_cegpa_up3;train_guarani_only
common_voice_gn_34148305,train_cv_cegpa;train_cv_cegpa_up2;train_cv_cegpa_up3;train_guarani_only
common_voice_gn_34148306,train_cv_cegpa;train_cv_cegpa_up2;train_cv_cegpa_up3;train_guarani_only
common_voice_gn_34148357,train_cv_cegpa;train_cv_cegpa_up2;train_cv_cegpa_up3;train_guarani_only
common_voice_gn_34148360,train_cv_cegpa;train_cv_cegpa_up2;train_cv_cegpa_up3;train_guarani_only
common_voice_gn_34148395,dev_guarani_only
common_voice_gn_34148417,train_cv_cegpa;train_cv_cegpa_up2;train_cv_cegpa_up3;train_guarani_only
common_voice_gn_34148418,train_cv_cegpa;train_cv_cegpa_up2;train_cv_cegpa_up3;train_guarani_only
common_voice_gn_34148494,train_cv_cegpa;train_cv_cegpa_up2;train_cv_cegpa_up3;train_guarani_only
common_voice_gn_34148500,train_cv_cegpa;train_cv_cegpa_up2;train_cv_cegpa_up3;train_guarani_only
common_voice_gn_34148534,train_cv_cegpa;train_cv_cegpa_up2;train_cv_cegpa_up3;train_guarani_only
common_voice_gn_34148537,train_cv_cegpa;train_cv_cegpa_up2;train_cv_cegpa_up3;train_guarani_only
common_voice_gn_34148538,train_cv_cegpa;train_cv_cegpa_up2;train_cv_cegpa_up3;train_guarani_only
common_voice_gn_34148555,train_cv_cegpa;train_cv_cegpa_up2;train_cv_cegpa_up3;train_guarani_only
common_voice_gn_34148557,train_cv_cegpa;train_cv_cegpa_up2;train_cv_cegpa_up3;train_guarani_only
common_voice_gn_34148558,train_cv_cegpa;train_cv_cegpa_up2;train_cv_cegpa_up3;train_guarani_only
common_voice_gn_34148653,train_cv_cegpa;train_cv_cegpa_up2;train_cv_cegpa_up3;train_guarani_only
common_voice_gn_34148668,train_cv_cegpa;train_cv_cegpa_up2;train_cv_cegpa_up3;train_guarani_only
common_voice_gn_34149969,train_cv_cegpa;train_cv_cegpa_up2;train_cv_cegpa_up3;train_guarani_only
common_voice_gn_34149989,train_cv_cegpa;train_cv_cegpa_up2;train_cv_cegpa_up3;train_guarani_only
common_voice_gn_34150001,train_cv_cegpa;train_cv_cegpa_up2;train_cv_cegpa_up3;train_guarani_only
common_voice_gn_34150003,train_cv_cegpa;train_cv_cegpa_up2;train_cv_cegpa_up3;train_guarani_only
common_voice_gn_34150005,dev_guarani_only
common_voice_gn_34150029,train_cv_cegpa;train_cv_cegpa_up2;train_cv_cegpa_up3;train_guarani_only
common_voice_gn_34150030,train_cv_cegpa;train_cv_cegpa_up2;train_cv_cegpa_up3;train_guarani_only
common_voice_gn_34150051,train_cv_cegpa;train_cv_cegpa_up2;train_cv_cegpa_up3;train_guarani_only
common_voice_gn_34150052,train_cv_cegpa;train_cv_cegpa_up2;train_cv_cegpa_up3;train_guarani_only
common_voice_gn_34150054,train_cv_cegpa;train_cv_cegpa_up2;train_cv_cegpa_up3;train_guarani_only
common_voice_gn_34150061,train_cv_cegpa;train_cv_cegpa_up2;train_cv_cegpa_up3;train_guarani_only
common_voice_gn_34150065,train_cv_cegpa;train_cv_cegpa_up2;train_cv_cegpa_up3;train_guarani_only
common_voice_gn_34150112,train_cv_cegpa;train_cv_cegpa_up2;train_cv_cegpa_up3;train_guarani_only
common_voice_gn_34150114,train_cv_cegpa;train_cv_cegpa_up2;train_cv_cegpa_up3;train_guarani_only
common_voice_gn_34150150,train_cv_cegpa;train_cv_cegpa_up2;train_cv_cegpa_up3;train_guarani_only
common_voice_gn_34150153,train_cv_cegpa;train_cv_cegpa_up2;train_cv_cegpa_up3;train_guarani_only
common_voice_gn_34150165,train_cv_cegpa;train_cv_cegpa_up2;train_cv_cegpa_up3;train_guarani_only
common_voice_gn_34150167,dev_guarani_only
common_voice_gn_34150169,train_cv_cegpa;train_cv_cegpa_up2;train_cv_cegpa_up3;train_guarani_only
common_voice_gn_34150188,train_cv_cegpa;train_cv_cegpa_up2;train_cv_cegpa_up3;train_guarani_only
common_voice_gn_34150200,train_cv_cegpa;train_cv_cegpa_up2;train_cv_cegpa_up3;train_guarani_only
common_voice_gn_34150202,train_cv_cegpa;train_cv_cegpa_up2;train_cv_cegpa_up3;train_guarani_only
common_voice_gn_34150228,train_cv_cegpa;train_cv_cegpa_up2;train_cv_cegpa_up3;train_guarani_only
common_voice_gn_34150259,train_cv_cegpa;train_cv_cegpa_up2;train_cv_cegpa_up3;train_guarani_only
common_voice_gn_34150260,train_cv_cegpa;train_cv_cegpa_up2;train_cv_cegpa_up3;train_guarani_only
common_voice_gn_34150272,train_cv_cegpa;train_cv_cegpa_up2;train_cv_cegpa_up3;train_guarani_only
common_voice_gn_34150273,train_cv_cegpa;train_cv_cegpa_up2;train_cv_cegpa_up3;train_guarani_only
common_voice_gn_34150290,train_cv_cegpa;train_cv_cegpa_up2;train_cv_cegpa_up3;train_guarani_only
common_voice_gn_34150292,train_cv_cegpa;train_cv_cegpa_up2;train_cv_cegpa_up3;train_guarani_only
common_voice_gn_34150312,train_cv_cegpa;train_cv_cegpa_up2;train_cv_cegpa_up3;train_guarani_only
common_voice_gn_34150314,train_cv_cegpa;train_cv_cegpa_up2;train_cv_cegpa_up3;train_guarani_only
common_voice_gn_34150317,train_cv_cegpa;train_cv_cegpa_up2;train_cv_cegpa_up3;train_guarani_only
common_voice_gn_34150325,train_cv_cegpa;train_cv_cegpa_up2;train_cv_cegpa_up3;train_guarani_only
common_voice_gn_34150328,train_cv_cegpa;train_cv_cegpa_up2;train_cv_cegpa_up3;train_guarani_only
common_voice_gn_34150337,train_cv_cegpa;train_cv_cegpa_up2;train_cv_cegpa_up3;train_guarani_only
common_voice_gn_34150340,train_cv_cegpa;train_cv_cegpa_up2;train_cv_cegpa_up3;train_guarani_only
common_voice_gn_34150343,train_cv_cegpa;train_cv_cegpa_up2;train_cv_cegpa_up3;train_guarani_only
common_voice_gn_34150346,train_cv_cegpa;train_cv_cegpa_up2;train_cv_cegpa_up3;train_guarani_only
common_voice_gn_34150350,train_cv_cegpa;train_cv_cegpa_up2;train_cv_cegpa_up3;train_guarani_only
common_voice_gn_34150352,train_cv_cegpa;train_cv_cegpa_up2;train_cv_cegpa_up3;train_guarani_only
common_voice_gn_34150353,train_cv_cegpa;train_cv_cegpa_up2;train_cv_cegpa_up3;train_guarani_only
common_voice_gn_34150356,train_cv_cegpa;train_cv_cegpa_up2;train_cv_cegpa_up3;train_guarani_only
common_voice_gn_34150358,train_cv_cegpa;train_cv_cegpa_up2;train_cv_cegpa_up3;train_guarani_only
common_voice_gn_34150373,train_cv_cegpa;train_cv_cegpa_up2;train_cv_cegpa_up3;train_guarani_only
common_voice_gn_34150374,train_cv_cegpa;train_cv_cegpa_up2;train_cv_cegpa_up3;train_guarani_only
common_voice_gn_34150375,train_cv_cegpa;train_cv_cegpa_up2;train_cv_cegpa_up3;train_guarani_only
common_voice_gn_34150378,train_cv_cegpa;train_cv_cegpa_up2;train_cv_cegpa_up3;train_guarani_only
common_voice_gn_34150379,train_cv_cegpa;train_cv_cegpa_up2;train_cv_cegpa_up3;train_guarani_only
common_voice_gn_34150384,train_cv_cegpa;train_cv_cegpa_up2;train_cv_cegpa_up3;train_guarani_only
common_voice_gn_34150386,dev_guarani_only
common_voice_gn_34150388,train_cv_cegpa;train_cv_cegpa_up2;train_cv_cegpa_up3;train_guarani_only
common_voice_gn_34150391,train_cv_cegpa;train_cv_cegpa_up2;train_cv_cegpa_up3;train_guarani_only
common_voice_gn_34150394,train_cv_cegpa;train_cv_cegpa_up2;train_cv_cegpa_up3;train_guarani_only
common_voice_gn_34150402,train_cv_cegpa;train_cv_cegpa_up2;train_cv_cegpa_up3;train_guarani_only
common_voice_gn_34150403,train_cv_cegpa;train_cv_cegpa_up2;train_cv_cegpa_up3;train_guarani_only
common_voice_gn_34150414,train_cv_cegpa;train_cv_cegpa_up2;train_cv_cegpa_up3;train_guarani_only
common_voice_gn_34150421,train_cv_cegpa;train_cv_cegpa_up2;train_cv_cegpa_up3;train_guarani_only
common_voice_gn_34150422,train_cv_cegpa;train_cv_cegpa_up2;train_cv_cegpa_up3;train_guarani_only
common_voice_gn_34150429,train_cv_cegpa;train_cv_cegpa_up2;train_cv_cegpa_up3;train_guarani_only
common_voice_gn_34150433,dev_guarani_only
common_voice_gn_34150434,train_cv_cegpa;train_cv_cegpa_up2;train_cv_cegpa_up3;train_guarani_only
common_voice_gn_34150437,train_cv_cegpa;train_cv_cegpa_up2;train_cv_cegpa_up3;train_guarani_only
common_voice_gn_34150450,train_cv_cegpa;train_cv_cegpa_up2;train_cv_cegpa_up3;train_guarani_only
common_voice_gn_34150465,train_cv_cegpa;train_cv_cegpa_up2;train_cv_cegpa_up3;train_guarani_only
common_voice_gn_34150485,train_cv_cegpa;train_cv_cegpa_up2;train_cv_cegpa_up3;train_guarani_only
common_voice_gn_34150508,train_cv_cegpa;train_cv_cegpa_up2;train_cv_cegpa_up3;train_guarani_only
common_voice_gn_34150511,train_cv_cegpa;train_cv_cegpa_up2;train_cv_cegpa_up3;train_guarani_only
common_voice_gn_34150555,train_cv_cegpa;train_cv_cegpa_up2;train_cv_cegpa_up3;train_guarani_only
common_voice_gn_34150576,train_cv_cegpa;train_cv_cegpa_up2;train_cv_cegpa_up3;train_guarani_only
common_voice_gn_34150587,train_cv_cegpa;train_cv_cegpa_up2;train_cv_cegpa_up3;train_guarani_only
common_voice_gn_34150602,train_cv_cegpa;train_cv_cegpa_up2;train_cv_cegpa_up3;train_guarani_only
common_voice_gn_34150611,train_cv_cegpa;train_cv_cegpa_up2;train_cv_cegpa_up3;train_guarani_only
common_voice_gn_34150612,train_cv_cegpa;train_cv_cegpa_up2;train_cv_cegpa_up3;train_guarani_only
common_voice_gn_34150613,train_cv_cegpa;train_cv_cegpa_up2;train_cv_cegpa_up3;train_guarani_only
common_voice_gn_34150623,train_cv_cegpa;train_cv_cegpa_up2;train_cv_cegpa_up3;train_guarani_only
common_voice_gn_34150625,train_cv_cegpa;train_cv_cegpa_up2;train_cv_cegpa_up3;train_guarani_only
common_voice_gn_34150636,dev_guarani_only
common_voice_gn_34150639,train_cv_cegpa;train_cv_cegpa_up2;train_cv_cegpa_up3;train_guarani_only
common_voice_gn_34150644,dev_guarani_only
common_voice_gn_34150652,train_cv_cegpa;train_cv_cegpa_up2;train_cv_cegpa_up3;train_guarani_only
common_voice_gn_34150653,train_cv_cegpa;train_cv_cegpa_up2;train_cv_cegpa_up3;train_guarani_only
common_voice_gn_34150655,train_cv_cegpa;train_cv_cegpa_up2;train_cv_cegpa_up3;train_guarani_only
common_voice_gn_34150662,train_cv_cegpa;train_cv_cegpa_up2;train_cv_cegpa_up3;train_guarani_only
common_voice_gn_34150677,train_cv_cegpa;train_cv_cegpa_up2;train_cv_cegpa_up3;train_guarani_only
common_voice_gn_34150679,dev_guarani_only
common_voice_gn_34150680,train_cv_cegpa;train_cv_cegpa_up2;train_cv_cegpa_up3;train_guarani_only
common_voice_gn_34150745,train_cv_cegpa;train_cv_cegpa_up2;train_cv_cegpa_up3;train_guarani_only
common_voice_gn_34150746,train_cv_cegpa;train_cv_cegpa_up2;train_cv_cegpa_up3;train_guarani_only
common_voice_gn_34150748,train_cv_cegpa;train_cv_cegpa_up2;train_cv_cegpa_up3;train_guarani_only
common_voice_gn_34150756,train_cv_cegpa;train_cv_cegpa_up2;train_cv_cegpa_up3;train_guarani_only
common_voice_gn_34150759,train_cv_cegpa;train_cv_cegpa_up2;train_cv_cegpa_up3;train_guarani_only
common_voice_gn_34150763,train_cv_cegpa;train_cv_cegpa_up2;train_cv_cegpa_up3;train_guarani_only
common_voice_gn_34150828,train_cv_cegpa;train_cv_cegpa_up2;train_cv_cegpa_up3;train_guarani_only
common_voice_gn_34150830,train_cv_cegpa;train_cv_cegpa_up2;train_cv_cegpa_up3;train_guarani_only
common_voice_gn_34150854,train_cv_cegpa;train_cv_cegpa_up2;train_cv_cegpa_up3;train_guarani_only
common_voice_gn_34150890,train_cv_cegpa;train_cv_cegpa_up2;train_cv_cegpa_up3;train_guarani_only
common_voice_gn_34150925,train_cv_cegpa;train_cv_cegpa_up2;train_cv_cegpa_up3;train_guarani_only
common_voice_gn_34150926,train_cv_cegpa;train_cv_cegpa_up2;train_cv_cegpa_up3;train_guarani_only
common_voice_gn_34150927,train_cv_cegpa;train_cv_cegpa_up2;train_cv_cegpa_up3;train_guarani_only
common_voice_gn_34151035,train_cv_cegpa;train_cv_cegpa_up2;train_cv_cegpa_up3;train_guarani_only
common_voice_gn_34151052,train_cv_cegpa;train_cv_cegpa_up2;train_cv_cegpa_up3;train_guarani_only
common_voice_gn_34151056,train_cv_cegpa;train_cv_cegpa_up2;train_cv_cegpa_up3;train_guarani_only
common_voice_gn_34151072,train_cv_cegpa;train_cv_cegpa_up2;train_cv_cegpa_up3;train_guarani_only
common_voice_gn_34151073,train_cv_cegpa;train_cv_cegpa_up2;train_cv_cegpa_up3;train_guarani_only
common_voice_gn_34151075,train_cv_cegpa;train_cv_cegpa_up2;train_cv_cegpa_up3;train_guarani_only
common_voice_gn_34151076,train_cv_cegpa;train_cv_cegpa_up2;train_cv_cegpa_up3;train_guarani_only
common_voice_gn_34151103,train_cv_cegpa;train_cv_cegpa_up2;train_cv_cegpa_up3;train_guarani_only
common_voice_gn_34151105,dev_guarani_only
common_voice_gn_34151117,train_cv_cegpa;train_cv_cegpa_up2;train_cv_cegpa_up3;train_guarani_only
common_voice_gn_34151118,train_cv_cegpa;train_cv_cegpa_up2;train_cv_cegpa_up3;train_guarani_only
common_voice_gn_34151120,train_cv_cegpa;train_cv_cegpa_up2;train_cv_cegpa_up3;train_guarani_only
common_voice_gn_34151141,train_cv_cegpa;train_cv_cegpa_up2;train_cv_cegpa_up3;train_guarani_only
common_voice_gn_34151173,train_cv_cegpa;train_cv_cegpa_up2;train_cv_cegpa_up3;train_guarani_only
common_voice_gn_34151174,train_cv_cegpa;train_cv_cegpa_up2;train_cv_cegpa_up3;train_guarani_only
common_voice_gn_34151190,train_cv_cegpa;train_cv_cegpa_up2;train_cv_cegpa_up3;train_guarani_only
common_voice_gn_34151193,train_cv_cegpa;train_cv_cegpa_up2;train_cv_cegpa_up3;train_guarani_only
common_voice_gn_34151220,train_cv_cegpa;train_cv_cegpa_up2;train_cv_cegpa_up3;train_guarani_only
common_voice_gn_34151221,train_cv_cegpa;train_cv_cegpa_up2;train_cv_cegpa_up3;train_guarani_only
common_voice_gn_34151223,train_cv_cegpa;train_cv_cegpa_up2;train_cv_cegpa_up3;train_guarani_only
common_voice_gn_34151383,train_cv_cegpa;train_cv_cegpa_up2;train_cv_cegpa_up3;train_guarani_only
common_voice_gn_34151418,train_cv_cegpa;train_cv_cegpa_up2;train_cv_cegpa_up3;train_guarani_only
common_voice_gn_34151422,dev_guarani_only
common_voice_gn_34151438,train_cv_cegpa;train_cv_cegpa_up2;train_cv_cegpa_up3;train_guarani_only
common_voice_gn_34151441,train_cv_cegpa;train_cv_cegpa_up2;train_cv_cegpa_up3;train_guarani_only
common_voice_gn_34151458,train_cv_cegpa;train_cv_cegpa_up2;train_cv_cegpa_up3;train_guarani_only
common_voice_gn_34151459,train_cv_cegpa;train_cv_cegpa_up2;train_cv_cegpa_up3;train_guarani_only
common_voice_gn_34151461,train_cv_cegpa;train_cv_cegpa_up2;train_cv_cegpa_up3;train_guarani_only
common_voice_gn_34151489,train_cv_cegpa;train_cv_cegpa_up2;train_cv_cegpa_up3;train_guarani_only
common_voice_gn_34151491,train_cv_cegpa;train_cv_cegpa_up2;train_cv_cegpa_up3;train_guarani_only
common_voice_gn_34151521,train_cv_cegpa;train_cv_cegpa_up2;train_cv_cegpa_up3;train_guarani_only
common_voice_gn_34151522,train_cv_cegpa;train_cv_cegpa_up2;train_cv_cegpa_up3;train_guarani_only
common_voice_gn_34151554,train_cv_cegpa;train_cv_cegpa_up2;train_cv_cegpa_up3;train_guarani_only
common_voice_gn_34151577,train_cv_cegpa;train_cv_cegpa_up2;train_cv_cegpa_up3;train_guarani_only
common_voice_gn_34151608,train_cv_cegpa;train_cv_cegpa_up2;train_cv_cegpa_up3;train_guarani_only
common_voice_gn_34151632,train_cv_cegpa;train_cv_cegpa_up2;train_cv_cegpa_up3;train_guarani_only
common_voice_gn_34151636,train_cv_cegpa;train_cv_cegpa_up2;train_cv_cegpa_up3;train_guarani_only
common_voice_gn_34151673,train_cv_cegpa;train_cv_cegpa_up2;train_cv_cegpa_up3;train_guarani_only
common_voice_gn_34151676,dev_guarani_only
common_voice_gn_34151727,train_cv_cegpa;train_cv_cegpa_up2;train_cv_cegpa_up3;train_guarani_only
common_voice_gn_34151749,train_cv_cegpa;train_cv_cegpa_up2;train_cv_cegpa_up3;train_guarani_only
common_voice_gn_34151777,train_cv_cegpa;train_cv_cegpa_up2;train_cv_cegpa_up3;train_guarani_only
common_voice_gn_34151847,train_cv_cegpa;train_cv_cegpa_up2;train_cv_cegpa_up3;train_guarani_only
common_voice_gn_34151947,train_cv_cegpa;train_cv_cegpa_up2;train_cv_cegpa_up3;train_guarani_only
common_voice_gn_34151973,train_cv_cegpa;train_cv_cegpa_up2;train_cv_cegpa_up3;train_guarani_only
common_voice_gn_34151991,train_cv_cegpa;train_cv_cegpa_up2;train_cv_cegpa_up3;train_guarani_only
common_voice_gn_34151993,train_cv_cegpa;train_cv_cegpa_up2;train_cv_cegpa_up3;train_guarani_only
common_voice_gn_34152023,train_cv_cegpa;train_cv_cegpa_up2;train_cv_cegpa_up3;train_guarani_only
common_voice_gn_34152041,train_cv_cegpa;train_cv_cegpa_up2;train_cv_cegpa_up3;train_guarani_only
common_voice_gn_34152056,dev_guarani_only
common_voice_gn_34152076,train_cv_cegpa;train_cv_cegpa_up2;train_cv_cegpa_up3;train_guarani_only
common_voice_gn_34152104,train_cv_cegpa;train_cv_cegpa_up2;train_cv_cegpa_up3;train_guarani_only
common_voice_gn_34152106,train_cv_cegpa;train_cv_cegpa_up2;train_cv_cegpa_up3;train_guarani_only
common_voice_gn_34152121,train_cv_cegpa;train_cv_cegpa_up2;train_cv_cegpa_up3;train_guarani_only
common_voice_gn_34152123,train_cv_cegpa;train_cv_cegpa_up2;train_cv_cegpa_up3;train_guarani_only
common_voice_gn_34152125,train_cv_cegpa;train_cv_cegpa_up2;train_cv_cegpa_up3;train_guarani_only
common_voice_gn_34152149,train_cv_cegpa;train_cv_cegpa_up2;train_cv_cegpa_up3;train_guarani_only
common_voice_gn_34152162,train_cv_cegpa;train_cv_cegpa_up2;train_cv_cegpa_up3;train_guarani_only
common_voice_gn_34152174,train_cv_cegpa;train_cv_cegpa_up2;train_cv_cegpa_up3;train_guarani_only
common_voice_gn_34152182,train_cv_cegpa;train_cv_cegpa_up2;train_cv_cegpa_up3;train_guarani_only
common_voice_gn_34152195,train_cv_cegpa;train_cv_cegpa_up2;train_cv_cegpa_up3;train_guarani_only
common_voice_gn_34152204,train_cv_cegpa;train_cv_cegpa_up2;train_cv_cegpa_up3;train_guarani_only
common_voice_gn_34152205,train_cv_cegpa;train_cv_cegpa_up2;train_cv_cegpa_up3;train_guarani_only
common_voice_gn_34152221,train_cv_cegpa;train_cv_cegpa_up2;train_cv_cegpa_up3;train_guarani_only
common_voice_gn_34152231,train_cv_cegpa;train_cv_cegpa_up2;train_cv_cegpa_up3;train_guarani_only
common_voice_gn_34152239,train_cv_cegpa;train_cv_cegpa_up2;train_cv_cegpa_up3;train_guarani_only
common_voice_gn_34152240,train_cv_cegpa;train_cv_cegpa_up2;train_cv_cegpa_up3;train_guarani_only
common_voice_gn_34152249,train_cv_cegpa;train_cv_cegpa_up2;train_cv_cegpa_up3;train_guarani_only
common_voice_gn_34152250,train_cv_cegpa;train_cv_cegpa_up2;train_cv_cegpa_up3;train_guarani_only
common_voice_gn_34152259,train_cv_cegpa;train_cv_cegpa_up2;train_cv_cegpa_up3;train_guarani_only
common_voice_gn_34152265,train_cv_cegpa;train_cv_cegpa_up2;train_cv_cegpa_up3;train_guarani_only
common_voice_gn_34152268,train_cv_cegpa;train_cv_cegpa_up2;train_cv_cegpa_up3;train_guarani_only
common_voice_gn_34152269,train_cv_cegpa;train_cv_cegpa_up2;train_cv_cegpa_up3;train_guarani_only
common_voice_gn_34152285,train_cv_cegpa;train_cv_cegpa_up2;train_cv_cegpa_up3;train_guarani_only
common_voice_gn_34152290,train_cv_cegpa;train_cv_cegpa_up2;train_cv_cegpa_up3;train_guarani_only
common_voice_gn_34152301,train_cv_cegpa;train_cv_cegpa_up2;train_cv_cegpa_up3;train_guarani_only
common_voice_gn_34152302,train_cv_cegpa;train_cv_cegpa_up2;train_cv_cegpa_up3;train_guarani_only
common_voice_gn_34152306,train_cv_cegpa;train_cv_cegpa_up2;train_cv_cegpa_up3;train_guarani_only
common_voice_gn_34152307,train_cv_cegpa;train_cv_cegpa_up2;train_cv_cegpa_up3;train_guarani_only
common_voice_gn_34152308,train_cv_cegpa;train_cv_cegpa_up2;train_cv_cegpa_up3;train_guarani_only
common_voice_gn_34152317,dev_guarani_only
common_voice_gn_34152318,train_cv_cegpa;train_cv_cegpa_up2;train_cv_cegpa_up3;train_guarani_only
common_voice_gn_34152325,train_cv_cegpa;train_cv_cegpa_up2;train_cv_cegpa_up3;train_guarani_only
common_voice_gn_34152328,train_cv_cegpa;train_cv_cegpa_up2;train_cv_cegpa_up3;train_guarani_only
common_voice_gn_34152360,train_cv_cegpa;train_cv_cegpa_up2;train_cv_cegpa_up3;train_guarani_only
common_voice_gn_34152362,train_cv_cegpa;train_cv_cegpa_up2;train_cv_cegpa_up3;train_guarani_only
common_voice_gn_34152364,train_cv_cegpa;train_cv_cegpa_up2;train_cv_cegpa_up3;train_guarani_only
common_voice_gn_34152365,train_cv_cegpa;train_cv_cegpa_up2;train_cv_cegpa_up3;train_guarani_only
common_voice_gn_34152389,train_cv_cegpa;train_cv_cegpa_up2;train_cv_cegpa_up3;train_guarani_only
common_voice_gn_34152406,train_cv_cegpa;train_cv_cegpa_up2;train_cv_cegpa_up3;train_guarani_only
common_voice_gn_34152419,train_cv_cegpa;train_cv_cegpa_up2;train_cv_cegpa_up3;train_guarani_only
common_voice_gn_34152432,dev_guarani_only
common_voice_gn_34152435,train_cv_cegpa;train_cv_cegpa_up2;train_cv_cegpa_up3;train_guarani_only
common_voice_gn_34152436,train_cv_cegpa;train_cv_cegpa_up2;train_cv_cegpa_up3;train_guarani_only
common_voice_gn_34152437,train_cv_cegpa;train_cv_cegpa_up2;train_cv_cegpa_up3;train_guarani_only
common_voice_gn_34152448,train_cv_cegpa;train_cv_cegpa_up2;train_cv_cegpa_up3;train_guarani_only
common_voice_gn_34152452,train_cv_cegpa;train_cv_cegpa_up2;train_cv_cegpa_up3;train_guarani_only
common_voice_gn_34152454,train_cv_cegpa;train_cv_cegpa_up2;train_cv_cegpa_up3;train_guarani_only
common_voice_gn_34152472,dev_guarani_only
common_voice_gn_34152481,train_cv_cegpa;train_cv_cegpa_up2;train_cv_cegpa_up3;train_guarani_only
common_voice_gn_34152483,train_cv_cegpa;train_cv_cegpa_up2;train_cv_cegpa_up3;train_guarani_only
common_voice_gn_34152486,train_cv_cegpa;train_cv_cegpa_up2;train_cv_cegpa_up3;train_guarani_only
common_voice_gn_34152488,dev_guarani_only
common_voice_gn_34152490,train_cv_cegpa;train_cv_cegpa_up2;train_cv_cegpa_up3;train_guarani_only
common_voice_gn_34152504,train_cv_cegpa;train_cv_cegpa_up2;train_cv_cegpa_up3;train_guarani_only
common_voice_gn_34152506,train_cv_cegpa;train_cv_cegpa_up2;train_cv_cegpa_up3;train_guarani_only
common_voice_gn_34152514,train_cv_cegpa;train_cv_cegpa_up2;train_cv_cegpa_up3;train_guarani_only
common_voice_gn_34152529,train_cv_cegpa;train_cv_cegpa_up2;train_cv_cegpa_up3;train_guarani_only
common_voice_gn_34152532,train_cv_cegpa;train_cv_cegpa_up2;train_cv_cegpa_up3;train_guarani_only
common_voice_gn_34152542,train_cv_cegpa;train_cv_cegpa_up2;train_cv_cegpa_up3;train_guarani_only
common_voice_gn_34152544,train_cv_cegpa;train_cv_cegpa_up2;train_cv_cegpa_up3;train_guarani_only
common_voice_gn_34152647,train_cv_cegpa;train_cv_cegpa_up2;train_cv_cegpa_up3;train_guarani_only
common_voice_gn_34152653,train_cv_cegpa;train_cv_cegpa_up2;train_cv_cegpa_up3;train_guarani_only
common_voice_gn_34152657,train_cv_cegpa;train_cv_cegpa_up2;train_cv_cegpa_up3;train_guarani_only
common_voice_gn_34152668,dev_guarani_only
common_voice_gn_34152669,train_cv_cegpa;train_cv_cegpa_up2;train_cv_cegpa_up3;train_guarani_only
common_voice_gn_34152672,train_cv_cegpa;train_cv_cegpa_up2;train_cv_cegpa_up3;train_guarani_only
common_voice_gn_34152678,train_cv_cegpa;train_cv_cegpa_up2;train_cv_cegpa_up3;train_guarani_only
common_voice_gn_34152680,train_cv_cegpa;train_cv_cegpa_up2;train_cv_cegpa_up3;train_guarani_only
common_voice_gn_34152681,train_cv_cegpa;train_cv_cegpa_up2;train_cv_cegpa_up3;train_guarani_only
common_voice_gn_34152688,train_cv_cegpa;train_cv_cegpa_up2;train_cv_cegpa_up3;train_guarani_only
common_voice_gn_34152689,train_cv_cegpa;train_cv_cegpa_up2;train_cv_cegpa_up3;train_guarani_only
common_voice_gn_34152690,train_cv_cegpa;train_cv_cegpa_up2;train_cv_cegpa_up3;train_guarani_only
common_voice_gn_34152728,train_cv_cegpa;train_cv_cegpa_up2;train_cv_cegpa_up3;train_guarani_only
common_voice_gn_34152729,train_cv_cegpa;train_cv_cegpa_up2;train_cv_cegpa_up3;train_guarani_only
common_voice_gn_34152731,train_cv_cegpa;train_cv_cegpa_up2;train_cv_cegpa_up3;train_guarani_only
common_voice_gn_34152747,train_cv_cegpa;train_cv_cegpa_up2;train_cv_cegpa_up3;train_guarani_only
common_voice_gn_34152757,train_cv_cegpa;train_cv_cegpa_up2;train_cv_cegpa_up3;train_guarani_only
common_voice_gn_34152759,train_cv_cegpa;train_cv_cegpa_up2;train_cv_cegpa_up3;train_guarani_only
common_voice_gn_34152775,train_cv_cegpa;train_cv_cegpa_up2;train_cv_cegpa_up3;train_guarani_only
common_voice_gn_34152785,train_cv_cegpa;train_cv_cegpa_up2;train_cv_cegpa_up3;train_guarani_only
common_voice_gn_34152787,train_cv_cegpa;train_cv_cegpa_up2;train_cv_cegpa_up3;train_guarani_only
common_voice_gn_34152790,dev_guarani_only
common_voice_gn_34152837,train_cv_cegpa;train_cv_cegpa_up2;train_cv_cegpa_up3;train_guarani_only
common_voice_gn_34152865,dev_guarani_only
common_voice_gn_34152866,train_cv_cegpa;train_cv_cegpa_up2;train_cv_cegpa_up3;train_guarani_only
common_voice_gn_34152872,train_cv_cegpa;train_cv_cegpa_up2;train_cv_cegpa_up3;train_guarani_only
common_voice_gn_34152875,train_cv_cegpa;train_cv_cegpa_up2;train_cv_cegpa_up3;train_guarani_only
common_voice_gn_34152896,train_cv_cegpa;train_cv_cegpa_up2;train_cv_cegpa_up3;train_guarani_only
common_voice_gn_34152901,train_cv_cegpa;train_cv_cegpa_up2;train_cv_cegpa_up3;train_guarani_only
common_voice_gn_34152905,dev_guarani_only
common_voice_gn_34152907,train_cv_cegpa;train_cv_cegpa_up2;train_cv_cegpa_up3;train_guarani_only
common_voice_gn_34152934,train_cv_cegpa;train_cv_cegpa_up2;train_cv_cegpa_up3;train_guarani_only
common_voice_gn_34152943,train_cv_cegpa;train_cv_cegpa_up2;train_cv_cegpa_up3;train_guarani_only
common_voice_gn_34152944,train_cv_cegpa;train_cv_cegpa_up2;train_cv_cegpa_up3;train_guarani_only
common_voice_gn_34152955,train_cv_cegpa;train_cv_cegpa_up2;train_cv_cegpa_up3;train_guarani_only
common_voice_gn_34152976,train_cv_cegpa;train_cv_cegpa_up2;train_cv_cegpa_up3;train_guarani_only
common_voice_gn_34152987,train_cv_cegpa;train_cv_cegpa_up2;train_cv_cegpa_up3;train_guarani_only
common_voice_gn_34153003,train_cv_cegpa;train_cv_cegpa_up2;train_cv_cegpa_up3;train_guarani_only
common_voice_gn_34153005,train_cv_cegpa;train_cv_cegpa_up2;train_cv_cegpa_up3;train_guarani_only
common_voice_gn_34153006,train_cv_cegpa;train_cv_cegpa_up2;train_cv_cegpa_up3;train_guarani_only
common_voice_gn_34153017,train_cv_cegpa;train_cv_cegpa_up2;train_cv_cegpa_up3;train_guarani_only
common_voice_gn_34153030,train_cv_cegpa;train_cv_cegpa_up2;train_cv_cegpa_up3;train_guarani_only
common_voice_gn_34153031,dev_guarani_only
common_voice_gn_34153044,train_cv_cegpa;train_cv_cegpa_up2;train_cv_cegpa_up3;train_guarani_only
common_voice_gn_34153050,train_cv_cegpa;train_cv_cegpa_up2;train_cv_cegpa_up3;train_guarani_only
common_voice_gn_34153054,train_cv_cegpa;train_cv_cegpa_up2;train_cv_cegpa_up3;train_guarani_only
common_voice_gn_34153075,train_cv_cegpa;train_cv_cegpa_up2;train_cv_cegpa_up3;train_guarani_only
common_voice_gn_34153083,train_cv_cegpa;train_cv_cegpa_up2;train_cv_cegpa_up3;train_guarani_only
common_voice_gn_34153085,train_cv_cegpa;train_cv_cegpa_up2;train_cv_cegpa_up3;train_guarani_only
common_voice_gn_34153106,train_cv_cegpa;train_cv_cegpa_up2;train_cv_cegpa_up3;train_guarani_only
common_voice_gn_34153147,train_cv_cegpa;train_cv_cegpa_up2;train_cv_cegpa_up3;train_guarani_only
common_voice_gn_34153157,train_cv_cegpa;train_cv_cegpa_up2;train_cv_cegpa_up3;train_guarani_only
common_voice_gn_34153177,train_cv_cegpa;train_cv_cegpa_up2;train_cv_cegpa_up3;train_guarani_only
common_voice_gn_34153188,train_cv_cegpa;train_cv_cegpa_up2;train_cv_cegpa_up3;train_guarani_only
common_voice_gn_34153202,train_cv_cegpa;train_cv_cegpa_up2;train_cv_cegpa_up3;train_guarani_only
common_voice_gn_34153216,train_cv_cegpa;train_cv_cegpa_up2;train_cv_cegpa_up3;train_guarani_only
common_voice_gn_34153217,train_cv_cegpa;train_cv_cegpa_up2;train_cv_cegpa_up3;train_guarani_only
common_voice_gn_34153220,train_cv_cegpa;train_cv_cegpa_up2;train_cv_cegpa_up3;train_guarani_only
common_voice_gn_34153252,train_cv_cegpa;train_cv_cegpa_up2;train_cv_cegpa_up3;train_guarani_only
common_voice_gn_34153260,train_cv_cegpa;train_cv_cegpa_up2;train_cv_cegpa_up3;train_guarani_only
common_voice_gn_34153283,train_cv_cegpa;train_cv_cegpa_up2;train_cv_cegpa_up3;train_guarani_only
common_voice_gn_34153290,train_cv_cegpa;train_cv_cegpa_up2;train_cv_cegpa_up3;train_guarani_only
common_voice_gn_34153297,train_cv_cegpa;train_cv_cegpa_up2;train_cv_cegpa_up3;train_guarani_only
common_voice_gn_34153300,train_cv_cegpa;train_cv_cegpa_up2;train_cv_cegpa_up3;train_guarani_only
common_voice_gn_34153306,train_cv_cegpa;train_cv_cegpa_up2;train_cv_cegpa_up3;train_guarani_only
common_voice_gn_34153314,train_cv_cegpa;train_cv_cegpa_up2;train_cv_cegpa_up3;train_guarani_only
common_voice_gn_34153315,train_cv_cegpa;train_cv_cegpa_up2;train_cv_cegpa_up3;train_guarani_only
common_voice_gn_34153318,train_cv_cegpa;train_cv_cegpa_up2;train_cv_cegpa_up3;train_guarani_only
common_voice_gn_34153320,train_cv_cegpa;train_cv_cegpa_up2;train_cv_cegpa_up3;train_guarani_only
common_voice_gn_34153355,train_cv_cegpa;train_cv_cegpa_up2;train_cv_cegpa_up3;train_guarani_only
common_voice_gn_34153365,train_cv_cegpa;train_cv_cegpa_up2;train_cv_cegpa_up3;train_guarani_only
common_voice_gn_34153368,train_cv_cegpa;train_cv_cegpa_up2;train_cv_cegpa_up3;train_guarani_only
common_voice_gn_34153370,train_cv_cegpa;train_cv_cegpa_up2;train_cv_cegpa_up3;train_guarani_only
common_voice_gn_34153382,train_cv_cegpa;train_cv_cegpa_up2;train_cv_cegpa_up3;train_guarani_only
common_voice_gn_34153384,train_cv_cegpa;train_cv_cegpa_up2;train_cv_cegpa_up3;train_guarani_only
common_voice_gn_34153408,train_cv_cegpa;train_cv_cegpa_up2;train_cv_cegpa_up3;train_guarani_only
common_voice_gn_34153423,train_cv_cegpa;train_cv_cegpa_up2;train_cv_cegpa_up3;train_guarani_only
common_voice_gn_34153430,train_cv_cegpa;train_cv_cegpa_up2;train_cv_cegpa_up3;train_guarani_only
common_voice_gn_34153431,train_cv_cegpa;train_cv_cegpa_up2;train_cv_cegpa_up3;train_guarani_only
common_voice_gn_34153445,train_cv_cegpa;train_cv_cegpa_up2;train_cv_cegpa_up3;train_guarani_only
common_voice_gn_34153449,train_cv_cegpa;train_cv_cegpa_up2;train_cv_cegpa_up3;train_guarani_only
common_voice_gn_34228841,train_cv_cegpa;train_cv_cegpa_up2;train_cv_cegpa_up3;train_guarani_only
common_voice_gn_34229121,train_cv_cegpa;train_cv_cegpa_up2;train_cv_cegpa_up3;train_guarani_only
common_voice_gn_34229138,train_cv_cegpa;train_cv_cegpa_up2;train_cv_cegpa_up3;train_guarani_only
common_voice_gn_34229140,train_cv_cegpa;train_cv_cegpa_up2;train_cv_cegpa_up3;train_guarani_only
common_voice_gn_34229222,train_cv_cegpa;train_cv_cegpa_up2;train_cv_cegpa_up3;train_guarani_only
common_voice_gn_34229223,train_cv_cegpa;train_cv_cegpa_up2;train_cv_cegpa_up3;train_guarani_only
common_voice_gn_34291022,train_cv_cegpa;train_cv_cegpa_up2;train_cv_cegpa_up3;train_guarani_only
common_voice_gn_34291028,train_cv_cegpa;train_cv_cegpa_up2;train_cv_cegpa_up3;train_guarani_only
common_voice_gn_34291189,train_cv_cegpa;train_cv_cegpa_up2;train_cv_cegpa_up3;train_guarani_only
common_voice_gn_34291491,train_cv_cegpa;train_cv_cegpa_up2;train_cv_cegpa_up3;train_guarani_only
common_voice_gn_34291614,train_cv_cegpa;train_cv_cegpa_up2;train_cv_cegpa_up3;train_guarani_only
common_voice_gn_34291694,dev_guarani_only
common_voice_gn_34291725,train_cv_cegpa;train_cv_cegpa_up2;train_cv_cegpa_up3;train_guarani_only
common_voice_gn_34291766,train_cv_cegpa;train_cv_cegpa_up2;train_cv_cegpa_up3;train_guarani_only
common_voice_gn_34296787,train_cv_cegpa;train_cv_cegpa_up2;train_cv_cegpa_up3;train_guarani_only
common_voice_gn_34296918,train_cv_cegpa;train_cv_cegpa_up2;train_cv_cegpa_up3;train_guarani_only
common_voice_gn_34296956,train_cv_cegpa;train_cv_cegpa_up2;train_cv_cegpa_up3;train_guarani_only
common_voice_gn_34296990,train_cv_cegpa;train_cv_cegpa_up2;train_cv_cegpa_up3;train_guarani_only
common_voice_gn_34297040,train_cv_cegpa;train_cv_cegpa_up2;train_cv_cegpa_up3;train_guarani_only
common_voice_gn_34297043,dev_guarani_only
common_voice_gn_34297183,train_cv_cegpa;train_cv_cegpa_up2;train_cv_cegpa_up3;train_guarani_only
common_voice_gn_34297185,train_cv_cegpa;train_cv_cegpa_up2;train_cv_cegpa_up3;train_guarani_only
common_voice_gn_34352260,train_cv_cegpa;train_cv_cegpa_up2;train_cv_cegpa_up3;train_guarani_only
common_voice_gn_34352348,train_cv_cegpa;train_cv_cegpa_up2;train_cv_cegpa_up3;train_guarani_only
common_voice_gn_34352353,train_cv_cegpa;train_cv_cegpa_up2;train_cv_cegpa_up3;train_guarani_only
common_voice_gn_34352416,train_cv_cegpa;train_cv_cegpa_up2;train_cv_cegpa_up3;train_guarani_only
common_voice_gn_34352486,dev_guarani_only
common_voice_gn_34352553,train_cv_cegpa;train_cv_cegpa_up2;train_cv_cegpa_up3;train_guarani_only
common_voice_gn_34352628,train_cv_cegpa;train_cv_cegpa_up2;train_cv_cegpa_up3;train_guarani_only
common_voice_gn_34352630,train_cv_cegpa;train_cv_cegpa_up2;train_cv_cegpa_up3;train_guarani_only
common_voice_gn_34352632,train_cv_cegpa;train_cv_cegpa_up2;train_cv_cegpa_up3;train_guarani_only
common_voice_gn_34352726,train_cv_cegpa;train_cv_cegpa_up2;train_cv_cegpa_up3;train_guarani_only
common_voice_gn_34352783,train_cv_cegpa;train_cv_cegpa_up2;train_cv_cegpa_up3;train_guarani_only
common_voice_gn_34352894,train_cv_cegpa;train_cv_cegpa_up2;train_cv_cegpa_up3;train_guarani_only
common_voice_gn_34352973,train_cv_cegpa;train_cv_cegpa_up2;train_cv_cegpa_up3;train_guarani_only
common_voice_gn_34352974,train_cv_cegpa;train_cv_cegpa_up2;train_cv_cegpa_up3;train_guarani_only
common_voice_gn_34352979,train_cv_cegpa;train_cv_cegpa_up2;train_cv_cegpa_up3;train_guarani_only
common_voice_gn_34353093,dev_guarani_only
common_voice_gn_34353165,train_cv_cegpa;train_cv_cegpa_up2;train_cv_cegpa_up3;train_guarani_only
common_voice_gn_34353168,train_cv_cegpa;train_cv_cegpa_up2;train_cv_cegpa_up3;train_guarani_only
common_voice_gn_34353169,dev_guarani_only
common_voice_gn_34353252,train_cv_cegpa;train_cv_cegpa_up2;train_cv_cegpa_up3;train_guarani_only
common_voice_gn_34353317,train_cv_cegpa;train_cv_cegpa_up2;train_cv_cegpa_up3;train_guarani_only
common_voice_gn_34353321,train_cv_cegpa;train_cv_cegpa_up2;train_cv_cegpa_up3;train_guarani_only
common_voice_gn_34353324,train_cv_cegpa;train_cv_cegpa_up2;train_cv_cegpa_up3;train_guarani_only
common_voice_gn_34353456,dev_guarani_only
common_voice_gn_34353516,train_cv_cegpa;train_cv_cegpa_up2;train_cv_cegpa_up3;train_guarani_only
common_voice_gn_34385779,train_cv_cegpa;train_cv_cegpa_up2;train_cv_cegpa_up3;train_guarani_only
common_voice_gn_34385783,train_cv_cegpa;train_cv_cegpa_up2;train_cv_cegpa_up3;train_guarani_only
common_voice_gn_34385797,train_cv_cegpa;train_cv_cegpa_up2;train_cv_cegpa_up3;train_guarani_only
common_voice_gn_34385830,train_cv_cegpa;train_cv_cegpa_up2;train_cv_cegpa_up3;train_guarani_only
common_voice_gn_34385855,train_cv_cegpa;train_cv_cegpa_up2;train_cv_cegpa_up3;train_guarani_only
common_voice_gn_34385859,train_cv_cegpa;train_cv_cegpa_up2;train_cv_cegpa_up3;train_guarani_only
common_voice_gn_34393892,dev_guarani_only
common_voice_gn_34393906,train_cv_cegpa;train_cv_cegpa_up2;train_cv_cegpa_up3;train_guarani_only
common_voice_gn_34393908,train_cv_cegpa;train_cv_cegpa_up2;train_cv_cegpa_up3;train_guarani_only
common_voice_gn_34393910,train_cv_cegpa;train_cv_cegpa_up2;train_cv_cegpa_up3;train_guarani_only
common_voice_gn_34393925,train_cv_cegpa;train_cv_cegpa_up2;train_cv_cegpa_up3;train_guarani_only
common_voice_gn_34393926,train_cv_cegpa;train_cv_cegpa_up2;train_cv_cegpa_up3;train_guarani_only
common_voice_gn_34393928,dev_guarani_only
common_voice_gn_34393930,train_cv_cegpa;train_cv_cegpa_up2;train_cv_cegpa_up3;train_guarani_only
common_voice_gn_34393944,train_cv_cegpa;train_cv_cegpa_up2;train_cv_cegpa_up3;train_guarani_only
common_voice_gn_34393947,train_cv_cegpa;train_cv_cegpa_up2;train_cv_cegpa_up3;train_guarani_only
common_voice_gn_34393959,train_cv_cegpa;train_cv_cegpa_up2;train_cv_cegpa_up3;train_guarani_only
common_voice_gn_34393971,train_cv_cegpa;train_cv_cegpa_up2;train_cv_cegpa_up3;train_guarani_only
common_voice_gn_34393995,train_cv_cegpa;train_cv_cegpa_up2;train_cv_cegpa_up3;train_guarani_only
common_voice_gn_34393997,train_cv_cegpa;train_cv_cegpa_up2;train_cv_cegpa_up3;train_guarani_only
common_voice_gn_34394044,train_cv_cegpa;train_cv_cegpa_up2;train_cv_cegpa_up3;train_guarani_only
common_voice_gn_34394072,train_cv_cegpa;train_cv_cegpa_up2;train_cv_cegpa_up3;train_guarani_only
common_voice_gn_34394076,train_cv_cegpa;train_cv_cegpa_up2;train_cv_cegpa_up3;train_guarani_only
common_voice_gn_34394100,train_cv_cegpa;train_cv_cegpa_up2;train_cv_cegpa_up3;train_guarani_only
common_voice_gn_34394101,train_cv_cegpa;train_cv_cegpa_up2;train_cv_cegpa_up3;train_guarani_only
common_voice_gn_34394159,train_cv_cegpa;train_cv_cegpa_up2;train_cv_cegpa_up3;train_guarani_only
common_voice_gn_34394221,dev_guarani_only
common_voice_gn_34394223,train_cv_cegpa;train_cv_cegpa_up2;train_cv_cegpa_up3;train_guarani_only
common_voice_gn_34394257,train_cv_cegpa;train_cv_cegpa_up2;train_cv_cegpa_up3;train_guarani_only
common_voice_gn_34394337,train_cv_cegpa;train_cv_cegpa_up2;train_cv_cegpa_up3;train_guarani_only
common_voice_gn_34394359,train_cv_cegpa;train_cv_cegpa_up2;train_cv_cegpa_up3;train_guarani_only
common_voice_gn_34394399,train_cv_cegpa;train_cv_cegpa_up2;train_cv_cegpa_up3;train_guarani_only
common_voice_gn_34394401,train_cv_cegpa;train_cv_cegpa_up2;train_cv_cegpa_up3;train_guarani_only
common_voice_gn_34394535,train_cv_cegpa;train_cv_cegpa_up2;train_cv_cegpa_up3;train_guarani_only
common_voice_gn_34394537,train_cv_cegpa;train_cv_cegpa_up2;train_cv_cegpa_up3;train_guarani_only
common_voice_gn_34394560,train_cv_cegpa;train_cv_cegpa_up2;train_cv_cegpa_up3;train_guarani_only
common_voice_gn_34394561,dev_guarani_only
common_voice_gn_34394597,train_cv_cegpa;train_cv_cegpa_up2;train_cv_cegpa_up3;train_guarani_only
common_voice_gn_34394650,train_cv_cegpa;train_cv_cegpa_up2;train_cv_cegpa_up3;train_guarani_only
common_voice_gn_34394690,dev_guarani_only
common_voice_gn_34394755,train_cv_cegpa;train_cv_cegpa_up2;train_cv_cegpa_up3;train_guarani_only
common_voice_gn_34394756,train_cv_cegpa;train_cv_cegpa_up2;train_cv_cegpa_up3;train_guarani_only
common_voice_gn_34394759,dev_guarani_only
common_voice_gn_34394789,train_cv_cegpa;train_cv_cegpa_up2;train_cv_cegpa_up3;train_guarani_only
common_voice_gn_34394819,train_cv_cegpa;train_cv_cegpa_up2;train_cv_cegpa_up3;train_guarani_only
common_voice_gn_34394854,train_cv_cegpa;train_cv_cegpa_up2;train_cv_cegpa_up3;train_guarani_only
common_voice_gn_34394856,train_cv_cegpa;train_cv_cegpa_up2;train_cv_cegpa_up3;train_guarani_only
common_voice_gn_34394876,train_cv_cegpa;train_cv_cegpa_up2;train_cv_cegpa_up3;train_guarani_only
common_voice_gn_34394878,train_cv_cegpa;train_cv_cegpa_up2;train_cv_cegpa_up3;train_guarani_only
common_voice_gn_34394889,train_cv_cegpa;train_cv_cegpa_up2;train_cv_cegpa_up3;train_guarani_only
common_voice_gn_34500018,train_cv_cegpa;train_cv_cegpa_up2;train_cv_cegpa_up3;train_guarani_only
common_voice_gn_34502816,train_cv_cegpa;train_cv_cegpa_up2;train_cv_cegpa_up3;train_guarani_only
common_voice_gn_34502819,train_cv_cegpa;train_cv_cegpa_up2;train_cv_cegpa_up3;train_guarani_only
common_voice_gn_34502834,train_cv_cegpa;train_cv_cegpa_up2;train_cv_cegpa_up3;train_guarani_only
common_voice_gn_34502838,train_cv_cegpa;train_cv_cegpa_up2;train_cv_cegpa_up3;train_guarani_only
common_voice_gn_34502873,dev_guarani_only
common_voice_gn_34502875,train_cv_cegpa;train_cv_cegpa_up2;train_cv_cegpa_up3;train_guarani_only
common_voice_gn_34502974,train_cv_cegpa;train_cv_cegpa_up2;train_cv_cegpa_up3;train_guarani_only
common_voice_gn_34540679,train_cv_cegpa;train_cv_cegpa_up2;train_cv_cegpa_up3;train_guarani_only
common_voice_gn_34540681,train_cv_cegpa;train_cv_cegpa_up2;train_cv_cegpa_up3;train_guarani_only
common_voice_gn_34540838,train_cv_cegpa;train_cv_cegpa_up2;train_cv_cegpa_up3;train_guarani_only
common_voice_gn_34542365,dev_guarani_only
common_voice_gn_34542617,train_cv_cegpa;train_cv_cegpa_up2;train_cv_cegpa_up3;train_guarani_only
common_voice_gn_34542762,train_cv_cegpa;train_cv_cegpa_up2;train_cv_cegpa_up3;train_guarani_only
common_voice_gn_34542833,dev_guarani_only
common_voice_gn_34542835,train_cv_cegpa;train_cv_cegpa_up2;train_cv_cegpa_up3;train_guarani_only
common_voice_gn_34584800,train_cv_cegpa;train_cv_cegpa_up2;train_cv_cegpa_up3;train_guarani_only
common_voice_gn_34907869,dev_guarani_only
common_voice_gn_34915033,train_cv_cegpa;train_cv_cegpa_up2;train_cv_cegpa_up3;train_guarani_only
common_voice_gn_34915047,train_cv_cegpa;train_cv_cegpa_up2;train_cv_cegpa_up3;train_guarani_only
common_voice_gn_34915070,train_cv_cegpa;train_cv_cegpa_up2;train_cv_cegpa_up3;train_guarani_only
common_voice_gn_34915073,train_cv_cegpa;train_cv_cegpa_up2;train_cv_cegpa_up3;train_guarani_only
common_voice_gn_34915085,train_cv_cegpa;train_cv_cegpa_up2;train_cv_cegpa_up3;train_guarani_only
common_voice_gn_34915087,train_cv_cegpa;train_cv_cegpa_up2;train_cv_cegpa_up3;train_guarani_only
common_voice_gn_34915095,train_cv_cegpa;train_cv_cegpa_up2;train_cv_cegpa_up3;train_guarani_only
common_voice_gn_34915105,train_cv_cegpa;train_cv_cegpa_up2;train_cv_cegpa_up3;train_guarani_only
common_voice_gn_34915122,train_cv_cegpa;train_cv_cegpa_up2;train_cv_cegpa_up3;train_guarani_only
common_voice_gn_34915126,train_cv_cegpa;train_cv_cegpa_up2;train_cv_cegpa_up3;train_guarani_only
common_voice_gn_34915144,train_cv_cegpa;train_cv_cegpa_up2;train_cv_cegpa_up3;train_guarani_only
common_voice_gn_34915358,train_cv_cegpa;train_cv_cegpa_up2;train_cv_cegpa_up3;train_guarani_only
common_voice_gn_34915368,train_cv_cegpa;train_cv_cegpa_up2;train_cv_cegpa_up3;train_guarani_only
common_voice_gn_34915374,train_cv_cegpa;train_cv_cegpa_up2;train_cv_cegpa_up3;train_guarani_only
common_voice_gn_34915378,train_cv_cegpa;train_cv_cegpa_up2;train_cv_cegpa_up3;train_guarani_only
common_voice_gn_34970169,dev_guarani_only
common_voice_gn_35256838,train_cv_cegpa;train_cv_cegpa_up2;train_cv_cegpa_up3;train_guarani_only
common_voice_gn_35256839,train_cv_cegpa;train_cv_cegpa_up2;train_cv_cegpa_up3;train_guarani_only
common_voice_gn_35262929,train_cv_cegpa;train_cv_cegpa_up2;train_cv_cegpa_up3;train_guarani_only
common_voice_gn_35262943,train_cv_cegpa;train_cv_cegpa_up2;train_cv_cegpa_up3;train_guarani_only
common_voice_gn_35263021,dev_guarani_only
common_voice_gn_35263030,train_cv_cegpa;train_cv_cegpa_up2;train_cv_cegpa_up3;train_guarani_only
common_voice_gn_35263031,train_cv_cegpa;train_cv_cegpa_up2;train_cv_cegpa_up3;train_guarani_only
common_voice_gn_35302222,train_cv_cegpa;train_cv_cegpa_up2;train_cv_cegpa_up3;train_guarani_only
common_voice_gn_35311064,train_cv_cegpa;train_cv_cegpa_up2;train_cv_cegpa_up3;train_guarani_only
common_voice_gn_35311066,train_cv_cegpa;train_cv_cegpa_up2;train_cv_cegpa_up3;train_guarani_only
common_voice_gn_35311085,train_cv_cegpa;train_cv_cegpa_up2;train_cv_cegpa_up3;train_guarani_only
common_voice_gn_35322468,train_cv_cegpa;train_cv_cegpa_up2;train_cv_cegpa_up3;train_guarani_only
common_voice_gn_35346491,train_cv_cegpa;train_cv_cegpa_up2;train_cv_cegpa_up3;train_guarani_only
common_voice_gn_35346546,train_cv_cegpa;train_cv_cegpa_up2;train_cv_cegpa_up3;train_guarani_only
common_voice_gn_35349266,train_cv_cegpa;train_cv_cegpa_up2;train_cv_cegpa_up3;train_guarani_only
common_voice_gn_35377727,train_cv_cegpa;train_cv_cegpa_up2;train_cv_cegpa_up3;train_guarani_only
common_voice_gn_35411670,train_cv_cegpa;train_cv_cegpa_up2;train_cv_cegpa_up3;train_guarani_only
common_voice_gn_35419006,train_cv_cegpa;train_cv_cegpa_up2;train_cv_cegpa_up3;train_guarani_only
common_voice_gn_35431630,train_cv_cegpa;train_cv_cegpa_up2;train_cv_cegpa_up3;train_guarani_only
common_voice_gn_35431633,train_cv_cegpa;train_cv_cegpa_up2;train_cv_cegpa_up3;train_guarani_only
common_voice_gn_35431666,train_cv_cegpa;train_cv_cegpa_up2;train_cv_cegpa_up3;train_guarani_only
common_voice_gn_35431699,train_cv_cegpa;train_cv_cegpa_up2;train_cv_cegpa_up3;train_guarani_only
common_voice_gn_35431747,train_cv_cegpa;train_cv_cegpa_up2;train_cv_cegpa_up3;train_guarani_only
common_voice_gn_35431789,train_cv_cegpa;train_cv_cegpa_up2;train_cv_cegpa_up3;train_guarani_only
common_voice_gn_35431964,train_cv_cegpa;train_cv_cegpa_up2;train_cv_cegpa_up3;train_guarani_only
common_voice_gn_35432063,train_cv_cegpa;train_cv_cegpa_up2;train_cv_cegpa_up3;train_guarani_only
common_voice_gn_35432117,train_cv_cegpa;train_cv_cegpa_up2;train_cv_cegpa_up3;train_guarani_only
common_voice_gn_35432153,train_cv_cegpa;train_cv_cegpa_up2;train_cv_cegpa_up3;train_guarani_only
common_voice_gn_35432154,train_cv_cegpa;train_cv_cegpa_up2;train_cv_cegpa_up3;train_guarani_only
common_voice_gn_35432196,train_cv_cegpa;train_cv_cegpa_up2;train_cv_cegpa_up3;train_guarani_only
common_voice_gn_35432249,dev_guarani_only
common_voice_gn_35432629,train_cv_cegpa;train_cv_cegpa_up2;train_cv_cegpa_up3;train_guarani_only
common_voice_gn_35432652,train_cv_cegpa;train_cv_cegpa_up2;train_cv_cegpa_up3;train_guarani_only
common_voice_gn_35432671,train_cv_cegpa;train_cv_cegpa_up2;train_cv_cegpa_up3;train_guarani_only
common_voice_gn_35432729,train_cv_cegpa;train_cv_cegpa_up2;train_cv_cegpa_up3;train_guarani_only
common_voice_gn_35433074,train_cv_cegpa;train_cv_cegpa_up2;train_cv_cegpa_up3;train_guarani_only
common_voice_gn_35433249,train_cv_cegpa;train_cv_cegpa_up2;train_cv_cegpa_up3;train_guarani_only
common_voice_gn_35433261,train_cv_cegpa;train_cv_cegpa_up2;train_cv_cegpa_up3;train_guarani_only
common_voice_gn_35433462,train_cv_cegpa;train_cv_cegpa_up2;train_cv_cegpa_up3;train_guarani_only
common_voice_gn_35433508,train_cv_cegpa;train_cv_cegpa_up2;train_cv_cegpa_up3;train_guarani_only
common_voice_gn_35443734,train_cv_cegpa;train_cv_cegpa_up2;train_cv_cegpa_up3;train_guarani_only
common_voice_gn_35443789,train_cv_cegpa;train_cv_cegpa_up2;train_cv_cegpa_up3;train_guarani_only
common_voice_gn_35582306,train_cv_cegpa;train_cv_cegpa_up2;train_cv_cegpa_up3;train_guarani_only
common_voice_gn_35582308,train_cv_cegpa;train_cv_cegpa_up2;train_cv_cegpa_up3;train_guarani_only
common_voice_gn_35582343,train_cv_cegpa;train_cv_cegpa_up2;train_cv_cegpa_up3;train_guarani_only
common_voice_gn_35582345,train_cv_cegpa;train_cv_cegpa_up2;train_cv_cegpa_up3;train_guarani_only
common_voice_gn_35582388,train_cv_cegpa;train_cv_cegpa_up2;train_cv_cegpa_up3;train_guarani_only
common_voice_gn_35582390,train_cv_cegpa;train_cv_cegpa_up2;train_cv_cegpa_up3;train_guarani_only
common_voice_gn_35582418,train_cv_cegpa;train_cv_cegpa_up2;train_cv_cegpa_up3;train_guarani_only
common_voice_gn_35582420,train_cv_cegpa;train_cv_cegpa_up2;train_cv_cegpa_up3;train_guarani_only
common_voice_gn_35582424,dev_guarani_only
common_voice_gn_35582425,train_cv_cegpa;train_cv_cegpa_up2;train_cv_cegpa_up3;train_guarani_only
common_voice_gn_35582551,train_cv_cegpa;train_cv_cegpa_up2;train_cv_cegpa_up3;train_guarani_only
common_voice_gn_35582673,train_cv_cegpa;train_cv_cegpa_up2;train_cv_cegpa_up3;train_guarani_only
common_voice_gn_35647762,train_cv_cegpa;train_cv_cegpa_up2;train_cv_cegpa_up3;train_guarani_only
common_voice_gn_35647843,dev_guarani_only
common_voice_gn_35649101,dev_guarani_only
common_voice_gn_35649102,train_cv_cegpa;train_cv_cegpa_up2;train_cv_cegpa_up3;train_guarani_only
common_voice_gn_35649103,train_cv_cegpa;train_cv_cegpa_up2;train_cv_cegpa_up3;train_guarani_only
common_voice_gn_35698352,train_cv_cegpa;train_cv_cegpa_up2;train_cv_cegpa_up3;train_guarani_only
common_voice_gn_35698383,train_cv_cegpa;train_cv_cegpa_up2;train_cv_cegpa_up3;train_guarani_only
common_voice_gn_35698440,train_cv_cegpa;train_cv_cegpa_up2;train_cv_cegpa_up3;train_guarani_only
common_voice_gn_35711549,train_cv_cegpa;train_cv_cegpa_up2;train_cv_cegpa_up3;train_guarani_only
common_voice_gn_35711552,train_cv_cegpa;train_cv_cegpa_up2;train_cv_cegpa_up3;train_guarani_only
common_voice_gn_35736420,train_cv_cegpa;train_cv_cegpa_up2;train_cv_cegpa_up3;train_guarani_only
common_voice_gn_35776716,dev_guarani_only
common_voice_gn_35776733,train_cv_cegpa;train_cv_cegpa_up2;train_cv_cegpa_up3;train_guarani_only
common_voice_gn_35824507,train_cv_cegpa;train_cv_cegpa_up2;train_cv_cegpa_up3;train_guarani_only
common_voice_gn_35858221,train_cv_cegpa;train_cv_cegpa_up2;train_cv_cegpa_up3;train_guarani_only
common_voice_gn_36280805,train_cv_cegpa;train_cv_cegpa_up2;train_cv_cegpa_up3;train_guarani_only
common_voice_gn_36280816,dev_guarani_only
common_voice_gn_36280833,train_cv_cegpa;train_cv_cegpa_up2;train_cv_cegpa_up3;train_guarani_only
common_voice_gn_36281072,dev_guarani_only
common_voice_gn_36281270,train_cv_cegpa;train_cv_cegpa_up2;train_cv_cegpa_up3;train_guarani_only
common_voice_gn_36281457,train_cv_cegpa;train_cv_cegpa_up2;train_cv_cegpa_up3;train_guarani_only
common_voice_gn_36292701,train_cv_cegpa;train_cv_cegpa_up2;train_cv_cegpa_up3;train_guarani_only
common_voice_gn_36292711,train_cv_cegpa;train_cv_cegpa_up2;train_cv_cegpa_up3;train_guarani_only
common_voice_gn_36292783,train_cv_cegpa;train_cv_cegpa_up2;train_cv_cegpa_up3;train_guarani_only
common_voice_gn_36292819,train_cv_cegpa;train_cv_cegpa_up2;train_cv_cegpa_up3;train_guarani_only
common_voice_gn_36292894,train_cv_cegpa;train_cv_cegpa_up2;train_cv_cegpa_up3;train_guarani_only
common_voice_gn_36292935,train_cv_cegpa;train_cv_cegpa_up2;train_cv_cegpa_up3;train_guarani_only
common_voice_gn_36292938,train_cv_cegpa;train_cv_cegpa_up2;train_cv_cegpa_up3;train_guarani_only
common_voice_gn_36292954,train_cv_cegpa;train_cv_cegpa_up2;train_cv_cegpa_up3;train_guarani_only
common_voice_gn_36292967,train_cv_cegpa;train_cv_cegpa_up2;train_cv_cegpa_up3;train_guarani_only
common_voice_gn_36292994,train_cv_cegpa;train_cv_cegpa_up2;train_cv_cegpa_up3;train_guarani_only
common_voice_gn_36293044,train_cv_cegpa;train_cv_cegpa_up2;train_cv_cegpa_up3;train_guarani_only
common_voice_gn_36293063,train_cv_cegpa;train_cv_cegpa_up2;train_cv_cegpa_up3;train_guarani_only
common_voice_gn_36293156,train_cv_cegpa;train_cv_cegpa_up2;train_cv_cegpa_up3;train_guarani_only
common_voice_gn_36293211,train_cv_cegpa;train_cv_cegpa_up2;train_cv_cegpa_up3;train_guarani_only
common_voice_gn_36304417,train_cv_cegpa;train_cv_cegpa_up2;train_cv_cegpa_up3;train_guarani_only
common_voice_gn_36304471,train_cv_cegpa;train_cv_cegpa_up2;train_cv_cegpa_up3;train_guarani_only
common_voice_gn_36304497,train_cv_cegpa;train_cv_cegpa_up2;train_cv_cegpa_up3;train_guarani_only
common_voice_gn_36304514,train_cv_cegpa;train_cv_cegpa_up2;train_cv_cegpa_up3;train_guarani_only
common_voice_gn_36304521,train_cv_cegpa;train_cv_cegpa_up2;train_cv_cegpa_up3;train_guarani_only
common_voice_gn_36304574,train_cv_cegpa;train_cv_cegpa_up2;train_cv_cegpa_up3;train_guarani_only
common_voice_gn_36304580,dev_guarani_only
common_voice_gn_36304588,train_cv_cegpa;train_cv_cegpa_up2;train_cv_cegpa_up3;train_guarani_only
common_voice_gn_36304923,train_cv_cegpa;train_cv_cegpa_up2;train_cv_cegpa_up3;train_guarani_only
common_voice_gn_36304924,train_cv_cegpa;train_cv_cegpa_up2;train_cv_cegpa_up3;train_guarani_only
common_voice_gn_36304999,train_cv_cegpa;train_cv_cegpa_up2;train_cv_cegpa_up3;train_guarani_only
common_voice_gn_36305052,dev_guarani_only
common_voice_gn_36305129,dev_guarani_only
common_voice_gn_36305159,train_cv_cegpa;train_cv_cegpa_up2;train_cv_cegpa_up3;train_guarani_only
common_voice_gn_36393680,train_cv_cegpa;train_cv_cegpa_up2;train_cv_cegpa_up3;train_guarani_only
common_voice_gn_36393704,dev_guarani_only
common_voice_gn_36393707,dev_guarani_only
common_voice_gn_36393721,train_cv_cegpa;train_cv_cegpa_up2;train_cv_cegpa_up3;train_guarani_only
common_voice_gn_36393737,train_cv_cegpa;train_cv_cegpa_up2;train_cv_cegpa_up3;train_guarani_only
common_voice_gn_36393775,train_cv_cegpa;train_cv_cegpa_up2;train_cv_cegpa_up3;train_guarani_only
common_voice_gn_36393803,train_cv_cegpa;train_cv_cegpa_up2;train_cv_cegpa_up3;train_guarani_only
common_voice_gn_36393841,train_cv_cegpa;train_cv_cegpa_up2;train_cv_cegpa_up3;train_guarani_only
common_voice_gn_36393955,dev_guarani_only
common_voice_gn_36414756,train_cv_cegpa;train_cv_cegpa_up2;train_cv_cegpa_up3;train_guarani_only
common_voice_gn_36414952,dev_guarani_only
common_voice_gn_36438372,dev_guarani_only
common_voice_gn_36438393,train_cv_cegpa;train_cv_cegpa_up2;train_cv_cegpa_up3;train_guarani_only
common_voice_gn_36438397,train_cv_cegpa;train_cv_cegpa_up2;train_cv_cegpa_up3;train_guarani_only
common_voice_gn_36438410,train_cv_cegpa;train_cv_cegpa_up2;train_cv_cegpa_up3;train_guarani_only
common_voice_gn_36485134,train_cv_cegpa;train_cv_cegpa_up2;train_cv_cegpa_up3;train_guarani_only
common_voice_gn_36485153,train_cv_cegpa;train_cv_cegpa_up2;train_cv_cegpa_up3;train_guarani_only
common_voice_gn_36485161,dev_guarani_only
common_voice_gn_36485172,dev_guarani_only
common_voice_gn_36536183,train_cv_cegpa;train_cv_cegpa_up2;train_cv_cegpa_up3;train_guarani_only
common_voice_gn_36850821,train_cv_cegpa;train_cv_cegpa_up2;train_cv_cegpa_up3;train_guarani_only
common_voice_gn_36850884,train_cv_cegpa;train_cv_cegpa_up2;train_cv_cegpa_up3;train_guarani_only
common_voice_gn_37274690,train_cv_cegpa;train_cv_cegpa_up2;train_cv_cegpa_up3;train_guarani_only
common_voice_gn_37274692,train_cv_cegpa;train_cv_cegpa_up2;train_cv_cegpa_up3;train_guarani_only
common_voice_gn_37274704,train_cv_cegpa;train_cv_cegpa_up2;train_cv_cegpa_up3;train_guarani_only
common_voice_gn_37322479,train_cv_cegpa;train_cv_cegpa_up2;train_cv_cegpa_up3;train_guarani_only
common_voice_gn_37324726,train_cv_cegpa;train_cv_cegpa_up2;train_cv_cegpa_up3;train_guarani_only
common_voice_gn_37324775,train_cv_cegpa;train_cv_cegpa_up2;train_cv_cegpa_up3;train_guarani_only
common_voice_gn_37597676,train_cv_cegpa;train_cv_cegpa_up2;train_cv_cegpa_up3;train_guarani_only
common_voice_gn_37597786,train_cv_cegpa;train_cv_cegpa_up2;train_cv_cegpa_up3;train_guarani_only
common_voice_gn_37597797,train_cv_cegpa;train_cv_cegpa_up2;train_cv_cegpa_up3;train_guarani_only
common_voice_gn_37597835,train_cv_cegpa;train_cv_cegpa_up2;train_cv_cegpa_up3;train_guarani_only
common_voice_gn_37645647,train_cv_cegpa;train_cv_cegpa_up2;train_cv_cegpa_up3;train_guarani_only
common_voice_gn_37645716,train_cv_cegpa;train_cv_cegpa_up2;train_cv_cegpa_up3;train_guarani_only
common_voice_gn_37645721,train_cv_cegpa;train_cv_cegpa_up2;train_cv_cegpa_up3;train_guarani_only
common_voice_gn_37645725,train_cv_cegpa;train_cv_cegpa_up2;train_cv_cegpa_up3;train_guarani_only
common_voice_gn_37645757,train_cv_cegpa;train_cv_cegpa_up2;train_cv_cegpa_up3;train_guarani_only
common_voice_gn_37645770,train_cv_cegpa;train_cv_cegpa_up2;train_cv_cegpa_up3;train_guarani_only
common_voice_gn_37649744,train_cv_cegpa;train_cv_cegpa_up2;train_cv_cegpa_up3;train_guarani_only
common_voice_gn_37649756,train_cv_cegpa;train_cv_cegpa_up2;train_cv_cegpa_up3;train_guarani_only
common_voice_gn_37653413,train_cv_cegpa;train_cv_cegpa_up2;train_cv_cegpa_up3;train_guarani_only
common_voice_gn_37653435,train_cv_cegpa;train_cv_cegpa_up2;train_cv_cegpa_up3;train_guarani_only
common_voice_gn_37653682,train_cv_cegpa;train_cv_cegpa_up2;train_cv_cegpa_up3;train_guarani_only
common_voice_gn_37653753,train_cv_cegpa;train_cv_cegpa_up2;train_cv_cegpa_up3;train_guarani_only
common_voice_gn_37653760,train_cv_cegpa;train_cv_cegpa_up2;train_cv_cegpa_up3;train_guarani_only
common_voice_gn_37687794,train_cv_cegpa;train_cv_cegpa_up2;train_cv_cegpa_up3;train_guarani_only
common_voice_gn_37687799,train_cv_cegpa;train_cv_cegpa_up2;train_cv_cegpa_up3;train_guarani_only
common_voice_gn_37687816,train_cv_cegpa;train_cv_cegpa_up2;train_cv_cegpa_up3;train_guarani_only
common_voice_gn_37687847,train_cv_cegpa;train_cv_cegpa_up2;train_cv_cegpa_up3;train_guarani_only
common_voice_gn_37688030,train_cv_cegpa;train_cv_cegpa_up2;train_cv_cegpa_up3;train_guarani_only
common_voice_gn_37753766,train_cv_cegpa;train_cv_cegpa_up2;train_cv_cegpa_up3;train_guarani_only
common_voice_gn_37753838,train_cv_cegpa;train_cv_cegpa_up2;train_cv_cegpa_up3;train_guarani_only
common_voice_gn_37753991,train_cv_cegpa;train_cv_cegpa_up2;train_cv_cegpa_up3;train_guarani_only
common_voice_gn_37754581,train_cv_cegpa;train_cv_cegpa_up2;train_cv_cegpa_up3;train_guarani_only
common_voice_gn_37754797,train_cv_cegpa;train_cv_cegpa_up2;train_cv_cegpa_up3;train_guarani_only
common_voice_gn_37754995,dev_guarani_only
common_voice_gn_37755042,train_cv_cegpa;train_cv_cegpa_up2;train_cv_cegpa_up3;train_guarani_only
common_voice_gn_37755147,train_cv_cegpa;train_cv_cegpa_up2;train_cv_cegpa_up3;train_guarani_only
common_voice_gn_37755306,train_cv_cegpa;train_cv_cegpa_up2;train_cv_cegpa_up3;train_guarani_only
common_voice_gn_37836276,train_cv_cegpa;train_cv_cegpa_up2;train_cv_cegpa_up3;train_guarani_only
common_voice_gn_37836291,dev_guarani_only
common_voice_gn_37844122,train_cv_cegpa;train_cv_cegpa_up2;train_cv_cegpa_up3;train_guarani_only
common_voice_gn_37848774,train_cv_cegpa;train_cv_cegpa_up2;train_cv_cegpa_up3;train_guarani_only
common_voice_gn_37849137,train_cv_cegpa;train_cv_cegpa_up2;train_cv_cegpa_up3;train_guarani_only
common_voice_gn_37849392,train_cv_cegpa;train_cv_cegpa_up2;train_cv_cegpa_up3;train_guarani_only
common_voice_gn_37849486,train_cv_cegpa;train_cv_cegpa_up2;train_cv_cegpa_up3;train_guarani_only
common_voice_gn_37849679,train_cv_cegpa;train_cv_cegpa_up2;train_cv_cegpa_up3;train_guarani_only
common_voice_gn_37849790,train_cv_cegpa;train_cv_cegpa_up2;train_cv_cegpa_up3;train_guarani_only
common_voice_gn_37849798,train_cv_cegpa;train_cv_cegpa_up2;train_cv_cegpa_up3;train_guarani_only
common_voice_gn_37849810,train_cv_cegpa;train_cv_cegpa_up2;train_cv_cegpa_up3;train_guarani_only
common_voice_gn_37849890,train_cv_cegpa;train_cv_cegpa_up2;train_cv_cegpa_up3;train_guarani_only
common_voice_gn_37849985,train_cv_cegpa;train_cv_cegpa_up2;train_cv_cegpa_up3;train_guarani_only
common_voice_gn_37850037,train_cv_cegpa;train_cv_cegpa_up2;train_cv_cegpa_up3;train_guarani_only
common_voice_gn_37859663,train_cv_cegpa;train_cv_cegpa_up2;train_cv_cegpa_up3;train_guarani_only
common_voice_gn_37859678,train_cv_cegpa;train_cv_cegpa_up2;train_cv_cegpa_up3;train_guarani_only
common_voice_gn_37859688,train_cv_cegpa;train_cv_cegpa_up2;train_cv_cegpa_up3;train_guarani_only
common_voice_gn_37859699,train_cv_cegpa;train_cv_cegpa_up2;train_cv_cegpa_up3;train_guarani_only
common_voice_gn_37859700,train_cv_cegpa;train_cv_cegpa_up2;train_cv_cegpa_up3;train_guarani_only
common_voice_gn_37859781,train_cv_cegpa;train_cv_cegpa_up2;train_cv_cegpa_up3;train_guarani_only
common_voice_gn_37859815,train_cv_cegpa;train_cv_cegpa_up2;train_cv_cegpa_up3;train_guarani_only
common_voice_gn_37859870,dev_guarani_only
common_voice_gn_37859883,dev_guarani_only
common_voice_gn_37859890,train_cv_cegpa;train_cv_cegpa_up2;train_cv_cegpa_up3;train_guarani_only
common_voice_gn_37860797,train_cv_cegpa;train_cv_cegpa_up2;train_cv_cegpa_up3;train_guarani_only
common_voice_gn_37860803,train_cv_cegpa;train_cv_cegpa_up2;train_cv_cegpa_up3;train_guarani_only
common_voice_gn_37868091,dev_guarani_only
common_voice_gn_37868095,train_cv_cegpa;train_cv_cegpa_up2;train_cv_cegpa_up3;train_guarani_only
common_voice_gn_37868180,dev_guarani_only
common_voice_gn_37884510,train_cv_cegpa;train_cv_cegpa_up2;train_cv_cegpa_up3;train_guarani_only
common_voice_gn_37884530,train_cv_cegpa;train_cv_cegpa_up2;train_cv_cegpa_up3;train_guarani_only
common_voice_gn_37885575,train_cv_cegpa;train_cv_cegpa_up2;train_cv_cegpa_up3;train_guarani_only
common_voice_gn_37887518,dev_guarani_only
common_voice_gn_37887535,train_cv_cegpa;train_cv_cegpa_up2;train_cv_cegpa_up3;train_guarani_only
common_voice_gn_37887591,dev_guarani_only
common_voice_gn_37889465,train_cv_cegpa;train_cv_cegpa_up2;train_cv_cegpa_up3;train_guarani_only
common_voice_gn_37889562,train_cv_cegpa;train_cv_cegpa_up2;train_cv_cegpa_up3;train_guarani_only
common_voice_gn_37889574,train_cv_cegpa;train_cv_cegpa_up2;train_cv_cegpa_up3;train_guarani_only
common_voice_gn_37889588,train_cv_cegpa;train_cv_cegpa_up2;train_cv_cegpa_up3;train_guarani_only
common_voice_gn_37889598,train_cv_cegpa;train_cv_cegpa_up2;train_cv_cegpa_up3;train_guarani_only
common_voice_gn_37889626,train_cv_cegpa;train_cv_cegpa_up2;train_cv_cegpa_up3;train_guarani_only
common_voice_gn_37889811,dev_guarani_only
common_voice_gn_37895396,train_cv_cegpa;train_cv_cegpa_up2;train_cv_cegpa_up3;train_guarani_only
common_voice_gn_37898495,train_cv_cegpa;train_cv_cegpa_up2;train_cv_cegpa_up3;train_guarani_only
common_voice_gn_37900042,train_cv_cegpa;train_cv_cegpa_up2;train_cv_cegpa_up3;train_guarani_only
common_voice_gn_37964187,train_cv_cegpa;train_cv_cegpa_up2;train_cv_cegpa_up3;train_guarani_only
common_voice_gn_37987654,train_cv_cegpa;train_cv_cegpa_up2;train_cv_cegpa_up3;train_guarani_only
common_voice_gn_37990342,train_cv_cegpa;train_cv_cegpa_up2;train_cv_cegpa_up3;train_guarani_only
common_voice_gn_37997744,train_cv_cegpa;train_cv_cegpa_up2;train_cv_cegpa_up3;train_guarani_only
common_voice_gn_37997869,train_cv_cegpa;train_cv_cegpa_up2;train_cv_cegpa_up3;train_guarani_only
common_voice_gn_37997907,train_cv_cegpa;train_cv_cegpa_up2;train_cv_cegpa_up3;train_guarani_only
common_voice_gn_38102002,train_cv_cegpa;train_cv_cegpa_up2;train_cv_cegpa_up3;train_guarani_only
common_voice_gn_38102039,train_cv_cegpa;train_cv_cegpa_up2;train_cv_cegpa_up3;train_guarani_only
common_voice_gn_38102303,train_cv_cegpa;train_cv_cegpa_up2;train_cv_cegpa_up3;train_guarani_only
common_voice_gn_38102318,train_cv_cegpa;train_cv_cegpa_up2;train_cv_cegpa_up3;train_guarani_only
common_voice_gn_38102321,train_cv_cegpa;train_cv_cegpa_up2;train_cv_cegpa_up3;train_guarani_only
common_voice_gn_38102383,train_cv_cegpa;train_cv_cegpa_up2;train_cv_cegpa_up3;train_guarani_only
common_voice_gn_38102401,train_cv_cegpa;train_cv_cegpa_up2;train_cv_cegpa_up3;train_guarani_only
common_voice_gn_38102448,train_cv_cegpa;train_cv_cegpa_up2;train_cv_cegpa_up3;train_guarani_only
common_voice_gn_38102649,train_cv_cegpa;train_cv_cegpa_up2;train_cv_cegpa_up3;train_guarani_only
common_voice_gn_38102694,train_cv_cegpa;train_cv_cegpa_up2;train_cv_cegpa_up3;train_guarani_only
common_voice_gn_38102709,train_cv_cegpa;train_cv_cegpa_up2;train_cv_cegpa_up3;train_guarani_only
common_voice_gn_38102750,train_cv_cegpa;train_cv_cegpa_up2;train_cv_cegpa_up3;train_guarani_only
common_voice_gn_38102751,train_cv_cegpa;train_cv_cegpa_up2;train_cv_cegpa_up3;train_guarani_only
common_voice_gn_38102853,train_cv_cegpa;train_cv_cegpa_up2;train_cv_cegpa_up3;train_guarani_only
common_voice_gn_38102941,dev_guarani_only
common_voice_gn_38102946,dev_guarani_only
common_voice_gn_38103181,train_cv_cegpa;train_cv_cegpa_up2;train_cv_cegpa_up3;train_guarani_only
common_voice_gn_38107554,train_cv_cegpa;train_cv_cegpa_up2;train_cv_cegpa_up3;train_guarani_only
common_voice_gn_38107726,train_cv_cegpa;train_cv_cegpa_up2;train_cv_cegpa_up3;train_guarani_only
common_voice_gn_38107727,train_cv_cegpa;train_cv_cegpa_up2;train_cv_cegpa_up3;train_guarani_only
common_voice_gn_38107867,train_cv_cegpa;train_cv_cegpa_up2;train_cv_cegpa_up3;train_guarani_only
common_voice_gn_38108058,train_cv_cegpa;train_cv_cegpa_up2;train_cv_cegpa_up3;train_guarani_only
common_voice_gn_38108120,train_cv_cegpa;train_cv_cegpa_up2;train_cv_cegpa_up3;train_guarani_only
common_voice_gn_38108316,train_cv_cegpa;train_cv_cegpa_up2;train_cv_cegpa_up3;train_guarani_only
common_voice_gn_38108377,train_cv_cegpa;train_cv_cegpa_up2;train_cv_cegpa_up3;train_guarani_only
common_voice_gn_38108949,train_cv_cegpa;train_cv_cegpa_up2;train_cv_cegpa_up3;train_guarani_only
common_voice_gn_38109036,train_cv_cegpa;train_cv_cegpa_up2;train_cv_cegpa_up3;train_guarani_only
common_voice_gn_38110497,train_cv_cegpa;train_cv_cegpa_up2;train_cv_cegpa_up3;train_guarani_only
common_voice_gn_38110505,train_cv_cegpa;train_cv_cegpa_up2;train_cv_cegpa_up3;train_guarani_only
common_voice_gn_38110507,train_cv_cegpa;train_cv_cegpa_up2;train_cv_cegpa_up3;train_guarani_only
common_voice_gn_38110557,train_cv_cegpa;train_cv_cegpa_up2;train_cv_cegpa_up3;train_guarani_only
common_voice_gn_38110614,train_cv_cegpa;train_cv_cegpa_up2;train_cv_cegpa_up3;train_guarani_only
common_voice_gn_38160878,train_cv_cegpa;train_cv_cegpa_up2;train_cv_cegpa_up3;train_guarani_only
common_voice_gn_38160879,train_cv_cegpa;train_cv_cegpa_up2;train_cv_cegpa_up3;train_guarani_only
common_voice_gn_38161005,train_cv_cegpa;train_cv_cegpa_up2;train_cv_cegpa_up3;train_guarani_only
common_voice_gn_38161644,train_cv_cegpa;train_cv_cegpa_up2;train_cv_cegpa_up3;train_guarani_only
common_voice_gn_38161859,train_cv_cegpa;train_cv_cegpa_up2;train_cv_cegpa_up3;train_guarani_only
common_voice_gn_38161951,train_cv_cegpa;train_cv_cegpa_up2;train_cv_cegpa_up3;train_guarani_only
common_voice_gn_38162022,dev_guarani_only
common_voice_gn_38162057,train_cv_cegpa;train_cv_cegpa_up2;train_cv_cegpa_up3;train_guarani_only
common_voice_gn_38162147,train_cv_cegpa;train_cv_cegpa_up2;train_cv_cegpa_up3;train_guarani_only
common_voice_gn_38162161,train_cv_cegpa;train_cv_cegpa_up2;train_cv_cegpa_up3;train_guarani_only
common_voice_gn_38162207,train_cv_cegpa;train_cv_cegpa_up2;train_cv_cegpa_up3;train_guarani_only
common_voice_gn_38178416,train_cv_cegpa;train_cv_cegpa_up2;train_cv_cegpa_up3;train_guarani_only
common_voice_gn_38178476,train_cv_cegpa;train_cv_cegpa_up2;train_cv_cegpa_up3;train_guarani_only
common_voice_gn_38178484,train_cv_cegpa;train_cv_cegpa_up2;train_cv_cegpa_up3;train_guarani_only
common_voice_gn_38178583,train_cv_cegpa;train_cv_cegpa_up2;train_cv_cegpa_up3;train_guarani_only
common_voice_gn_38178659,train_cv_cegpa;train_cv_cegpa_up2;train_cv_cegpa_up3;train_guarani_only
common_voice_gn_38195526,train_cv_cegpa;train_cv_cegpa_up2;train_cv_cegpa_up3;train_guarani_only
common_voice_gn_38195892,train_cv_cegpa;train_cv_cegpa_up2;train_cv_cegpa_up3;train_guarani_only
common_voice_gn_38199369,train_cv_cegpa;train_cv_cegpa_up2;train_cv_cegpa_up3;train_guarani_only
common_voice_gn_38199379,train_cv_cegpa;train_cv_cegpa_up2;train_cv_cegpa_up3;train_guarani_only
common_voice_gn_38199399,train_cv_cegpa;train_cv_cegpa_up2;train_cv_cegpa_up3;train_guarani_only
common_voice_gn_38199639,train_cv_cegpa;train_cv_cegpa_up2;train_cv_cegpa_up3;train_guarani_only
common_voice_gn_38199678,train_cv_cegpa;train_cv_cegpa_up2;train_cv_cegpa_up3;train_guarani_only
common_voice_gn_38205861,train_cv_cegpa;train_cv_cegpa_up2;train_cv_cegpa_up3;train_guarani_only
common_voice_gn_38206258,train_cv_cegpa;train_cv_cegpa_up2;train_cv_cegpa_up3;train_guarani_only
common_voice_gn_38206538,train_cv_cegpa;train_cv_cegpa_up2;train_cv_cegpa_up3;train_guarani_only
common_voice_gn_38206741,train_cv_cegpa;train_cv_cegpa_up2;train_cv_cegpa_up3;train_guarani_only
common_voice_gn_38206744,train_cv_cegpa;train_cv_cegpa_up2;train_cv_cegpa_up3;train_guarani_only
common_voice_gn_38211546,train_cv_cegpa;train_cv_cegpa_up2;train_cv_cegpa_up3;train_guarani_only
common_voice_gn_38211809,train_cv_cegpa;train_cv_cegpa_up2;train_cv_cegpa_up3;train_guarani_only
common_voice_gn_38338425,train_cv_cegpa;train_cv_cegpa_up2;train_cv_cegpa_up3;train_guarani_only
common_voice_gn_38338525,train_cv_cegpa;train_cv_cegpa_up2;train_cv_cegpa_up3;train_guarani_only
common_voice_gn_38338644,train_cv_cegpa;train_cv_cegpa_up2;train_cv_cegpa_up3;train_guarani_only
common_voice_gn_38338746,train_cv_cegpa;train_cv_cegpa_up2;train_cv_cegpa_up3;train_guarani_only
common_voice_gn_38338747,train_cv_cegpa;train_cv_cegpa_up2;train_cv_cegpa_up3;train_guarani_only
common_voice_gn_38338770,train_cv_cegpa;train_cv_cegpa_up2;train_cv_cegpa_up3;train_guarani_only
common_voice_gn_38338844,train_cv_cegpa;train_cv_cegpa_up2;train_cv_cegpa_up3;train_guarani_only
common_voice_gn_38338945,train_cv_cegpa;train_cv_cegpa_up2;train_cv_cegpa_up3;train_guarani_only
common_voice_gn_38338984,train_cv_cegpa;train_cv_cegpa_up2;train_cv_cegpa_up3;train_guarani_only
common_voice_gn_38341534,dev_guarani_only
common_voice_gn_38341568,train_cv_cegpa;train_cv_cegpa_up2;train_cv_cegpa_up3;train_guarani_only
common_voice_gn_38341639,train_cv_cegpa;train_cv_cegpa_up2;train_cv_cegpa_up3;train_guarani_only
common_voice_gn_38343563,train_cv_cegpa;train_cv_cegpa_up2;train_cv_cegpa_up3;train_guarani_only
common_voice_gn_38343643,train_cv_cegpa;train_cv_cegpa_up2;train_cv_cegpa_up3;train_guarani_only
common_voice_gn_38350224,train_cv_cegpa;train_cv_cegpa_up2;train_cv_cegpa_up3;train_guarani_only
common_voice_gn_38350325,train_cv_cegpa;train_cv_cegpa_up2;train_cv_cegpa_up3;train_guarani_only
common_voice_gn_38350399,dev_guarani_only
common_voice_gn_38350416,dev_guarani_only
common_voice_gn_38350455,dev_guarani_only
common_voice_gn_38350517,train_cv_cegpa;train_cv_cegpa_up2;train_cv_cegpa_up3;train_guarani_only
common_voice_gn_38350528,train_cv_cegpa;train_cv_cegpa_up2;train_cv_cegpa_up3;train_guarani_only
common_voice_gn_38350549,train_cv_cegpa;train_cv_cegpa_up2;train_cv_cegpa_up3;train_guarani_only
common_voice_gn_38350561,train_cv_cegpa;train_cv_cegpa_up2;train_cv_cegpa_up3;train_guarani_only
common_voice_gn_38371124,train_cv_cegpa;train_cv_cegpa_up2;train_cv_cegpa_up3;train_guarani_only
common_voice_gn_38375044,train_cv_cegpa;train_cv_cegpa_up2;train_cv_cegpa_up3;train_guarani_only
common_voice_gn_38376176,train_cv_cegpa;train_cv_cegpa_up2;train_cv_cegpa_up3;train_guarani_only
common_voice_gn_38376204,train_cv_cegpa;train_cv_cegpa_up2;train_cv_cegpa_up3;train_guarani_only
common_voice_gn_38385111,train_cv_cegpa;train_cv_cegpa_up2;train_cv_cegpa_up3;train_guarani_only
common_voice_gn_38385125,train_cv_cegpa;train_cv_cegpa_up2;train_cv_cegpa_up3;train_guarani_only
common_voice_gn_38390208,train_cv_cegpa;train_cv_cegpa_up2;train_cv_cegpa_up3;train_guarani_only
common_voice_gn_38392921,train_cv_cegpa;train_cv_cegpa_up2;train_cv_cegpa_up3;train_guarani_only
common_voice_gn_38393283,train_cv_cegpa;train_cv_cegpa_up2;train_cv_cegpa_up3;train_guarani_only
common_voice_gn_38393551,train_cv_cegpa;train_cv_cegpa_up2;train_cv_cegpa_up3;train_guarani_only
common_voice_gn_38397105,train_cv_cegpa;train_cv_cegpa_up2;train_cv_cegpa_up3;train_guarani_only
common_voice_gn_38397127,train_cv_cegpa;train_cv_cegpa_up2;train_cv_cegpa_up3;train_guarani_only
common_voice_gn_38397170,train_cv_cegpa;train_cv_cegpa_up2;train_cv_cegpa_up3;train_guarani_only
common_voice_gn_38527390,dev_guarani_only
common_voice_gn_38527403,train_cv_cegpa;train_cv_cegpa_up2;train_cv_cegpa_up3;train_guarani_only
common_voice_gn_38527964,train_cv_cegpa;train_cv_cegpa_up2;train_cv_cegpa_up3;train_guarani_only
common_voice_gn_38653702,train_cv_cegpa;train_cv_cegpa_up2;train_cv_cegpa_up3;train_guarani_only
common_voice_gn_38715451,train_cv_cegpa;train_cv_cegpa_up2;train_cv_cegpa_up3;train_guarani_only
common_voice_gn_38753754,train_cv_cegpa;train_cv_cegpa_up2;train_cv_cegpa_up3;train_guarani_only
common_voice_gn_38753849,dev_guarani_only
common_voice_gn_38753862,train_cv_cegpa;train_cv_cegpa_up2;train_cv_cegpa_up3;train_guarani_only
common_voice_gn_38753913,train_cv_cegpa;train_cv_cegpa_up2;train_cv_cegpa_up3;train_guarani_only
common_voice_gn_38754007,train_cv_cegpa;train_cv_cegpa_up2;train_cv_cegpa_up3;train_guarani_only
common_voice_gn_38754046,train_cv_cegpa;train_cv_cegpa_up2;train_cv_cegpa_up3;train_guarani_only
common_voice_gn_38754047,train_cv_cegpa;train_cv_cegpa_up2;train_cv_cegpa_up3;train_guarani_only
common_voice_gn_38754048,train_cv_cegpa;train_cv_cegpa_up2;train_cv_cegpa_up3;train_guarani_only
common_voice_gn_38754091,train_cv_cegpa;train_cv_cegpa_up2;train_cv_cegpa_up3;train_guarani_only
common_voice_gn_38798089,dev_guarani_only
common_voice_gn_38799975,dev_guarani_only
common_voice_gn_38803299,train_cv_cegpa;train_cv_cegpa_up2;train_cv_cegpa_up3;train_guarani_only
common_voice_gn_38803416,train_cv_cegpa;train_cv_cegpa_up2;train_cv_cegpa_up3;train_guarani_only
common_voice_gn_38803434,train_cv_cegpa;train_cv_cegpa_up2;train_cv_cegpa_up3;train_guarani_only
common_voice_gn_38803453,dev_guarani_only
common_voice_gn_38803466,train_cv_cegpa;train_cv_cegpa_up2;train_cv_cegpa_up3;train_guarani_only
common_voice_gn_38809316,train_cv_cegpa;train_cv_cegpa_up2;train_cv_cegpa_up3;train_guarani_only
common_voice_gn_38809339,train_cv_cegpa;train_cv_cegpa_up2;train_cv_cegpa_up3;train_guarani_only
common_voice_gn_38809681,dev_guarani_only
common_voice_gn_38810103,train_cv_cegpa;train_cv_cegpa_up2;train_cv_cegpa_up3;train_guarani_only
common_voice_gn_41086985,train_cv_cegpa;train_cv_cegpa_up2;train_cv_cegpa_up3;train_guarani_only
common_voice_gn_41086994,train_cv_cegpa;train_cv_cegpa_up2;train_cv_cegpa_up3;train_guarani_only
common_voice_gn_41087073,train_cv_cegpa;train_cv_cegpa_up2;train_cv_cegpa_up3;train_guarani_only
common_voice_gn_41475690,train_cv_cegpa;train_cv_cegpa_up2;train_cv_cegpa_up3;train_guarani_only
common_voice_gn_41631237,train_cv_cegpa;train_cv_cegpa_up2;train_cv_cegpa_up3;train_guarani_only
common_voice_gn_41631285,train_cv_cegpa;train_cv_cegpa_up2;train_cv_cegpa_up3;train_guarani_only
common_voice_gn_41632770,train_cv_cegpa;train_cv_cegpa_up2;train_cv_cegpa_up3;train_guarani_only
common_voice_gn_41668685,train_cv_cegpa;train_cv_cegpa_up2;train_cv_cegpa_up3;train_guarani_only
common_voice_gn_41668688,train_cv_cegpa;train_cv_cegpa_up2;train_cv_cegpa_up3;train_guarani_only
common_voice_gn_41668723,train_cv_cegpa;train_cv_cegpa_up2;train_cv_cegpa_up3;train_guarani_only
common_voice_gn_41820796,train_cv_cegpa;train_cv_cegpa_up2;train_cv_cegpa_up3;train_guarani_only
common_voice_gn_42676336,train_cv_cegpa;train_cv_cegpa_up2;train_cv_cegpa_up3;train_guarani_only
common_voice_gn_43294434,train_cv_cegpa;train_cv_cegpa_up2;train_cv_cegpa_up3;train_guarani_only
common_voice_gn_43382878,train_cv_cegpa;train_cv_cegpa_up2;train_cv_cegpa_up3;train_guarani_only
common_voice_gn_43383010,train_cv_cegpa;train_cv_cegpa_up2;train_cv_cegpa_up3;train_guarani_only
common_voice_gn_43383164,train_cv_cegpa;train_cv_cegpa_up2;train_cv_cegpa_up3;train_guarani_only
common_voice_gn_43387369,train_cv_cegpa;train_cv_cegpa_up2;train_cv_cegpa_up3;train_guarani_only
common_voice_gn_43418850,train_cv_cegpa;train_cv_cegpa_up2;train_cv_cegpa_up3;train_guarani_only
common_voice_gn_43419751,dev_guarani_only
common_voice_gn_43431684,train_cv_cegpa;train_cv_cegpa_up2;train_cv_cegpa_up3;train_guarani_only
common_voice_gn_43431735,train_cv_cegpa;train_cv_cegpa_up2;train_cv_cegpa_up3;train_guarani_only
common_voice_gn_43516393,train_cv_cegpa;train_cv_cegpa_up2;train_cv_cegpa_up3;train_guarani_only
common_voice_gn_43516394,train_cv_cegpa;train_cv_cegpa_up2;train_cv_cegpa_up3;train_guarani_only
common_voice_gn_43540517,train_cv_cegpa;train_cv_cegpa_up2;train_cv_cegpa_up3;train_guarani_only
common_voice_gn_43548362,train_cv_cegpa;train_cv_cegpa_up2;train_cv_cegpa_up3;train_guarani_only
common_voice_gn_43548402,train_cv_cegpa;train_cv_cegpa_up2;train_cv_cegpa_up3;train_guarani_only
