row,utt_id,subset,char_sub,char_del,char_ins,char_ref,word_sub,word_del,word_ins,word_ref
1,tr-005_00322,test_guarani_only,20,4,0,24,5,0,1,5
1,tr-009_02047,test_guarani_only,23,3,15,42,5,0,13,5
1,tr-007_01213,test_guarani_only,45,6,0,51,7,0,2,7
1,tr-010_02466,test_guarani_only,1,31,0,32,1,4,0,5
1,tr-008_01948,test_guarani_only,18,14,0,32,3,4,0,7
1,tr-007_01347,test_guarani_only,22,3,0,25,5,1,0,6
1,tr-007_01328,test_guarani_only,10,8,3,31,6,0,2,6
1,tr-010_02424,test_guarani_only,10,4,6,29,6,0,1,6
1,tr-007_01189,test_guarani_only,41,12,0,53,8,1,0,9
1,tr-007_01154,test_guarani_only,12,5,3,26,6,0,0,6
1,tr-008_01774,test_guarani_only,6,35,2,51,4,3,0,7
1,tr-009_02005,test_guarani_only,5,25,0,30,1,5,0,6
1,tr-010_02397,test_guarani_only,7,11,1,22,2,4,0,6
1,tr-010_02510,test_guarani_only,22,11,0,33,6,1,0,7
1,tr-008_01884,test_guarani_only,46,0,0,46,7,0,4,7
1,tr-010_02395,test_guarani_only,13,1,17,40,9,0,4,9
1,tr-009_02044,test_guarani_only,21,8,5,48,8,0,0,8
1,tr-010_02472,test_guarani_only,11,6,5,32,6,0,2,6
1,tr-005_00207,test_guarani_only,5,0,5,12,3,0,1,3
1,tr-008_01937,test_guarani_only,19,1,17,36,6,0,5,6
1,tr-010_02406,test_guarani_only,11,5,0,19,5,0,1,5
1,tr-009_02359,test_guarani_only,5,4,2,27,4,0,1,4
1,tr-007_01208,test_guarani_only,55,0,0,55,11,0,0,11
1,tr-010_02415,test_guarani_only,33,15,17,69,12,0,8,12
1,tr-008_01881,test_guarani_only,4,1,7,15,4,0,1,4
1,tr-010_02520,test_jehea,12,7,1,36,6,0,1,6
1,tr-008_01885,test_jehea,6,10,0,24,4,2,0,6
1,tr-010_02529,test_jehea,6,71,1,87,4,16,0,20
1,tr-007_01440,test_jehea,19,24,5,118,10,6,0,32
1,tr-009_02080,test_jehea,24,8,10,75,12,0,2,16
1,tr-009_02023,test_jehea,31,56,0,114,15,2,0,17
1,tr-007_01396,test_jehea,36,53,0,111,15,8,0,23
1,tr-008_01771,test_jehea,15,21,16,106,10,0,6,16
1,tr-008_01742,test_jehea,11,5,3,29,4,0,1,5
1,tr-007_01490,test_jehea,2,87,0,96,2,20,0,22
1,tr-010_02454,test_jehea,42,18,13,108,19,4,0,23
1,tr-010_02536,test_jehea,41,6,29,101,21,0,10,21
1,tr-007_01215,test_jehea,86,10,43,157,25,1,6,27
1,tr-007_01243,test_jehea,6,9,3,65,5,1,0,16
1,tr-009_02087,test_jehea,29,15,10,91,17,0,3,19
1,tr-008_01968,test_jehea,9,7,9,61,8,2,2,14
1,tr-006_00990,test_jehea,13,13,9,84,10,5,2,23
1,tr-005_00374,test_jehea,1,72,0,80,1,18,0,19
1,tr-005_00406,test_jehea,29,34,9,106,17,2,7,23
1,tr-005_00364,test_jehea,27,10,10,81,11,1,4,17
1,tr-005_00194,test_jehea,17,43,2,77,8,7,0,15
1,tr-005_00323,test_jehea,30,9,22,84,16,1,0,19
1,tr-010_02531,test_jehea,3,29,0,33,1,6,0,7
1,tr-005_00258,test_jehea,7,4,7,53,6,0,2,13
1,tr-005_00198,test_jehea,19,9,6,67,10,0,1,13
1,tr-005_00276,test_jehea,10,10,2,59,9,0,1,11
1,tr-005_00293,test_jehea,17,14,0,54,6,0,3,10
1,tr-005_00203,test_jehea,10,24,8,76,5,2,1,12
1,tr-005_00345,test_jehea,21,9,3,43,10,1,0,11
1,tr-005_00348,test_jehea,24,5,16,51,10,0,7,10
1,tr-005_00403,test_jehea,14,13,9,64,10,3,0,13
1,tr-006_00693,test_jehea,19,30,74,634,38,8,17,176
1,tr-005_00267,test_jehea,11,2,2,25,4,0,1,5
1,tr-010_02425,test_mixed,40,0,5,40,2,5,0,7
1,tr-005_00340,test_mixed,7,7,9,26,6,1,0,8
1,tr-007_01128,test_mixed,13,40,1,65,6,16,0,22
1,tr-008_01702,test_mixed,8,7,5,53,3,6,0,16
1,tr-005_00370,test_mixed,8,7,0,52,7,0,1,14
1,tr-005_00010,test_mixed,16,34,8,173,18,6,1,42
1,tr-008_01864,test_mixed,19,2,11,26,3,2,0,5
1,tr-008_01853,test_mixed,38,0,13,38,8,1,0,9
1,tr-007_01383,test_mixed,58,19,10,100,19,4,0,23
1,tr-011_02995,test_mixed,8,4,4,72,4,4,0,20
1,tr-009_02339,test_mixed,23,14,6,70,10,4,0,19
1,tr-009_02077,test_mixed,40,11,7,89,14,0,8,16
1,tr-008_01931,test_mixed,4,4,2,56,3,1,0,13
1,tr-005_00413,test_mixed,8,16,6,65,8,0,1,14
1,tr-008_01800,test_mixed,5,52,0,71,3,10,0,16
1,tr-011_02953,test_mixed,3,15,1,80,4,4,1,22
1,tr-006_00892,test_mixed,33,28,2,83,15,1,4,20
1,tr-007_01421,test_mixed,35,21,11,78,20,0,0,20
1,tr-007_01533,test_mixed,81,14,18,161,28,0,11,33
1,tr-006_00995,test_mixed,12,9,8,89,9,1,0,26
1,tr-009_02340,test_mixed,49,2,23,75,18,0,0,18
1,tr-005_00086,test_mixed,1,28,0,50,1,8,0,13
1,tr-005_00206,test_mixed,12,34,3,60,6,6,0,12
1,tr-005_00286,test_mixed,44,5,11,64,11,0,4,11
1,tr-005_00347,test_mixed,15,34,1,67,9,5,0,14
1,tr-005_00311,test_mixed,19,30,1,79,9,7,0,18
1,tr-005_00232,test_mixed,5,3,16,43,6,0,6,11
1,tr-006_00641,test_mixed,19,33,32,634,32,10,4,173
1,tr-007_01492,test_mixed,3,1,0,42,2,0,0,10
1,tr-008_01729,test_mixed,2,14,0,41,2,5,0,11
1,tr-006_00897,test_mixed,9,7,5,41,9,0,0,9
1,tr-010_02819,test_mixed,5,5,8,47,5,0,3,11
1,tr-006_00676,test_mixed,3,2,0,33,1,0,0,12
1,tr-010_02545,test_mixed,28,2,23,45,9,0,2,9
1,tr-011_02872,test_mixed,21,28,8,147,16,5,0,41
1,tr-010_02825,test_mixed,5,3,5,75,7,1,0,16
1,tr-009_02231,test_mixed,5,7,13,154,14,1,0,42
1,tr-007_01401,test_mixed,9,7,6,73,9,2,1,22
1,tr-007_01484,test_mixed,3,0,10,133,9,0,0,38
1,tr-007_01348,test_mixed,27,8,5,42,7,1,0,8
1,tr-009_02028,test_mixed,22,11,9,43,8,0,7,8
1,tr-009_02163,test_mixed,9,4,2,94,4,2,0,26
1,tr-008_01576,test_mixed,8,40,40,439,27,12,4,103
1,tr-006_01017,test_mixed,18,16,4,127,9,8,1,33
1,tr-011_03267,test_mixed,4,3,32,98,6,3,6,34
1,tr-006_00680,test_mixed,2,7,4,54,4,3,0,18
1,tr-006_00605,test_mixed,1,7,3,42,3,1,0,10
1,tr-008_01847,test_mixed,46,0,1,46,8,0,1,8
1,tr-011_03237,test_mixed,9,6,8,58,8,1,2,15
1,tr-009_02219,test_mixed,1,6,2,36,4,2,1,10
1,tr-008_01677,test_mixed,0,14,3,92,3,6,0,25
1,tr-006_01075,test_mixed,6,4,3,54,4,3,1,14
1,tr-006_01025,test_mixed,5,2,5,47,4,2,1,13
1,tr-008_01863,test_mixed,11,3,14,34,8,0,2,8
1,tr-010_02746,test_mixed,3,2,11,62,7,1,4,17
1,tr-006_01009,test_mixed,0,1,3,29,3,1,0,9
1,tr-009_02007,test_mixed,10,2,2,24,6,0,0,7
1,tr-007_01398,test_mixed,4,2,6,32,5,0,2,6
1,tr-006_00996,test_mixed,30,9,0,47,6,0,7,6
1,tr-011_03110,test_mixed,5,10,12,78,11,2,1,24
1,tr-008_01705,test_mixed,7,5,5,95,7,4,0,25
1,tr-007_01395,test_mixed,15,25,8,80,13,4,0,19
1,tr-005_00319,test_mixed,4,4,2,38,2,2,0,11
1,tr-008_01798,test_mixed,12,3,7,25,6,0,0,6
1,tr-007_01214,test_mixed,24,0,33,41,10,0,3,10
1,tr-006_00487,test_mixed,3,18,0,59,2,2,0,14
1,tr-007_01427,test_mixed,0,263,0,265,0,61,0,62
1,tr-011_03153,test_spanish_only,0,2,5,51,3,1,1,17
1,tr-010_02781,test_spanish_only,11,5,3,78,8,0,4,19
1,tr-011_03254,test_spanish_only,2,1,9,209,9,0,1,61
1,tr-005_00124,test_spanish_only,8,4,8,78,10,2,2,21
1,tr-005_00131,test_spanish_only,12,15,2,91,8,2,0,18
1,tr-010_02555,test_spanish_only,2,17,7,97,9,6,0,26
1,tr-010_02703,test_spanish_only,1,18,3,89,5,5,0,26
1,tr-009_02202,test_spanish_only,2,12,2,61,4,6,0,17
1,tr-011_02955,test_spanish_only,4,5,8,117,7,2,2,32
1,tr-011_03044,test_spanish_only,0,0,2,24,2,0,0,5
1,tr-006_00650,test_spanish_only,7,8,5,88,10,2,0,26
1,tr-007_01147,test_spanish_only,1,4,1,65,5,0,0,17
1,tr-010_02797,test_spanish_only,2,3,8,61,5,2,2,17
1,tr-010_02815,test_spanish_only,1,13,4,74,3,4,1,19
1,tr-011_02948,test_spanish_only,0,0,2,78,2,0,0,22
1,tr-005_00161,test_spanish_only,2,4,2,58,4,2,0,19
1,tr-011_03246,test_spanish_only,2,7,10,96,11,1,0,26
1,tr-006_00668,test_spanish_only,3,3,6,71,8,1,1,16
1,tr-011_02964,test_spanish_only,1,18,4,74,4,4,0,19
1,tr-006_00654,test_spanish_only,13,15,11,136,13,3,5,39
1,tr-011_03277,test_spanish_only,1,2,0,15,1,1,0,5
1,tr-010_02694,test_spanish_only,7,6,1,43,7,3,0,15
1,tr-011_03021,test_spanish_only,1,11,2,65,3,3,0,17
1,tr-011_03259,test_spanish_only,1,1,2,46,2,1,1,13
1,tr-006_01024,test_spanish_only,3,26,1,78,5,6,0,20
2,tr-005_00322,test_guarani_only,3,3,9,24,3,2,0,5
2,tr-009_02047,test_guarani_only,5,4,1,42,4,0,2,5
2,tr-007_01213,test_guarani_only,5,3,3,51,5,0,2,7
2,tr-010_02466,test_guarani_only,0,4,2,32,2,1,0,5
2,tr-008_01948,test_guarani_only,2,1,1,32,3,1,0,7
2,tr-007_01347,test_guarani_only,1,1,0,25,1,1,0,6
2,tr-007_01328,test_guarani_only,4,5,5,31,3,3,0,6
2,tr-010_02424,test_guarani_only,4,0,0,29,3,1,0,6
2,tr-007_01189,test_guarani_only,8,6,2,53,6,2,1,9
2,tr-007_01154,test_guarani_only,1,5,0,26,3,0,0,6
2,tr-008_01774,test_guarani_only,20,17,2,51,7,0,0,7
2,tr-009_02005,test_guarani_only,1,13,0,30,1,3,0,6
2,tr-010_02397,test_guarani_only,4,1,2,22,4,2,0,6
2,tr-010_02510,test_guarani_only,5,3,1,33,4,3,0,7
2,tr-008_01884,test_guarani_only,6,4,0,46,5,0,1,7
2,tr-010_02395,test_guarani_only,3,2,9,40,5,0,1,9
2,tr-009_02044,test_guarani_only,3,1,0,48,7,0,1,8
2,tr-010_02472,test_guarani_only,5,5,4,32,5,1,0,6
2,tr-005_00207,test_guarani_only,0,1,1,12,1,1,0,3
2,tr-008_01937,test_guarani_only,4,3,2,36,4,1,0,6
2,tr-010_02406,test_guarani_only,3,4,1,19,2,2,0,5
2,tr-009_02359,test_guarani_only,1,3,0,27,1,1,0,4
2,tr-007_01208,test_guarani_only,7,15,2,55,6,4,0,11
2,tr-010_02415,test_guarani_only,11,5,1,69,7,3,0,12
2,tr-008_01881,test_guarani_only,1,0,0,15,1,0,1,4
2,tr-010_02520,test_jehea,2,3,1,36,4,0,1,6
2,tr-008_01885,test_jehea,3,3,3,24,3,2,0,6
2,tr-010_02529,test_jehea,11,13,4,87,12,6,0,20
2,tr-007_01440,test_jehea,22,18,2,118,15,13,0,32
2,tr-009_02080,test_jehea,10,12,3,75,10,3,0,16
2,tr-009_02023,test_jehea,10,9,0,114,11,1,1,17
2,tr-007_01396,test_jehea,8,21,4,111,16,4,0,23
2,tr-008_01771,test_jehea,9,9,1,106,10,1,2,16
2,tr-008_01742,test_jehea,1,1,2,29,4,0,1,5
2,tr-007_01490,test_jehea,14,26,3,96,7,10,0,22
2,tr-010_02454,test_jehea,10,12,2,108,13,3,3,23
2,tr-010_02536,test_jehea,16,7,5,101,9,3,1,21
2,tr-007_01215,test_jehea,19,49,0,157,8,9,3,27
2,tr-007_01243,test_jehea,18,6,1,65,9,7,0,16
2,tr-009_02087,test_jehea,12,14,2,91,10,7,0,19
2,tr-008_01968,test_jehea,14,18,2,61,10,3,0,14
2,tr-006_00990,test_jehea,14,8,10,84,12,6,2,23
2,tr-005_00374,test_jehea,13,11,3,80,11,5,0,19
2,tr-005_00406,test_jehea,9,23,6,106,14,4,0,23
2,tr-005_00364,test_jehea,15,8,2,81,8,7,0,17
2,tr-005_00194,test_jehea,8,10,4,77,9,2,0,15
2,tr-005_00323,test_jehea,10,9,1,84,13,5,0,19
2,tr-010_02531,test_jehea,3,2,2,33,4,2,0,7
2,tr-005_00258,test_jehea,11,7,1,53,8,5,0,13
2,tr-005_00198,test_jehea,3,16,2,67,7,2,2,13
2,tr-005_00276,test_jehea,5,8,3,59,7,3,0,11
2,tr-005_00293,test_jehea,6,5,7,54,10,0,1,10
2,tr-005_00203,test_jehea,9,19,2,76,5,3,0,12
2,tr-005_00345,test_jehea,10,7,4,43,7,4,0,11
2,tr-005_00348,test_jehea,8,14,0,51,3,4,0,10
2,tr-005_00403,test_jehea,3,9,0,64,5,2,2,13
2,tr-006_00693,test_jehea,52,63,50,634,65,22,11,176
2,tr-005_00267,test_jehea,6,2,2,25,3,2,0,5
2,tr-010_02425,test_mixed,4,3,3,40,4,1,2,7
2,tr-005_00340,test_mixed,5,0,10,26,3,3,0,8
2,tr-007_01128,test_mixed,8,9,1,65,6,6,0,22
2,tr-008_01702,test_mixed,8,10,3,53,7,6,1,16
2,tr-005_00370,test_mixed,13,9,3,52,8,5,0,14
2,tr-005_00010,test_mixed,32,40,7,173,24,15,0,42
2,tr-008_01864,test_mixed,15,2,12,26,5,0,0,5
2,tr-008_01853,test_mixed,10,10,1,38,6,3,0,9
2,tr-007_01383,test_mixed,9,11,2,100,12,6,1,23
2,tr-011_02995,test_mixed,14,14,2,72,9,9,0,20
2,tr-009_02339,test_mixed,6,4,5,70,10,5,0,19
2,tr-009_02077,test_mixed,5,18,0,89,8,6,0,16
2,tr-008_01931,test_mixed,5,5,0,56,3,1,0,13
2,tr-005_00413,test_mixed,11,11,4,65,8,3,0,14
2,tr-008_01800,test_mixed,12,28,1,71,8,7,0,16
2,tr-011_02953,test_mixed,6,23,0,80,6,7,0,22
2,tr-006_00892,test_mixed,18,11,0,83,13,7,0,20
2,tr-007_01421,test_mixed,11,16,5,78,10,6,0,20
2,tr-007_01533,test_mixed,16,11,3,161,19,5,1,33
2,tr-006_00995,test_mixed,10,19,0,89,17,7,0,26
2,tr-009_02340,test_mixed,9,6,2,75,11,2,0,18
2,tr-005_00086,test_mixed,5,26,3,50,2,11,0,13
2,tr-005_00206,test_mixed,10,11,3,60,8,2,0,12
2,tr-005_00286,test_mixed,8,10,9,64,8,2,0,11
2,tr-005_00347,test_mixed,19,18,1,67,6,8,0,14
2,tr-005_00311,test_mixed,11,14,8,79,9,7,0,18
2,tr-005_00232,test_mixed,5,8,1,43,5,3,0,11
2,tr-006_00641,test_mixed,60,60,23,634,69,23,7,173
2,tr-007_01492,test_mixed,10,3,1,42,7,2,0,10
2,tr-008_01729,test_mixed,9,10,0,41,5,5,0,11
2,tr-006_00897,test_mixed,4,4,0,41,6,1,0,9
2,tr-010_02819,test_mixed,8,10,0,47,7,4,0,11
2,tr-006_00676,test_mixed,3,6,0,33,4,6,0,12
2,tr-010_02545,test_mixed,5,8,3,45,7,2,0,9
2,tr-011_02872,test_mixed,16,12,4,147,15,7,3,41
2,tr-010_02825,test_mixed,14,4,2,75,10,6,0,16
2,tr-009_02231,test_mixed,19,16,3,154,25,9,0,42
2,tr-007_01401,test_mixed,9,13,2,73,11,5,0,22
2,tr-007_01484,test_mixed,12,11,0,133,16,4,0,38
2,tr-007_01348,test_mixed,13,17,3,42,8,0,0,8
2,tr-009_02028,test_mixed,8,10,4,43,8,0,0,8
2,tr-009_02163,test_mixed,19,8,3,94,15,5,0,26
2,tr-008_01576,test_mixed,29,118,0,439,31,39,0,103
2,tr-006_01017,test_mixed,22,28,1,127,19,11,0,33
2,tr-011_03267,test_mixed,15,15,11,98,14,12,0,34
2,tr-006_00680,test_mixed,9,5,5,54,9,8,0,18
2,tr-006_00605,test_mixed,6,4,1,42,7,1,0,10
2,tr-008_01847,test_mixed,5,0,0,46,4,0,1,8
2,tr-011_03237,test_mixed,14,10,0,58,10,5,0,15
2,tr-009_02219,test_mixed,4,5,7,36,5,2,1,10
2,tr-008_01677,test_mixed,13,18,1,92,10,11,0,25
2,tr-006_01075,test_mixed,3,10,0,54,8,4,0,14
2,tr-006_01025,test_mixed,4,6,2,47,8,4,0,13
2,tr-008_01863,test_mixed,1,3,6,34,5,1,0,8
2,tr-010_02746,test_mixed,11,7,2,62,11,5,0,17
2,tr-006_01009,test_mixed,7,2,1,29,5,2,0,9
2,tr-009_02007,test_mixed,6,2,0,24,2,5,0,7
2,tr-007_01398,test_mixed,4,2,1,32,5,0,2,6
2,tr-006_00996,test_mixed,2,6,1,47,5,1,0,6
2,tr-011_03110,test_mixed,12,10,7,78,14,3,1,24
2,tr-008_01705,test_mixed,28,20,8,95,14,10,0,25
2,tr-007_01395,test_mixed,6,11,2,80,9,5,0,19
2,tr-005_00319,test_mixed,9,3,0,38,6,2,0,11
2,tr-008_01798,test_mixed,5,3,2,25,2,2,0,6
2,tr-007_01214,test_mixed,9,15,1,41,6,4,0,10
2,tr-006_00487,test_mixed,6,8,3,59,7,3,0,14
2,tr-007_01427,test_mixed,35,83,6,265,33,25,0,62
2,tr-011_03153,test_spanish_only,8,6,2,51,7,4,0,17
2,tr-010_02781,test_spanish_only,10,10,2,78,10,3,0,19
2,tr-011_03254,test_spanish_only,21,11,4,209,21,4,1,61
2,tr-005_00124,test_spanish_only,9,6,7,78,11,5,0,21
2,tr-005_00131,test_spanish_only,16,22,1,91,13,1,0,18
2,tr-010_02555,test_spanish_only,12,18,0,97,13,6,0,26
2,tr-010_02703,test_spanish_only,13,14,2,89,13,13,0,26
2,tr-009_02202,test_spanish_only,6,9,0,61,9,3,2,17
2,tr-011_02955,test_spanish_only,9,10,1,117,13,4,1,32
2,tr-011_03044,test_spanish_only,5,2,0,24,3,2,0,5
2,tr-006_00650,test_spanish_only,15,18,1,88,10,12,0,26
2,tr-007_01147,test_spanish_only,5,3,0,65,7,1,0,17
2,tr-010_02797,test_spanish_only,3,5,4,61,7,3,1,17
2,tr-010_02815,test_spanish_only,8,13,0,74,9,4,0,19
2,tr-011_02948,test_spanish_only,6,2,1,78,3,5,0,22
2,tr-005_00161,test_spanish_only,6,11,3,58,12,5,0,19
2,tr-011_03246,test_spanish_only,7,5,1,96,7,5,0,26
2,tr-006_00668,test_spanish_only,13,11,2,71,6,3,1,16
2,tr-011_02964,test_spanish_only,11,19,0,74,9,4,0,19
2,tr-006_00654,test_spanish_only,24,17,15,136,26,6,0,39
2,tr-011_03277,test_spanish_only,3,1,2,15,4,1,0,5
2,tr-010_02694,test_spanish_only,5,1,2,43,5,2,0,15
2,tr-011_03021,test_spanish_only,4,6,1,65,9,2,0,17
2,tr-011_03259,test_spanish_only,1,2,0,46,1,1,0,13
2,tr-006_01024,test_spanish_only,8,9,2,78,11,1,0,20
3,tr-005_00322,test_guarani_only,13,11,0,24,4,1,0,5
3,tr-009_02047,test_guarani_only,7,6,1,42,5,0,4,5
3,tr-007_01213,test_guarani_only,6,2,3,51,5,0,1,7
3,tr-010_02466,test_guarani_only,8,7,2,32,4,1,0,5
3,tr-008_01948,test_guarani_only,2,2,1,32,2,1,0,7
3,tr-007_01347,test_guarani_only,4,3,0,25,4,2,0,6
3,tr-007_01328,test_guarani_only,6,7,2,31,6,0,0,6
3,tr-010_02424,test_guarani_only,7,3,1,29,5,0,3,6
3,tr-007_01189,test_guarani_only,13,10,1,53,8,1,0,9
3,tr-007_01154,test_guarani_only,8,8,0,26,5,1,0,6
3,tr-008_01774,test_guarani_only,22,15,1,51,7,0,0,7
3,tr-009_02005,test_guarani_only,11,19,0,30,1,5,0,6
3,tr-010_02397,test_guarani_only,5,6,0,22,3,1,0,6
3,tr-010_02510,test_guarani_only,12,7,0,33,7,0,0,7
3,tr-008_01884,test_guarani_only,4,4,0,46,5,0,0,7
3,tr-010_02395,test_guarani_only,11,3,5,40,8,1,0,9
3,tr-009_02044,test_guarani_only,0,1,0,48,2,0,2,8
3,tr-010_02472,test_guarani_only,9,6,1,32,6,0,1,6
3,tr-005_00207,test_guarani_only,1,0,1,12,1,0,0,3
3,tr-008_01937,test_guarani_only,8,3,0,36,4,1,0,6
3,tr-010_02406,test_guarani_only,4,3,2,19,5,0,4,5
3,tr-009_02359,test_guarani_only,2,4,0,27,4,0,0,4
3,tr-007_01208,test_guarani_only,17,14,1,55,8,3,0,11
3,tr-010_02415,test_guarani_only,6,11,2,69,5,2,0,12
3,tr-008_01881,test_guarani_only,1,0,0,15,2,1,0,4
3,tr-010_02520,test_jehea,7,4,1,36,5,0,0,6
3,tr-008_01885,test_jehea,1,0,2,24,3,0,0,6
3,tr-010_02529,test_jehea,18,14,2,87,12,2,0,20
3,tr-007_01440,test_jehea,10,8,2,118,9,2,3,32
3,tr-009_02080,test_jehea,22,8,3,75,12,1,0,16
3,tr-009_02023,test_jehea,5,5,1,114,3,2,0,17
3,tr-007_01396,test_jehea,18,27,0,111,21,0,0,23
3,tr-008_01771,test_jehea,6,7,0,106,8,0,3,16
3,tr-008_01742,test_jehea,29,0,6,29,5,0,3,5
3,tr-007_01490,test_jehea,15,14,5,96,10,2,1,22
3,tr-010_02454,test_jehea,34,19,4,108,23,0,0,23
3,tr-010_02536,test_jehea,12,7,8,101,9,1,1,21
3,tr-007_01215,test_jehea,14,48,3,157,13,6,0,27
3,tr-007_01243,test_jehea,3,3,1,65,4,0,1,16
3,tr-009_02087,test_jehea,10,8,0,91,9,2,1,19
3,tr-008_01968,test_jehea,10,5,2,61,7,2,2,14
3,tr-006_00990,test_jehea,7,16,3,84,7,3,2,23
3,tr-005_00374,test_jehea,10,17,1,80,9,6,0,19
3,tr-005_00406,test_jehea,10,27,7,106,13,2,3,23
3,tr-005_00364,test_jehea,16,16,2,81,12,1,0,17
3,tr-005_00194,test_jehea,3,8,4,77,5,2,2,15
3,tr-005_00323,test_jehea,11,12,3,84,15,2,0,19
3,tr-010_02531,test_jehea,1,2,0,33,1,2,0,7
3,tr-005_00258,test_jehea,6,4,2,53,6,0,1,13
3,tr-005_00198,test_jehea,10,17,0,67,10,0,2,13
3,tr-005_00276,test_jehea,5,1,2,59,4,0,1,11
3,tr-005_00293,test_jehea,13,2,2,54,6,0,1,10
3,tr-005_00203,test_jehea,9,27,1,76,4,3,1,12
3,tr-005_00345,test_jehea,8,7,2,43,7,0,3,11
3,tr-005_00348,test_jehea,6,20,4,51,10,0,0,10
3,tr-005_00403,test_jehea,2,10,0,64,4,2,1,13
3,tr-006_00693,test_jehea,17,64,53,634,12,21,17,176
3,tr-005_00267,test_jehea,8,3,2,25,3,0,2,5
3,tr-010_02425,test_mixed,4,2,3,40,4,0,1,7
3,tr-005_00340,test_mixed,5,7,0,26,6,0,0,8
3,tr-007_01128,test_mixed,3,1,0,65,2,0,0,22
3,tr-008_01702,test_mixed,4,18,0,53,2,7,0,16
3,tr-005_00370,test_mixed,1,10,0,52,4,2,0,14
3,tr-005_00010,test_mixed,26,23,4,173,15,2,3,42
3,tr-008_01864,test_mixed,15,2,13,26,5,0,1,5
3,tr-008_01853,test_mixed,27,11,0,38,7,2,0,9
3,tr-007_01383,test_mixed,13,13,0,100,12,5,0,23
3,tr-011_02995,test_mixed,3,34,0,72,3,11,0,20
3,tr-009_02339,test_mixed,6,6,3,70,9,4,1,19
3,tr-009_02077,test_mixed,7,21,2,89,9,5,0,16
3,tr-008_01931,test_mixed,4,4,0,56,2,1,0,13
3,tr-005_00413,test_mixed,9,7,3,65,7,0,1,14
3,tr-008_01800,test_mixed,8,14,3,71,6,3,1,16
3,tr-011_02953,test_mixed,1,42,0,80,1,11,1,22
3,tr-006_00892,test_mixed,17,11,1,83,7,2,5,20
3,tr-007_01421,test_mixed,9,17,4,78,9,3,0,20
3,tr-007_01533,test_mixed,17,5,1,161,15,4,2,33
3,tr-006_00995,test_mixed,8,10,1,89,5,2,0,26
3,tr-009_02340,test_mixed,7,3,4,75,9,1,0,18
3,tr-005_00086,test_mixed,6,28,1,50,4,7,0,13
3,tr-005_00206,test_mixed,8,14,4,60,6,4,0,12
3,tr-005_00286,test_mixed,18,15,3,64,10,0,1,11
3,tr-005_00347,test_mixed,26,16,6,67,14,0,1,14
3,tr-005_00311,test_mixed,12,11,4,79,12,2,1,18
3,tr-005_00232,test_mixed,5,5,5,43,5,0,2,11
3,tr-006_00641,test_mixed,11,97,20,634,24,23,2,173
3,tr-007_01492,test_mixed,1,0,0,42,1,0,0,10
3,tr-008_01729,test_mixed,2,12,2,41,3,3,1,11
3,tr-006_00897,test_mixed,8,4,0,41,8,0,2,9
3,tr-010_02819,test_mixed,19,28,0,47,1,10,0,11
3,tr-006_00676,test_mixed,3,2,0,33,1,1,0,12
3,tr-010_02545,test_mixed,9,9,1,45,8,1,0,9
3,tr-011_02872,test_mixed,14,12,8,147,14,2,3,41
3,tr-010_02825,test_mixed,3,4,0,75,3,1,0,16
3,tr-009_02231,test_mixed,7,18,1,154,9,8,0,42
3,tr-007_01401,test_mixed,3,10,5,73,9,2,1,22
3,tr-007_01484,test_mixed,3,4,5,133,3,1,2,38
3,tr-007_01348,test_mixed,3,2,1,42,3,0,1,8
3,tr-009_02028,test_mixed,35,8,0,43,8,0,1,8
3,tr-009_02163,test_mixed,4,10,2,94,3,4,0,26
3,tr-008_01576,test_mixed,4,181,0,439,7,46,0,103
3,tr-006_01017,test_mixed,10,15,0,127,5,3,0,33
3,tr-011_03267,test_mixed,4,10,21,98,5,5,4,34
3,tr-006_00680,test_mixed,4,2,2,54,4,0,2,18
3,tr-006_00605,test_mixed,4,1,2,42,4,0,1,10
3,tr-008_01847,test_mixed,4,1,1,46,3,1,1,8
3,tr-011_03237,test_mixed,3,8,1,58,3,2,0,15
3,tr-009_02219,test_mixed,4,10,6,36,4,3,2,10
3,tr-008_01677,test_mixed,1,15,0,92,4,7,0,25
3,tr-006_01075,test_mixed,6,9,1,54,3,5,0,14
3,tr-006_01025,test_mixed,0,1,4,47,2,1,1,13
3,tr-008_01863,test_mixed,2,4,0,34,3,1,0,8
3,tr-010_02746,test_mixed,2,20,1,62,2,7,2,17
3,tr-006_01009,test_mixed,0,1,0,29,0,1,0,9
3,tr-009_02007,test_mixed,5,6,0,24,4,2,0,7
3,tr-007_01398,test_mixed,2,1,0,32,3,0,2,6
3,tr-006_00996,test_mixed,5,14,1,47,5,0,0,6
3,tr-011_03110,test_mixed,6,11,4,78,7,4,1,24
3,tr-008_01705,test_mixed,7,5,5,95,5,4,0,25
3,tr-007_01395,test_mixed,8,16,0,80,8,6,0,19
3,tr-005_00319,test_mixed,4,3,1,38,3,1,0,11
3,tr-008_01798,test_mixed,4,4,2,25,3,0,0,6
3,tr-007_01214,test_mixed,7,5,2,41,3,1,3,10
3,tr-006_00487,test_mixed,3,17,0,59,2,1,0,14
3,tr-007_01427,test_mixed,27,68,9,265,36,8,3,62
3,tr-011_03153,test_spanish_only,2,3,0,51,1,2,0,17
3,tr-010_02781,test_spanish_only,5,7,0,78,6,0,2,19
3,tr-011_03254,test_spanish_only,1,0,2,209,2,0,1,61
3,tr-005_00124,test_spanish_only,5,6,4,78,5,3,1,21
3,tr-005_00131,test_spanish_only,9,17,0,91,8,0,0,18
3,tr-010_02555,test_spanish_only,4,12,1,97,7,2,1,26
3,tr-010_02703,test_spanish_only,0,8,2,89,2,1,0,26
3,tr-009_02202,test_spanish_only,2,7,1,61,3,2,0,17
3,tr-011_02955,test_spanish_only,2,6,0,117,1,2,0,32
3,tr-011_03044,test_spanish_only,0,1,0,24,1,0,0,5
3,tr-006_00650,test_spanish_only,7,15,0,88,7,5,0,26
3,tr-007_01147,test_spanish_only,1,2,0,65,3,0,0,17
3,tr-010_02797,test_spanish_only,1,2,3,61,2,1,2,17
3,tr-010_02815,test_spanish_only,1,11,0,74,1,3,0,19
3,tr-011_02948,test_spanish_only,2,1,4,78,3,1,0,22
3,tr-005_00161,test_spanish_only,2,10,1,58,5,3,0,19
3,tr-011_03246,test_spanish_only,2,9,1,96,4,3,0,26
3,tr-006_00668,test_spanish_only,1,7,1,71,4,1,0,16
3,tr-011_02964,test_spanish_only,4,12,0,74,2,3,0,19
3,tr-006_00654,test_spanish_only,8,22,9,136,10,4,2,39
3,tr-011_03277,test_spanish_only,0,2,0,15,0,1,0,5
3,tr-010_02694,test_spanish_only,0,5,0,43,0,3,0,15
3,tr-011_03021,test_spanish_only,3,5,1,65,4,0,0,17
3,tr-011_03259,test_spanish_only,1,1,0,46,0,1,1,13
3,tr-006_01024,test_spanish_only,2,13,1,78,3,2,1,20
4a,tr-005_00322,test_guarani_only,8,4,3,24,4,1,0,5
4a,tr-009_02047,test_guarani_only,3,5,1,42,5,0,1,5
4a,tr-007_01213,test_guarani_only,6,2,3,51,5,0,1,7
4a,tr-010_02466,test_guarani_only,4,7,1,32,5,0,0,5
4a,tr-008_01948,test_guarani_only,2,0,1,32,2,0,0,7
4a,tr-007_01347,test_guarani_only,4,3,1,25,3,3,0,6
4a,tr-007_01328,test_guarani_only,6,9,2,31,3,3,0,6
4a,tr-010_02424,test_guarani_only,4,2,1,29,4,1,0,6
4a,tr-007_01189,test_guarani_only,9,15,0,53,8,1,0,9
4a,tr-007_01154,test_guarani_only,4,7,0,26,4,0,0,6
4a,tr-008_01774,test_guarani_only,22,15,1,51,7,0,0,7
4a,tr-009_02005,test_guarani_only,3,9,0,30,3,3,0,6
4a,tr-010_02397,test_guarani_only,2,4,0,22,2,1,0,6
4a,tr-010_02510,test_guarani_only,11,3,4,33,7,0,0,7
4a,tr-008_01884,test_guarani_only,6,3,0,46,5,0,0,7
4a,tr-010_02395,test_guarani_only,4,4,6,40,4,3,0,9
4a,tr-009_02044,test_guarani_only,0,1,0,48,2,0,2,8
4a,tr-010_02472,test_guarani_only,10,7,2,32,6,0,0,6
4a,tr-005_00207,test_guarani_only,1,0,0,12,1,0,0,3
4a,tr-008_01937,test_guarani_only,8,3,0,36,4,1,0,6
4a,tr-010_02406,test_guarani_only,5,2,2,19,3,2,0,5
4a,tr-009_02359,test_guarani_only,2,2,1,27,1,1,1,4
4a,tr-007_01208,test_guarani_only,14,15,0,55,10,1,0,11
4a,tr-010_02415,test_guarani_only,6,11,2,69,5,2,0,12
4a,tr-008_01881,test_guarani_only,1,0,0,15,2,2,0,4
4a,tr-010_02520,test_jehea,5,2,0,36,4,1,0,6
4a,tr-008_01885,test_jehea,2,0,3,24,1,2,0,6
4a,tr-010_02529,test_jehea,14,13,0,87,12,3,1,20
4a,tr-007_01440,test_jehea,11,10,1,118,12,2,2,32
4a,tr-009_02080,test_jehea,11,12,0,75,10,2,1,16
4a,tr-009_02023,test_jehea,5,6,1,114,3,2,0,17
4a,tr-007_01396,test_jehea,13,21,1,111,18,1,0,23
4a,tr-008_01771,test_jehea,6,8,3,106,8,0,3,16
4a,tr-008_01742,test_jehea,7,1,3,29,4,0,0,5
4a,tr-007_01490,test_jehea,10,20,4,96,9,3,0,22
4a,tr-010_02454,test_jehea,14,14,3,108,15,2,2,23
4a,tr-010_02536,test_jehea,12,5,8,101,9,0,1,21
4a,tr-007_01215,test_jehea,12,48,4,157,13,5,1,27
4a,tr-007_01243,test_jehea,4,3,1,65,4,0,1,16
4a,tr-009_02087,test_jehea,8,12,0,91,9,5,0,19
4a,tr-008_01968,test_jehea,10,6,3,61,8,1,2,14
4a,tr-006_00990,test_jehea,5,8,4,84,5,3,2,23
4a,tr-005_00374,test_jehea,11,15,1,80,9,7,0,19
4a,tr-005_00406,test_jehea,12,27,6,106,11,4,4,23
4a,tr-005_00364,test_jehea,10,12,2,81,10,2,0,17
4a,tr-005_00194,test_jehea,5,8,1,77,4,3,1,15
4a,tr-005_00323,test_jehea,7,13,1,84,12,6,0,19
4a,tr-010_02531,test_jehea,1,2,0,33,1,2,0,7
4a,tr-005_00258,test_jehea,6,3,2,53,6,0,0,13
4a,tr-005_00198,test_jehea,10,13,1,67,7,4,0,13
4a,tr-005_00276,test_jehea,6,1,2,59,5,0,1,11
4a,tr-005_00293,test_jehea,6,6,2,54,5,1,1,10
4a,tr-005_00203,test_jehea,8,29,1,76,4,3,0,12
4a,tr-005_00345,test_jehea,10,6,2,43,9,1,0,11
4a,tr-005_00348,test_jehea,5,11,1,51,6,2,0,10
4a,tr-005_00403,test_jehea,2,10,0,64,4,2,1,13
4a,tr-006_00693,test_jehea,14,66,52,634,12,21,17,176
4a,tr-005_00267,test_jehea,3,4,0,25,4,0,1,5
4a,tr-010_02425,test_mixed,6,2,3,40,4,1,1,7
4a,tr-005_00340,test_mixed,3,2,2,26,3,3,0,8
4a,tr-007_01128,test_mixed,3,1,0,65,2,0,0,22
4a,tr-008_01702,test_mixed,5,16,0,53,3,6,0,16
4a,tr-005_00370,test_mixed,3,7,0,52,4,2,0,14
4a,tr-005_00010,test_mixed,21,28,3,173,13,3,0,42
4a,tr-008_01864,test_mixed,15,2,13,26,5,0,1,5
4a,tr-008_01853,test_mixed,11,13,1,38,6,3,0,9
4a,tr-007_01383,test_mixed,11,13,0,100,8,7,0,23
4a,tr-011_02995,test_mixed,2,35,0,72,3,11,0,20
4a,tr-009_02339,test_mixed,5,5,3,70,8,4,1,19
4a,tr-009_02077,test_mixed,7,15,2,89,7,5,1,16
4a,tr-008_01931,test_mixed,4,4,0,56,2,1,0,13
4a,tr-005_00413,test_mixed,8,10,0,65,7,1,0,14
4a,tr-008_01800,test_mixed,5,17,1,71,6,3,0,16
4a,tr-011_02953,test_mixed,1,42,0,80,1,11,1,22
4a,tr-006_00892,test_mixed,9,7,2,83,8,1,1,20
4a,tr-007_01421,test_mixed,7,17,5,78,9,3,0,20
4a,tr-007_01533,test_mixed,18,5,1,161,15,4,1,33
4a,tr-006_00995,test_mixed,5,9,2,89,5,4,0,26
4a,tr-009_02340,test_mixed,9,2,3,75,9,1,0,18
4a,tr-005_00086,test_mixed,2,27,1,50,3,6,0,13
4a,tr-005_00206,test_mixed,7,11,5,60,7,3,0,12
4a,tr-005_00286,test_mixed,17,9,3,64,10,0,2,11
4a,tr-005_00347,test_mixed,24,15,0,67,10,4,0,14
4a,tr-005_00311,test_mixed,10,9,9,79,12,4,0,18
4a,tr-005_00232,test_mixed,3,4,4,43,4,1,0,11
4a,tr-006_00641,test_mixed,10,99,20,634,23,24,2,173
4a,tr-007_01492,test_mixed,1,0,0,42,1,0,0,10
4a,tr-008_01729,test_mixed,2,12,2,41,3,3,1,11
4a,tr-006_00897,test_mixed,4,9,0,41,6,2,0,9
4a,tr-010_02819,test_mixed,11,11,0,47,8,3,0,11
4a,tr-006_00676,test_mixed,1,2,0,33,1,1,0,12
4a,tr-010_02545,test_mixed,10,7,4,45,5,4,0,9
4a,tr-011_02872,test_mixed,17,9,8,147,16,1,2,41
4a,tr-010_02825,test_mixed,3,4,0,75,3,1,0,16
4a,tr-009_02231,test_mixed,7,18,1,154,9,8,0,42
4a,tr-007_01401,test_mixed,3,10,5,73,9,2,1,22
4a,tr-007_01484,test_mixed,3,4,5,133,3,1,2,38
4a,tr-007_01348,test_mixed,4,1,0,42,2,1,0,8
4a,tr-009_02028,test_mixed,14,7,6,43,8,0,2,8
4a,tr-009_02163,test_mixed,4,10,2,94,3,4,0,26
4a,tr-008_01576,test_mixed,4,115,3,439,7,27,0,103
4a,tr-006_01017,test_mixed,10,16,1,127,6,3,0,33
4a,tr-011_03267,test_mixed,5,10,18,98,5,4,3,34
4a,tr-006_00680,test_mixed,2,3,3,54,4,0,1,18
4a,tr-006_00605,test_mixed,7,2,1,42,5,2,1,10
4a,tr-008_01847,test_mixed,4,1,1,46,3,1,1,8
4a,tr-011_03237,test_mixed,6,4,1,58,5,1,0,15
4a,tr-009_02219,test_mixed,3,8,3,36,6,0,0,10
4a,tr-008_01677,test_mixed,1,15,0,92,4,7,0,25
4a,tr-006_01075,test_mixed,4,9,1,54,4,4,0,14
4a,tr-006_01025,test_mixed,2,1,8,47,5,2,1,13
4a,tr-008_01863,test_mixed,2,4,0,34,3,1,0,8
4a,tr-010_02746,test_mixed,2,20,1,62,2,7,2,17
4a,tr-006_01009,test_mixed,0,1,1,29,1,1,0,9
4a,tr-009_02007,test_mixed,4,6,0,24,3,2,0,7
4a,tr-007_01398,test_mixed,3,0,0,32,3,0,0,6
4a,tr-006_00996,test_mixed,7,17,1,47,5,0,1,6
4a,tr-011_03110,test_mixed,6,13,4,78,8,4,1,24
4a,tr-008_01705,test_mixed,7,5,5,95,5,4,0,25
4a,tr-007_01395,test_mixed,11,17,0,80,7,6,0,19
4a,tr-005_00319,test_mixed,3,2,1,38,3,1,0,11
4a,tr-008_01798,test_mixed,3,5,2,25,2,1,0,6
4a,tr-007_01214,test_mixed,6,6,1,41,6,0,1,10
4a,tr-006_00487,test_mixed,0,3,0,59,0,1,0,14
4a,tr-007_01427,test_mixed,17,74,8,265,27,14,2,62
4a,tr-011_03153,test_spanish_only,2,3,0,51,1,2,0,17
4a,tr-010_02781,test_spanish_only,4,7,0,78,5,1,1,19
4a,tr-011_03254,test_spanish_only,0,0,2,209,1,0,1,61
4a,tr-005_00124,test_spanish_only,5,6,4,78,5,3,1,21
4a,tr-005_00131,test_spanish_only,9,17,0,91,8,0,0,18
4a,tr-010_02555,test_spanish_only,3,12,1,97,7,3,1,26
4a,tr-010_02703,test_spanish_only,0,8,1,89,1,1,0,26
4a,tr-009_02202,test_spanish_only,2,7,2,61,4,2,0,17
4a,tr-011_02955,test_spanish_only,2,6,0,117,1,2,0,32
4a,tr-011_03044,test_spanish_only,0,1,0,24,1,0,0,5
4a,tr-006_00650,test_spanish_only,6,13,2,88,8,4,0,26
4a,tr-007_01147,test_spanish_only,1,2,0,65,3,0,0,17
4a,tr-010_02797,test_spanish_only,1,2,3,61,2,1,2,17
4a,tr-010_02815,test_spanish_only,1,11,0,74,1,3,0,19
4a,tr-011_02948,test_spanish_only,2,1,1,78,3,1,0,22
4a,tr-005_00161,test_spanish_only,2,7,1,58,5,2,0,19
4a,tr-011_03246,test_spanish_only,4,8,1,96,4,3,0,26
4a,tr-006_00668,test_spanish_only,2,4,0,71,5,1,0,16
4a,tr-011_02964,test_spanish_only,3,5,0,74,3,3,0,19
4a,tr-006_00654,test_spanish_only,11,21,8,136,10,4,2,39
4a,tr-011_03277,test_spanish_only,0,2,0,15,0,1,0,5
4a,tr-010_02694,test_spanish_only,0,5,0,43,0,3,0,15
4a,tr-011_03021,test_spanish_only,0,9,1,65,2,2,0,17
4a,tr-011_03259,test_spanish_only,0,2,0,46,0,1,0,13
4a,tr-006_01024,test_spanish_only,2,14,1,78,5,1,0,20
4b,tr-005_00322,test_guarani_only,7,3,3,24,5,0,0,5
4b,tr-009_02047,test_guarani_only,4,6,1,42,5,0,1,5
4b,tr-007_01213,test_guarani_only,7,4,4,51,6,0,1,7
4b,tr-010_02466,test_guarani_only,4,8,1,32,4,1,0,5
4b,tr-008_01948,test_guarani_only,3,2,1,32,3,1,0,7
4b,tr-007_01347,test_guarani_only,5,3,0,25,3,3,0,6
4b,tr-007_01328,test_guarani_only,6,8,1,31,4,2,0,6
4b,tr-010_02424,test_guarani_only,4,3,1,29,3,1,1,6
4b,tr-007_01189,test_guarani_only,10,12,0,53,7,2,0,9
4b,tr-007_01154,test_guarani_only,4,8,0,26,4,2,0,6
4b,tr-008_01774,test_guarani_only,22,15,1,51,7,0,0,7
4b,tr-009_02005,test_guarani_only,5,7,0,30,2,4,0,6
4b,tr-010_02397,test_guarani_only,1,4,2,22,3,1,0,6
4b,tr-010_02510,test_guarani_only,13,4,4,33,5,2,0,7
4b,tr-008_01884,test_guarani_only,5,3,1,46,5,0,1,7
4b,tr-010_02395,test_guarani_only,7,5,6,40,5,3,0,9
4b,tr-009_02044,test_guarani_only,1,1,0,48,3,0,2,8
4b,tr-010_02472,test_guarani_only,7,7,1,32,6,0,0,6
4b,tr-005_00207,test_guarani_only,0,1,0,12,1,0,0,3
4b,tr-008_01937,test_guarani_only,6,3,0,36,4,1,0,6
4b,tr-010_02406,test_guarani_only,8,2,1,19,3,2,0,5
4b,tr-009_02359,test_guarani_only,4,2,1,27,4,0,0,4
4b,tr-007_01208,test_guarani_only,13,18,0,55,7,4,0,11
4b,tr-010_02415,test_guarani_only,11,12,2,69,6,3,0,12
4b,tr-008_01881,test_guarani_only,0,0,0,15,1,1,0,4
4b,tr-010_02520,test_jehea,3,4,0,36,4,0,0,6
4b,tr-008_01885,test_jehea,2,0,2,24,2,1,0,6
4b,tr-010_02529,test_jehea,12,15,1,87,10,6,1,20
4b,tr-007_01440,test_jehea,13,13,1,118,13,4,2,32
4b,tr-009_02080,test_jehea,9,12,1,75,12,1,0,16
4b,tr-009_02023,test_jehea,10,6,1,114,8,2,0,17
4b,tr-007_01396,test_jehea,13,21,1,111,12,6,0,23
4b,tr-008_01771,test_jehea,10,5,0,106,10,0,3,16
4b,tr-008_01742,test_jehea,6,1,1,29,4,1,0,5
4b,tr-007_01490,test_jehea,20,12,4,96,11,2,1,22
4b,tr-010_02454,test_jehea,12,16,5,108,13,6,0,23
4b,tr-010_02536,test_jehea,15,7,9,101,10,1,1,21
4b,tr-007_01215,test_jehea,14,48,3,157,13,6,0,27
4b,tr-007_01243,test_jehea,6,3,0,65,4,0,0,16
4b,tr-009_02087,test_jehea,7,11,2,91,10,3,0,19
4b,tr-008_01968,test_jehea,8,6,0,61,7,1,0,14
4b,tr-006_00990,test_jehea,5,8,4,84,5,3,2,23
4b,tr-005_00374,test_jehea,11,17,1,80,9,6,0,19
4b,tr-005_00406,test_jehea,13,21,7,106,11,4,4,23
4b,tr-005_00364,test_jehea,7,16,1,81,12,2,1,17
4b,tr-005_00194,test_jehea,7,6,2,77,4,2,1,15
4b,tr-005_00323,test_jehea,5,13,1,84,10,9,0,19
4b,tr-010_02531,test_jehea,1,2,0,33,1,2,0,7
4b,tr-005_00258,test_jehea,10,7,1,53,8,0,1,13
4b,tr-005_00198,test_jehea,12,15,1,67,9,3,0,13
4b,tr-005_00276,test_jehea,6,1,2,59,5,0,1,11
4b,tr-005_00293,test_jehea,8,5,4,54,7,0,3,10
4b,tr-005_00203,test_jehea,8,28,1,76,4,3,0,12
4b,tr-005_00345,test_jehea,11,10,2,43,10,0,0,11
4b,tr-005_00348,test_jehea,9,18,0,51,7,2,0,10
4b,tr-005_00403,test_jehea,1,10,0,64,4,2,1,13
4b,tr-006_00693,test_jehea,14,100,53,634,10,34,17,176
4b,tr-005_00267,test_jehea,5,4,0,25,4,0,1,5
4b,tr-010_02425,test_mixed,4,2,6,40,5,0,1,7
4b,tr-005_00340,test_mixed,3,2,3,26,3,2,0,8
4b,tr-007_01128,test_mixed,6,3,0,65,3,1,0,22
4b,tr-008_01702,test_mixed,4,20,0,53,3,8,0,16
4b,tr-005_00370,test_mixed,3,7,0,52,4,2,0,14
4b,tr-005_00010,test_mixed,16,30,2,173,13,5,0,42
4b,tr-008_01864,test_mixed,15,2,13,26,5,0,1,5
4b,tr-008_01853,test_mixed,13,9,0,38,6,3,0,9
4b,tr-007_01383,test_mixed,11,17,0,100,9,7,0,23
4b,tr-011_02995,test_mixed,2,35,0,72,3,11,0,20
4b,tr-009_02339,test_mixed,8,5,3,70,9,4,1,19
4b,tr-009_02077,test_mixed,9,14,3,89,9,3,0,16
4b,tr-008_01931,test_mixed,4,4,0,56,2,1,0,13
4b,tr-005_00413,test_mixed,8,10,0,65,5,3,0,14
4b,tr-008_01800,test_mixed,9,30,0,71,8,6,0,16
4b,tr-011_02953,test_mixed,1,43,0,80,2,11,1,22
4b,tr-006_00892,test_mixed,11,8,2,83,8,2,1,20
4b,tr-007_01421,test_mixed,7,18,2,78,8,4,0,20
4b,tr-007_01533,test_mixed,21,5,1,161,17,4,2,33
4b,tr-006_00995,test_mixed,4,13,1,89,4,5,0,26
4b,tr-009_02340,test_mixed,7,3,4,75,9,1,0,18
4b,tr-005_00086,test_mixed,1,27,1,50,2,6,0,13
4b,tr-005_00206,test_mixed,8,11,5,60,7,3,0,12
4b,tr-005_00286,test_mixed,11,16,3,64,10,0,1,11
4b,tr-005_00347,test_mixed,16,21,2,67,12,2,0,14
4b,tr-005_00311,test_mixed,13,9,8,79,11,5,0,18
4b,tr-005_00232,test_mixed,3,6,3,43,3,2,0,11
4b,tr-006_00641,test_mixed,13,95,19,634,25,22,2,173
4b,tr-007_01492,test_mixed,1,0,0,42,1,0,0,10
4b,tr-008_01729,test_mixed,0,17,1,41,1,6,1,11
4b,tr-006_00897,test_mixed,2,6,0,41,5,2,0,9
4b,tr-010_02819,test_mixed,15,12,2,47,9,2,0,11
4b,tr-006_00676,test_mixed,3,6,0,33,5,4,0,12
4b,tr-010_02545,test_mixed,12,5,1,45,4,5,0,9
4b,tr-011_02872,test_mixed,15,9,3,147,11,3,1,41
4b,tr-010_02825,test_mixed,4,4,0,75,4,1,0,16
4b,tr-009_02231,test_mixed,8,19,1,154,9,9,0,42
4b,tr-007_01401,test_mixed,5,11,1,73,8,2,0,22
4b,tr-007_01484,test_mixed,3,4,5,133,3,1,2,38
4b,tr-007_01348,test_mixed,5,0,1,42,3,0,0,8
4b,tr-009_02028,test_mixed,11,8,6,43,8,0,0,8
4b,tr-009_02163,test_mixed,4,8,2,94,3,3,0,26
4b,tr-008_01576,test_mixed,33,139,0,439,17,38,0,103
4b,tr-006_01017,test_mixed,12,18,1,127,7,4,0,33
4b,tr-011_03267,test_mixed,5,13,13,98,11,10,0,34
4b,tr-006_00680,test_mixed,5,3,2,54,4,0,0,18
4b,tr-006_00605,test_mixed,4,4,0,42,6,2,0,10
4b,tr-008_01847,test_mixed,4,1,1,46,3,1,1,8
4b,tr-011_03237,test_mixed,8,5,0,58,6,2,0,15
4b,tr-009_02219,test_mixed,2,10,3,36,3,3,1,10
4b,tr-008_01677,test_mixed,2,15,0,92,4,7,0,25
4b,tr-006_01075,test_mixed,2,7,0,54,4,2,0,14
4b,tr-006_01025,test_mixed,1,2,4,47,2,1,1,13
4b,tr-008_01863,test_mixed,2,4,0,34,3,1,0,8
4b,tr-010_02746,test_mixed,3,22,1,62,4,8,2,17
4b,tr-006_01009,test_mixed,0,4,1,29,2,2,0,9
4b,tr-009_02007,test_mixed,5,6,0,24,4,2,0,7
4b,tr-007_01398,test_mixed,2,0,0,32,3,0,0,6
4b,tr-006_00996,test_mixed,8,10,0,47,5,0,2,6
4b,tr-011_03110,test_mixed,6,13,4,78,8,4,1,24
4b,tr-008_01705,test_mixed,7,5,4,95,5,4,0,25
4b,tr-007_01395,test_mixed,15,17,0,80,8,8,0,19
4b,tr-005_00319,test_mixed,1,6,3,38,3,3,0,11
4b,tr-008_01798,test_mixed,0,5,0,25,1,1,0,6
4b,tr-007_01214,test_mixed,8,6,2,41,7,0,1,10
4b,tr-006_00487,test_mixed,3,12,0,59,3,0,0,14
4b,tr-007_01427,test_mixed,27,70,8,265,30,17,1,62
4b,tr-011_03153,test_spanish_only,6,5,0,51,4,3,0,17
4b,tr-010_02781,test_spanish_only,4,10,1,78,7,2,1,19
4b,tr-011_03254,test_spanish_only,1,2,2,209,2,0,1,61
4b,tr-005_00124,test_spanish_only,5,6,4,78,5,3,1,21
4b,tr-005_00131,test_spanish_only,10,18,0,91,9,0,0,18
4b,tr-010_02555,test_spanish_only,1,11,0,97,5,3,0,26
4b,tr-010_02703,test_spanish_only,0,8,1,89,1,1,0,26
4b,tr-009_02202,test_spanish_only,3,7,1,61,3,3,0,17
4b,tr-011_02955,test_spanish_only,0,8,0,117,0,3,0,32
4b,tr-011_03044,test_spanish_only,1,0,0,24,1,0,0,5
4b,tr-006_00650,test_spanish_only,6,13,1,88,8,4,0,26
4b,tr-007_01147,test_spanish_only,0,4,0,65,2,1,0,17
4b,tr-010_02797,test_spanish_only,1,2,3,61,2,1,2,17
4b,tr-010_02815,test_spanish_only,0,11,1,74,2,2,0,19
4b,tr-011_02948,test_spanish_only,0,1,0,78,0,1,0,22
4b,tr-005_00161,test_spanish_only,7,10,2,58,9,3,0,19
4b,tr-011_03246,test_spanish_only,3,8,2,96,4,3,0,26
4b,tr-006_00668,test_spanish_only,3,5,1,71,6,1,1,16
4b,tr-011_02964,test_spanish_only,2,5,0,74,3,3,0,19
4b,tr-006_00654,test_spanish_only,14,19,6,136,11,8,1,39
4b,tr-011_03277,test_spanish_only,0,2,0,15,0,1,0,5
4b,tr-010_02694,test_spanish_only,1,5,0,43,1,3,0,15
4b,tr-011_03021,test_spanish_only,3,12,1,65,7,4,0,17
4b,tr-011_03259,test_spanish_only,1,2,0,46,1,1,0,13
4b,tr-006_01024,test_spanish_only,5,10,1,78,5,1,1,20
4c,tr-005_00322,test_guarani_only,11,3,3,24,5,0,1,5
4c,tr-009_02047,test_guarani_only,15,4,2,42,5,0,4,5
4c,tr-007_01213,test_guarani_only,11,4,2,51,6,0,2,7
4c,tr-010_02466,test_guarani_only,8,8,1,32,5,0,1,5
4c,tr-008_01948,test_guarani_only,4,1,1,32,3,0,1,7
4c,tr-007_01347,test_guarani_only,8,5,0,25,4,2,0,6
4c,tr-007_01328,test_guarani_only,11,5,0,31,5,1,0,6
4c,tr-010_02424,test_guarani_only,9,3,3,29,5,0,0,6
4c,tr-007_01189,test_guarani_only,17,10,3,53,9,0,2,9
4c,tr-007_01154,test_guarani_only,9,6,0,26,5,1,0,6
4c,tr-008_01774,test_guarani_only,23,14,1,51,7,0,1,7
4c,tr-009_02005,test_guarani_only,14,2,1,30,6,0,0,6
4c,tr-010_02397,test_guarani_only,3,8,0,22,2,2,0,6
4c,tr-010_02510,test_guarani_only,17,5,1,33,7,0,2,7
4c,tr-008_01884,test_guarani_only,6,7,3,46,6,0,1,7
4c,tr-010_02395,test_guarani_only,9,6,13,40,9,0,5,9
4c,tr-009_02044,test_guarani_only,2,1,0,48,4,0,2,8
4c,tr-010_02472,test_guarani_only,11,3,3,32,5,1,0,6
4c,tr-005_00207,test_guarani_only,2,1,0,12,3,0,0,3
4c,tr-008_01937,test_guarani_only,8,3,0,36,5,0,1,6
4c,tr-010_02406,test_guarani_only,7,2,1,19,5,0,0,5
4c,tr-009_02359,test_guarani_only,5,4,0,27,4,0,2,4
4c,tr-007_01208,test_guarani_only,21,14,3,55,11,0,0,11
4c,tr-010_02415,test_guarani_only,9,17,0,69,8,2,0,12
4c,tr-008_01881,test_guarani_only,3,0,2,15,4,0,0,4
4c,tr-010_02520,test_jehea,7,5,1,36,6,0,2,6
4c,tr-008_01885,test_jehea,2,2,2,24,3,1,0,6
4c,tr-010_02529,test_jehea,17,14,3,87,13,1,0,20
4c,tr-007_01440,test_jehea,10,10,3,118,11,2,2,32
4c,tr-009_02080,test_jehea,22,8,3,75,12,1,0,16
4c,tr-009_02023,test_jehea,5,10,3,114,10,0,1,17
4c,tr-007_01396,test_jehea,20,33,3,111,19,2,1,23
4c,tr-008_01771,test_jehea,8,8,1,106,9,0,6,16
4c,tr-008_01742,test_jehea,7,4,2,29,4,0,1,5
4c,tr-007_01490,test_jehea,19,13,2,96,10,2,2,22
4c,tr-010_02454,test_jehea,32,24,5,108,20,2,0,23
4c,tr-010_02536,test_jehea,15,4,6,101,8,1,3,21
4c,tr-007_01215,test_jehea,9,52,3,157,14,7,1,27
4c,tr-007_01243,test_jehea,3,3,1,65,4,0,1,16
4c,tr-009_02087,test_jehea,9,14,0,91,9,3,0,19
4c,tr-008_01968,test_jehea,10,5,2,61,7,2,2,14
4c,tr-006_00990,test_jehea,7,16,3,84,7,3,2,23
4c,tr-005_00374,test_jehea,12,13,3,80,12,3,0,19
4c,tr-005_00406,test_jehea,9,30,7,106,13,2,2,23
4c,tr-005_00364,test_jehea,19,16,1,81,12,1,1,17
4c,tr-005_00194,test_jehea,8,8,6,77,4,2,1,15
4c,tr-005_00323,test_jehea,15,15,4,84,15,2,0,19
4c,tr-010_02531,test_jehea,1,2,0,33,1,2,0,7
4c,tr-005_00258,test_jehea,7,4,2,53,6,0,1,13
4c,tr-005_00198,test_jehea,12,13,0,67,10,0,2,13
4c,tr-005_00276,test_jehea,6,2,2,59,4,0,2,11
4c,tr-005_00293,test_jehea,11,5,8,54,6,0,5,10
4c,tr-005_00203,test_jehea,12,26,1,76,3,3,2,12
4c,tr-005_00345,test_jehea,10,9,3,43,7,0,1,11
4c,tr-005_00348,test_jehea,7,21,4,51,9,1,0,10
4c,tr-005_00403,test_jehea,1,11,0,64,6,2,2,13
4c,tr-006_00693,test_jehea,17,64,53,634,12,21,17,176
4c,tr-005_00267,test_jehea,10,2,3,25,3,0,3,5
4c,tr-010_02425,test_mixed,6,3,2,40,4,0,2,7
4c,tr-005_00340,test_mixed,4,4,1,26,4,2,0,8
4c,tr-007_01128,test_mixed,3,1,0,65,2,0,0,22
4c,tr-008_01702,test_mixed,4,18,0,53,2,7,0,16
4c,tr-005_00370,test_mixed,1,10,0,52,4,2,0,14
4c,tr-005_00010,test_mixed,26,23,4,173,15,2,3,42
4c,tr-008_01864,test_mixed,15,2,13,26,5,0,1,5
4c,tr-008_01853,test_mixed,9,13,4,38,7,2,0,9
4c,tr-007_01383,test_mixed,9,18,2,100,15,1,0,23
4c,tr-011_02995,test_mixed,3,34,0,72,3,11,0,20
4c,tr-009_02339,test_mixed,8,8,1,70,6,5,1,19
4c,tr-009_02077,test_mixed,17,20,3,89,11,1,3,16
4c,tr-008_01931,test_mixed,4,4,0,56,2,1,0,13
4c,tr-005_00413,test_mixed,9,7,3,65,7,0,1,14
4c,tr-008_01800,test_mixed,9,16,5,71,6,4,1,16
4c,tr-011_02953,test_mixed,1,42,0,80,1,11,1,22
4c,tr-006_00892,test_mixed,17,11,1,83,7,2,5,20
4c,tr-007_01421,test_mixed,9,15,9,78,10,2,2,20
4c,tr-007_01533,test_mixed,10,11,5,161,18,2,2,33
4c,tr-006_00995,test_mixed,8,10,1,89,5,2,0,26
4c,tr-009_02340,test_mixed,7,3,3,75,8,1,0,18
4c,tr-005_00086,test_mixed,2,27,0,50,1,7,0,13
4c,tr-005_00206,test_mixed,8,18,7,60,7,2,1,12
4c,tr-005_00286,test_mixed,22,17,1,64,10,0,0,11
4c,tr-005_00347,test_mixed,26,15,2,67,12,0,4,14
4c,tr-005_00311,test_mixed,13,8,9,79,11,2,7,18
4c,tr-005_00232,test_mixed,3,5,7,43,5,0,2,11
4c,tr-006_00641,test_mixed,11,95,20,634,23,23,2,173
4c,tr-007_01492,test_mixed,1,0,0,42,1,0,0,10
4c,tr-008_01729,test_mixed,2,12,2,41,3,3,1,11
4c,tr-006_00897,test_mixed,8,4,0,41,7,0,2,9
4c,tr-010_02819,test_mixed,12,10,0,47,8,0,1,11
4c,tr-006_00676,test_mixed,4,1,0,33,1,1,0,12
4c,tr-010_02545,test_mixed,13,8,2,45,9,0,2,9
4c,tr-011_02872,test_mixed,14,12,8,147,13,3,3,41
4c,tr-010_02825,test_mixed,3,4,0,75,3,1,0,16
4c,tr-009_02231,test_mixed,7,18,1,154,9,8,0,42
4c,tr-007_01401,test_mixed,3,10,5,73,9,2,1,22
4c,tr-007_01484,test_mixed,3,4,5,133,3,1,2,38
4c,tr-007_01348,test_mixed,3,2,1,42,3,0,2,8
4c,tr-009_02028,test_mixed,21,4,6,43,8,0,5,8
4c,tr-009_02163,test_mixed,4,10,2,94,3,4,0,26
4c,tr-008_01576,test_mixed,4,181,0,439,7,46,0,103
4c,tr-006_01017,test_mixed,10,15,0,127,5,3,0,33
4c,tr-011_03267,test_mixed,4,10,21,98,5,5,4,34
4c,tr-006_00680,test_mixed,4,5,2,54,4,2,2,18
4c,tr-006_00605,test_mixed,4,1,2,42,4,0,1,10
4c,tr-008_01847,test_mixed,5,1,1,46,3,1,0,8
4c,tr-011_03237,test_mixed,3,8,1,58,3,2,0,15
4c,tr-009_02219,test_mixed,4,10,6,36,4,3,2,10
4c,tr-008_01677,test_mixed,1,15,0,92,4,7,0,25
4c,tr-006_01075,test_mixed,6,9,1,54,3,5,0,14
4c,tr-006_01025,test_mixed,0,1,4,47,2,1,1,13
4c,tr-008_01863,test_mixed,7,3,0,34,4,1,0,8
4c,tr-010_02746,test_mixed,2,20,1,62,2,7,2,17
4c,tr-006_01009,test_mixed,0,1,0,29,0,1,0,9
4c,tr-009_02007,test_mixed,5,6,0,24,4,2,0,7
4c,tr-007_01398,test_mixed,3,1,0,32,4,0,2,6
4c,tr-006_00996,test_mixed,10,13,0,47,5,0,2,6
4c,tr-011_03110,test_mixed,6,11,4,78,7,4,1,24
4c,tr-008_01705,test_mixed,7,5,5,95,5,4,0,25
4c,tr-007_01395,test_mixed,11,24,1,80,9,7,0,19
4c,tr-005_00319,test_mixed,4,3,1,38,3,1,0,11
4c,tr-008_01798,test_mixed,4,4,2,25,3,0,0,6
4c,tr-007_01214,test_mixed,6,6,2,41,3,1,3,10
4c,tr-006_00487,test_mixed,3,17,0,59,2,1,0,14
4c,tr-007_01427,test_mixed,31,76,12,265,35,8,3,62
4c,tr-011_03153,test_spanish_only,2,3,0,51,1,2,0,17
4c,tr-010_02781,test_spanish_only,5,7,0,78,6,0,2,19
4c,tr-011_03254,test_spanish_only,1,0,2,209,2,0,1,61
4c,tr-005_00124,test_spanish_only,5,6,4,78,5,3,1,21
4c,tr-005_00131,test_spanish_only,6,19,0,91,7,0,0,18
4c,tr-010_02555,test_spanish_only,4,12,1,97,7,2,1,26
4c,tr-010_02703,test_spanish_only,0,8,2,89,2,1,0,26
4c,tr-009_02202,test_spanish_only,2,7,1,61,3,2,0,17
4c,tr-011_02955,test_spanish_only,2,6,0,117,1,2,0,32
4c,tr-011_03044,test_spanish_only,0,1,0,24,1,0,0,5
4c,tr-006_00650,test_spanish_only,5,16,1,88,9,3,0,26
4c,tr-007_01147,test_spanish_only,1,2,0,65,3,0,0,17
4c,tr-010_02797,test_spanish_only,1,2,3,61,2,1,2,17
4c,tr-010_02815,test_spanish_only,1,11,0,74,1,3,0,19
4c,tr-011_02948,test_spanish_only,2,1,4,78,3,1,0,22
4c,tr-005_00161,test_spanish_only,2,10,1,58,5,3,0,19
4c,tr-011_03246,test_spanish_only,2,9,1,96,4,3,0,26
4c,tr-006_00668,test_spanish_only,1,7,1,71,4,1,0,16
4c,tr-011_02964,test_spanish_only,4,12,0,74,2,3,0,19
4c,tr-006_00654,test_spanish_only,9,24,7,136,8,6,2,39
4c,tr-011_03277,test_spanish_only,0,2,0,15,0,1,0,5
4c,tr-010_02694,test_spanish_only,0,5,0,43,0,3,0,15
4c,tr-011_03021,test_spanish_only,3,5,1,65,4,0,0,17
4c,tr-011_03259,test_spanish_only,1,1,0,46,0,1,1,13
4c,tr-006_01024,test_spanish_only,2,13,1,78,3,2,1,20
5,tr-005_00322,test_guarani_only,7,4,13,24,5,0,1,5
5,tr-009_02047,test_guarani_only,21,5,7,42,5,0,9,5
5,tr-007_01213,test_guarani_only,15,4,4,51,6,0,6,7
5,tr-010_02466,test_guarani_only,7,8,1,32,5,0,3,5
5,tr-008_01948,test_guarani_only,4,2,3,32,5,0,0,7
5,tr-007_01347,test_guarani_only,11,3,5,25,6,0,1,6
5,tr-007_01328,test_guarani_only,11,6,5,31,6,0,1,6
5,tr-010_02424,test_guarani_only,6,2,6,29,5,0,3,6
5,tr-007_01189,test_guarani_only,17,8,5,53,9,0,1,9
5,tr-007_01154,test_guarani_only,10,5,1,26,6,0,0,6
5,tr-008_01774,test_guarani_only,26,11,2,51,7,0,1,7
5,tr-009_02005,test_guarani_only,13,5,3,30,6,0,0,6
5,tr-010_02397,test_guarani_only,5,10,0,22,3,2,0,6
5,tr-010_02510,test_guarani_only,8,10,3,33,7,0,1,7
5,tr-008_01884,test_guarani_only,5,6,2,46,6,0,1,7
5,tr-010_02395,test_guarani_only,17,2,11,40,9,0,3,9
5,tr-009_02044,test_guarani_only,1,1,0,48,2,0,2,8
5,tr-010_02472,test_guarani_only,16,2,11,32,6,0,3,6
5,tr-005_00207,test_guarani_only,3,0,4,12,3,0,0,3
5,tr-008_01937,test_guarani_only,11,3,1,36,6,0,3,6
5,tr-010_02406,test_guarani_only,5,3,6,19,5,0,1,5
5,tr-009_02359,test_guarani_only,8,2,1,27,4,0,5,4
5,tr-007_01208,test_guarani_only,19,14,5,55,11,0,1,11
5,tr-010_02415,test_guarani_only,18,5,2,69,9,1,0,12
5,tr-008_01881,test_guarani_only,2,0,2,15,4,0,0,4
5,tr-010_02520,test_jehea,9,4,5,36,6,0,3,6
5,tr-008_01885,test_jehea,2,2,5,24,4,0,1,6
5,tr-010_02529,test_jehea,23,10,10,87,15,1,2,20
5,tr-007_01440,test_jehea,17,5,6,118,11,1,4,32
5,tr-009_02080,test_jehea,25,3,7,75,12,0,5,16
5,tr-009_02023,test_jehea,10,9,1,114,9,1,1,17
5,tr-007_01396,test_jehea,34,19,13,111,22,0,9,23
5,tr-008_01771,test_jehea,4,10,1,106,9,0,4,16
5,tr-008_01742,test_jehea,9,3,4,29,4,0,3,5
5,tr-007_01490,test_jehea,22,6,8,96,9,2,4,22
5,tr-010_02454,test_jehea,30,10,13,108,19,1,3,23
5,tr-010_02536,test_jehea,12,6,10,101,9,1,4,21
5,tr-007_01215,test_jehea,24,19,17,157,20,2,3,27
5,tr-007_01243,test_jehea,3,3,1,65,4,0,1,16
5,tr-009_02087,test_jehea,14,10,8,91,11,1,3,19
5,tr-008_01968,test_jehea,11,4,5,61,7,1,3,14
5,tr-006_00990,test_jehea,12,9,4,84,9,1,3,23
5,tr-005_00374,test_jehea,12,9,5,80,12,2,2,19
5,tr-005_00406,test_jehea,17,17,18,106,14,2,6,23
5,tr-005_00364,test_jehea,18,18,0,81,12,1,0,17
5,tr-005_00194,test_jehea,12,8,3,77,6,1,2,15
5,tr-005_00323,test_jehea,18,7,10,84,16,0,2,19
5,tr-010_02531,test_jehea,1,2,5,33,3,1,0,7
5,tr-005_00258,test_jehea,7,1,5,53,5,0,4,13
5,tr-005_00198,test_jehea,17,12,5,67,10,0,0,13
5,tr-005_00276,test_jehea,10,4,1,59,7,0,2,11
5,tr-005_00293,test_jehea,12,3,17,54,6,0,9,10
5,tr-005_00203,test_jehea,14,8,3,76,6,0,2,12
5,tr-005_00345,test_jehea,13,8,7,43,9,0,3,11
5,tr-005_00348,test_jehea,12,14,4,51,10,0,1,10
5,tr-005_00403,test_jehea,2,9,0,64,4,2,2,13
5,tr-006_00693,test_jehea,67,417,2,634,48,112,0,176
5,tr-005_00267,test_jehea,9,2,5,25,4,0,1,5
5,tr-010_02425,test_mixed,5,2,6,40,4,0,2,7
5,tr-005_00340,test_mixed,6,0,11,26,6,0,2,8
5,tr-007_01128,test_mixed,3,1,0,65,2,0,0,22
5,tr-008_01702,test_mixed,2,22,3,53,2,8,1,16
5,tr-005_00370,test_mixed,5,5,5,52,7,0,1,14
5,tr-005_00010,test_mixed,20,15,7,173,14,0,2,42
5,tr-008_01864,test_mixed,15,2,13,26,5,0,1,5
5,tr-008_01853,test_mixed,11,10,8,38,8,1,0,9
5,tr-007_01383,test_mixed,12,13,6,100,12,5,1,23
5,tr-011_02995,test_mixed,4,13,0,72,4,5,0,20
5,tr-009_02339,test_mixed,7,4,11,70,11,0,2,19
5,tr-009_02077,test_mixed,27,11,7,89,12,0,8,16
5,tr-008_01931,test_mixed,4,4,0,56,2,1,0,13
5,tr-005_00413,test_mixed,15,6,12,65,7,0,5,14
5,tr-008_01800,test_mixed,12,12,4,71,7,3,3,16
5,tr-011_02953,test_mixed,2,9,3,80,4,1,0,22
5,tr-006_00892,test_mixed,15,8,8,83,8,0,5,20
5,tr-007_01421,test_mixed,18,10,6,78,13,1,2,20
5,tr-007_01533,test_mixed,15,5,1,161,14,4,3,33
5,tr-006_00995,test_mixed,7,11,1,89,5,4,0,26
5,tr-009_02340,test_mixed,6,0,5,75,7,1,0,18
5,tr-005_00086,test_mixed,3,23,1,50,3,5,0,13
5,tr-005_00206,test_mixed,15,4,15,60,9,0,4,12
5,tr-005_00286,test_mixed,14,14,9,64,10,0,4,11
5,tr-005_00347,test_mixed,25,23,3,67,11,2,0,14
5,tr-005_00311,test_mixed,18,7,11,79,15,0,8,18
5,tr-005_00232,test_mixed,7,5,2,43,4,0,0,11
5,tr-006_00641,test_mixed,24,492,1,634,25,128,0,173
5,tr-007_01492,test_mixed,1,0,0,42,1,0,0,10
5,tr-008_01729,test_mixed,4,10,2,41,2,4,1,11
5,tr-006_00897,test_mixed,14,4,2,41,6,0,5,9
5,tr-010_02819,test_mixed,3,7,5,47,4,1,2,11
5,tr-006_00676,test_mixed,3,2,0,33,1,1,0,12
5,tr-010_02545,test_mixed,18,5,7,45,9,0,4,9
5,tr-011_02872,test_mixed,19,10,10,147,16,0,4,41
5,tr-010_02825,test_mixed,3,3,0,75,2,1,0,16
5,tr-009_02231,test_mixed,6,19,3,154,9,7,0,42
5,tr-007_01401,test_mixed,7,5,5,73,7,1,2,22
5,tr-007_01484,test_mixed,2,0,5,133,1,0,1,38
5,tr-007_01348,test_mixed,6,0,0,42,3,0,2,8
5,tr-009_02028,test_mixed,14,8,12,43,8,0,5,8
5,tr-009_02163,test_mixed,3,6,6,94,6,1,2,26
5,tr-008_01576,test_mixed,128,82,59,439,54,21,1,103
5,tr-006_01017,test_mixed,7,7,0,127,4,3,0,33
5,tr-011_03267,test_mixed,6,10,23,98,5,4,4,34
5,tr-006_00680,test_mixed,2,2,2,54,4,0,1,18
5,tr-006_00605,test_mixed,4,0,3,42,3,0,1,10
5,tr-008_01847,test_mixed,6,1,4,46,5,1,2,8
5,tr-011_03237,test_mixed,6,1,5,58,5,0,2,15
5,tr-009_02219,test_mixed,3,1,8,36,3,0,1,10
5,tr-008_01677,test_mixed,0,9,2,92,3,4,0,25
5,tr-006_01075,test_mixed,4,9,3,54,5,4,0,14
5,tr-006_01025,test_mixed,3,2,8,47,6,2,1,13
5,tr-008_01863,test_mixed,4,3,0,34,3,1,0,8
5,tr-010_02746,test_mixed,1,1,5,62,5,1,2,17
5,tr-006_01009,test_mixed,0,0,4,29,1,0,0,9
5,tr-009_02007,test_mixed,8,1,0,24,6,0,0,7
5,tr-007_01398,test_mixed,7,0,5,32,4,0,1,6
5,tr-006_00996,test_mixed,7,15,4,47,5,0,3,6
5,tr-011_03110,test_mixed,9,8,7,78,9,2,1,24
5,tr-008_01705,test_mixed,6,3,6,95,5,2,0,25
5,tr-007_01395,test_mixed,16,18,7,80,14,3,1,19
5,tr-005_00319,test_mixed,6,4,0,38,2,2,0,11
5,tr-008_01798,test_mixed,4,3,3,25,3,0,0,6
5,tr-007_01214,test_mixed,6,3,1,41,4,0,1,10
5,tr-006_00487,test_mixed,2,1,0,59,1,0,0,14
5,tr-007_01427,test_mixed,25,122,23,265,18,27,3,62
5,tr-011_03153,test_spanish_only,0,3,2,51,0,2,1,17
5,tr-010_02781,test_spanish_only,3,7,2,78,5,1,0,19
5,tr-011_03254,test_spanish_only,1,2,2,209,2,0,1,61
5,tr-005_00124,test_spanish_only,4,7,6,78,5,3,2,21
5,tr-005_00131,test_spanish_only,5,5,6,91,6,0,2,18
5,tr-010_02555,test_spanish_only,1,3,5,97,3,1,1,26
5,tr-010_02703,test_spanish_only,0,3,2,89,2,0,0,26
5,tr-009_02202,test_spanish_only,2,6,4,61,3,2,0,17
5,tr-011_02955,test_spanish_only,2,8,2,117,2,3,0,32
5,tr-011_03044,test_spanish_only,0,1,2,24,2,0,0,5
5,tr-006_00650,test_spanish_only,4,11,3,88,8,2,1,26
5,tr-007_01147,test_spanish_only,1,2,0,65,3,0,0,17
5,tr-010_02797,test_spanish_only,1,1,4,61,3,0,2,17
5,tr-010_02815,test_spanish_only,1,3,3,74,1,1,2,19
5,tr-011_02948,test_spanish_only,0,0,0,78,0,0,0,22
5,tr-005_00161,test_spanish_only,3,4,2,58,6,1,0,19
5,tr-011_03246,test_spanish_only,3,4,6,96,5,0,1,26
5,tr-006_00668,test_spanish_only,0,5,3,71,4,1,2,16
5,tr-011_02964,test_spanish_only,6,2,3,74,4,1,0,19
5,tr-006_00654,test_spanish_only,17,5,12,136,10,2,6,39
5,tr-011_03277,test_spanish_only,0,0,0,15,0,0,0,5
5,tr-010_02694,test_spanish_only,0,1,3,43,1,1,0,15
5,tr-011_03021,test_spanish_only,5,4,1,65,4,0,0,17
5,tr-011_03259,test_spanish_only,0,3,0,46,1,1,0,13
5,tr-006_01024,test_spanish_only,3,13,3,78,7,1,1,20
6,tr-005_00322,test_guarani_only,6,3,4,24,5,0,2,5
6,tr-009_02047,test_guarani_only,6,5,4,42,5,0,0,5
6,tr-007_01213,test_guarani_only,5,2,3,51,4,0,1,7
6,tr-010_02466,test_guarani_only,4,7,3,32,4,1,0,5
6,tr-008_01948,test_guarani_only,0,1,1,32,2,0,0,7
6,tr-007_01347,test_guarani_only,2,2,0,25,4,0,0,6
6,tr-007_01328,test_guarani_only,7,4,3,31,5,0,1,6
6,tr-010_02424,test_guarani_only,5,3,1,29,4,1,1,6
6,tr-007_01189,test_guarani_only,10,11,0,53,9,0,0,9
6,tr-007_01154,test_guarani_only,3,3,1,26,6,0,0,6
6,tr-008_01774,test_guarani_only,22,15,1,51,7,0,0,7
6,tr-009_02005,test_guarani_only,1,3,2,30,2,3,0,6
6,tr-010_02397,test_guarani_only,5,0,0,22,4,1,0,6
6,tr-010_02510,test_guarani_only,9,4,0,33,7,0,2,7
6,tr-008_01884,test_guarani_only,2,4,0,46,4,0,1,7
6,tr-010_02395,test_guarani_only,5,4,9,40,6,2,0,9
6,tr-009_02044,test_guarani_only,0,1,0,48,2,0,2,8
6,tr-010_02472,test_guarani_only,7,3,3,32,4,1,3,6
6,tr-005_00207,test_guarani_only,1,0,0,12,1,0,0,3
6,tr-008_01937,test_guarani_only,6,3,0,36,4,1,0,6
6,tr-010_02406,test_guarani_only,4,0,2,19,2,1,0,5
6,tr-009_02359,test_guarani_only,2,2,1,27,1,1,2,4
6,tr-007_01208,test_guarani_only,14,16,2,55,9,0,1,11
6,tr-010_02415,test_guarani_only,12,5,3,69,7,1,2,12
6,tr-008_01881,test_guarani_only,1,0,0,15,3,1,0,4
6,tr-010_02520,test_jehea,1,2,0,36,3,0,0,6
6,tr-008_01885,test_jehea,1,2,3,24,3,1,0,6
6,tr-010_02529,test_jehea,13,11,4,87,11,3,1,20
6,tr-007_01440,test_jehea,8,10,3,118,10,2,1,32
6,tr-009_02080,test_jehea,10,12,0,75,10,2,1,16
6,tr-009_02023,test_jehea,5,5,1,114,3,2,0,17
6,tr-007_01396,test_jehea,41,20,3,111,17,1,6,23
6,tr-008_01771,test_jehea,8,6,0,106,9,0,3,16
6,tr-008_01742,test_jehea,5,1,1,29,3,0,1,5
6,tr-007_01490,test_jehea,18,9,5,96,10,2,4,22
6,tr-010_02454,test_jehea,12,8,4,108,14,0,4,23
6,tr-010_02536,test_jehea,13,5,6,101,9,0,2,21
6,tr-007_01215,test_jehea,11,45,3,157,11,6,0,27
6,tr-007_01243,test_jehea,4,3,1,65,4,0,1,16
6,tr-009_02087,test_jehea,4,9,0,91,7,2,0,19
6,tr-008_01968,test_jehea,11,5,3,61,8,1,2,14
6,tr-006_00990,test_jehea,7,9,3,84,7,3,2,23
6,tr-005_00374,test_jehea,11,7,2,80,11,2,0,19
6,tr-005_00406,test_jehea,10,20,10,106,9,3,6,23
6,tr-005_00364,test_jehea,8,18,2,81,12,0,1,17
6,tr-005_00194,test_jehea,5,10,1,77,4,3,1,15
6,tr-005_00323,test_jehea,8,11,3,84,16,2,0,19
6,tr-010_02531,test_jehea,1,2,0,33,1,2,0,7
6,tr-005_00258,test_jehea,6,3,2,53,6,0,2,13
6,tr-005_00198,test_jehea,10,12,4,67,9,0,1,13
6,tr-005_00276,test_jehea,6,1,2,59,5,0,0,11
6,tr-005_00293,test_jehea,5,5,2,54,6,0,3,10
6,tr-005_00203,test_jehea,9,26,4,76,5,2,1,12
6,tr-005_00345,test_jehea,10,3,2,43,8,1,0,11
6,tr-005_00348,test_jehea,8,8,11,51,9,0,4,10
6,tr-005_00403,test_jehea,3,9,0,64,5,2,2,13
6,tr-006_00693,test_jehea,27,429,14,634,14,119,7,176
6,tr-005_00267,test_jehea,4,3,1,25,3,0,2,5
6,tr-010_02425,test_mixed,7,1,2,40,4,0,2,7
6,tr-005_00340,test_mixed,5,0,14,26,4,0,2,8
6,tr-007_01128,test_mixed,3,1,0,65,2,0,0,22
6,tr-008_01702,test_mixed,4,6,3,53,2,3,0,16
6,tr-005_00370,test_mixed,7,4,0,52,7,0,1,14
6,tr-005_00010,test_mixed,21,23,3,173,15,1,4,42
6,tr-008_01864,test_mixed,15,2,13,26,5,0,1,5
6,tr-008_01853,test_mixed,7,12,3,38,6,3,0,9
6,tr-007_01383,test_mixed,10,10,3,100,7,5,0,23
6,tr-011_02995,test_mixed,3,34,0,72,3,11,0,20
6,tr-009_02339,test_mixed,8,3,8,70,10,2,1,19
6,tr-009_02077,test_mixed,7,14,4,89,9,1,0,16
6,tr-008_01931,test_mixed,4,4,0,56,2,1,0,13
6,tr-005_00413,test_mixed,6,9,2,65,6,1,0,14
6,tr-008_01800,test_mixed,29,7,96,71,11,0,55,16
6,tr-011_02953,test_mixed,2,16,0,80,2,3,1,22
6,tr-006_00892,test_mixed,12,6,2,83,8,0,2,20
6,tr-007_01421,test_mixed,10,11,5,78,10,1,0,20
6,tr-007_01533,test_mixed,18,5,1,161,14,5,2,33
6,tr-006_00995,test_mixed,9,10,1,89,6,2,0,26
6,tr-009_02340,test_mixed,4,3,4,75,8,0,0,18
6,tr-005_00086,test_mixed,2,25,1,50,3,5,0,13
6,tr-005_00206,test_mixed,7,6,6,60,7,1,0,12
6,tr-005_00286,test_mixed,13,12,2,64,8,1,1,11
6,tr-005_00347,test_mixed,19,12,5,67,14,0,0,14
6,tr-005_00311,test_mixed,16,6,13,79,16,0,1,18
6,tr-005_00232,test_mixed,2,3,3,43,3,0,0,11
6,tr-006_00641,test_mixed,11,181,19,634,20,46,5,173
6,tr-007_01492,test_mixed,1,0,0,42,1,0,0,10
6,tr-008_01729,test_mixed,2,12,2,41,3,3,1,11
6,tr-006_00897,test_mixed,1,5,0,41,7,0,1,9
6,tr-010_02819,test_mixed,13,9,1,47,8,1,6,11
6,tr-006_00676,test_mixed,0,2,0,33,1,1,0,12
6,tr-010_02545,test_mixed,9,7,3,45,7,1,0,9
6,tr-011_02872,test_mixed,10,7,4,147,11,0,2,41
6,tr-010_02825,test_mixed,3,1,0,75,3,0,0,16
6,tr-009_02231,test_mixed,11,15,5,154,14,5,0,42
6,tr-007_01401,test_mixed,6,9,4,73,10,0,1,22
6,tr-007_01484,test_mixed,5,1,5,133,4,0,2,38
6,tr-007_01348,test_mixed,2,2,2,42,3,0,1,8
6,tr-009_02028,test_mixed,10,10,2,43,6,2,0,8
6,tr-009_02163,test_mixed,3,4,6,94,4,2,2,26
6,tr-008_01576,test_mixed,11,104,6,439,11,25,0,103
6,tr-006_01017,test_mixed,10,16,1,127,6,3,0,33
6,tr-011_03267,test_mixed,4,10,23,98,6,4,4,34
6,tr-006_00680,test_mixed,1,2,2,54,3,0,0,18
6,tr-006_00605,test_mixed,5,1,2,42,5,0,1,10
6,tr-008_01847,test_mixed,4,1,1,46,4,1,1,8
6,tr-011_03237,test_mixed,4,2,2,58,3,1,0,15
6,tr-009_02219,test_mixed,6,4,5,36,7,0,1,10
6,tr-008_01677,test_mixed,2,9,2,92,5,6,0,25
6,tr-006_01075,test_mixed,1,5,1,54,4,0,0,14
6,tr-006_01025,test_mixed,0,1,5,47,3,1,1,13
6,tr-008_01863,test_mixed,2,4,0,34,3,1,0,8
6,tr-010_02746,test_mixed,2,20,1,62,2,7,2,17
6,tr-006_01009,test_mixed,0,0,3,29,1,0,0,9
6,tr-009_02007,test_mixed,8,4,1,24,6,1,0,7
6,tr-007_01398,test_mixed,2,2,0,32,3,0,1,6
6,tr-006_00996,test_mixed,5,15,0,47,5,0,1,6
6,tr-011_03110,test_mixed,6,11,4,78,8,3,1,24
6,tr-008_01705,test_mixed,6,5,4,95,5,3,0,25
6,tr-007_01395,test_mixed,19,14,6,80,14,0,2,19
6,tr-005_00319,test_mixed,4,3,0,38,2,2,0,11
6,tr-008_01798,test_mixed,4,4,2,25,3,0,0,6
6,tr-007_01214,test_mixed,10,2,0,41,3,0,2,10
6,tr-006_00487,test_mixed,3,11,0,59,2,0,0,14
6,tr-007_01427,test_mixed,18,62,6,265,22,12,1,62
6,tr-011_03153,test_spanish_only,0,3,2,51,0,2,1,17
6,tr-010_02781,test_spanish_only,5,7,0,78,5,1,1,19
6,tr-011_03254,test_spanish_only,0,0,2,209,1,0,1,61
6,tr-005_00124,test_spanish_only,5,6,4,78,5,3,1,21
6,tr-005_00131,test_spanish_only,12,16,2,91,9,0,0,18
6,tr-010_02555,test_spanish_only,6,10,1,97,7,2,2,26
6,tr-010_02703,test_spanish_only,0,6,2,89,3,0,0,26
6,tr-009_02202,test_spanish_only,2,6,1,61,3,2,0,17
6,tr-011_02955,test_spanish_only,2,6,0,117,1,2,0,32
6,tr-011_03044,test_spanish_only,0,1,0,24,1,0,0,5
6,tr-006_00650,test_spanish_only,7,13,2,88,8,4,0,26
6,tr-007_01147,test_spanish_only,1,2,0,65,3,0,0,17
6,tr-010_02797,test_spanish_only,1,1,5,61,4,0,3,17
6,tr-010_02815,test_spanish_only,2,5,1,74,3,0,1,19
6,tr-011_02948,test_spanish_only,0,1,0,78,0,1,0,22
6,tr-005_00161,test_spanish_only,3,8,3,58,6,1,0,19
6,tr-011_03246,test_spanish_only,3,5,6,96,5,1,1,26
6,tr-006_00668,test_spanish_only,2,4,0,71,4,1,1,16
6,tr-011_02964,test_spanish_only,4,4,5,74,5,1,0,19
6,tr-006_00654,test_spanish_only,11,10,40,136,10,2,16,39
6,tr-011_03277,test_spanish_only,0,2,0,15,0,1,0,5
6,tr-010_02694,test_spanish_only,1,3,0,43,2,2,0,15
6,tr-011_03021,test_spanish_only,3,6,1,65,3,1,0,17
6,tr-011_03259,test_spanish_only,1,1,0,46,0,1,1,13
6,tr-006_01024,test_spanish_only,3,13,1,78,5,1,1,20
7,tr-005_00322,test_guarani_only,2,2,2,24,2,0,0,5
7,tr-009_02047,test_guarani_only,6,4,6,42,4,0,3,5
7,tr-007_01213,test_guarani_only,5,0,5,51,3,0,1,7
7,tr-010_02466,test_guarani_only,4,6,1,32,4,0,3,5
7,tr-008_01948,test_guarani_only,2,0,4,32,2,0,1,7
7,tr-007_01347,test_guarani_only,3,3,1,25,3,2,0,6
7,tr-007_01328,test_guarani_only,10,4,5,31,5,0,1,6
7,tr-010_02424,test_guarani_only,8,3,1,29,4,1,0,6
7,tr-007_01189,test_guarani_only,12,5,1,53,6,3,0,9
7,tr-007_01154,test_guarani_only,3,5,0,26,4,0,0,6
7,tr-008_01774,test_guarani_only,23,14,1,51,7,0,0,7
7,tr-009_02005,test_guarani_only,5,4,1,30,3,3,0,6
7,tr-010_02397,test_guarani_only,1,2,0,22,3,0,0,6
7,tr-010_02510,test_guarani_only,9,2,1,33,4,3,0,7
7,tr-008_01884,test_guarani_only,2,5,0,46,4,0,1,7
7,tr-010_02395,test_guarani_only,11,2,13,40,6,1,2,9
7,tr-009_02044,test_guarani_only,0,1,0,48,2,0,2,8
7,tr-010_02472,test_guarani_only,8,3,5,32,4,1,2,6
7,tr-005_00207,test_guarani_only,0,1,0,12,1,0,0,3
7,tr-008_01937,test_guarani_only,6,1,1,36,5,0,0,6
7,tr-010_02406,test_guarani_only,2,2,4,19,2,1,0,5
7,tr-009_02359,test_guarani_only,4,2,3,27,1,1,2,4
7,tr-007_01208,test_guarani_only,9,11,2,55,7,2,0,11
7,tr-010_02415,test_guarani_only,8,3,0,69,3,2,2,12
7,tr-008_01881,test_guarani_only,1,0,2,15,2,0,0,4
7,tr-010_02520,test_jehea,2,2,0,36,2,1,0,6
7,tr-008_01885,test_jehea,3,2,5,24,4,1,0,6
7,tr-010_02529,test_jehea,11,10,7,87,13,3,1,20
7,tr-007_01440,test_jehea,12,9,4,118,9,2,4,32
7,tr-009_02080,test_jehea,13,8,9,75,11,1,3,16
7,tr-009_02023,test_jehea,5,7,2,114,2,2,0,17
7,tr-007_01396,test_jehea,9,20,8,111,11,2,1,23
7,tr-008_01771,test_jehea,6,5,0,106,9,0,2,16
7,tr-008_01742,test_jehea,6,1,4,29,3,0,3,5
7,tr-007_01490,test_jehea,18,10,6,96,9,2,3,22
7,tr-010_02454,test_jehea,13,18,2,108,14,0,0,23
7,tr-010_02536,test_jehea,16,3,7,101,8,0,3,21
7,tr-007_01215,test_jehea,15,25,6,157,14,2,2,27
7,tr-007_01243,test_jehea,10,3,1,65,4,0,2,16
7,tr-009_02087,test_jehea,3,6,1,91,5,1,0,19
7,tr-008_01968,test_jehea,8,4,3,61,6,1,2,14
7,tr-006_00990,test_jehea,8,7,3,84,8,2,4,23
7,tr-005_00374,test_jehea,3,5,3,80,7,1,0,19
7,tr-005_00406,test_jehea,7,14,10,106,8,1,4,23
7,tr-005_00364,test_jehea,8,11,5,81,11,0,1,17
7,tr-005_00194,test_jehea,4,7,2,77,4,2,2,15
7,tr-005_00323,test_jehea,9,8,2,84,8,3,1,19
7,tr-010_02531,test_jehea,0,0,6,33,1,0,2,7
7,tr-005_00258,test_jehea,11,4,3,53,7,0,1,13
7,tr-005_00198,test_jehea,5,14,8,67,7,1,2,13
7,tr-005_00276,test_jehea,7,1,14,59,7,0,0,11
7,tr-005_00293,test_jehea,6,4,8,54,6,0,3,10
7,tr-005_00203,test_jehea,15,14,5,76,7,0,3,12
7,tr-005_00345,test_jehea,12,4,9,43,6,0,3,11
7,tr-005_00348,test_jehea,8,5,5,51,8,0,1,10
7,tr-005_00403,test_jehea,3,6,0,64,5,1,3,13
7,tr-006_00693,test_jehea,152,236,28,634,72,76,7,176
7,tr-005_00267,test_jehea,7,0,1,25,4,0,0,5
7,tr-010_02425,test_mixed,5,1,2,40,3,2,2,7
7,tr-005_00340,test_mixed,7,1,13,26,3,1,4,8
7,tr-007_01128,test_mixed,3,2,0,65,2,1,0,22
7,tr-008_01702,test_mixed,7,6,1,53,6,2,0,16
7,tr-005_00370,test_mixed,4,3,0,52,6,0,0,14
7,tr-005_00010,test_mixed,21,26,6,173,16,1,1,42
7,tr-008_01864,test_mixed,15,2,13,26,5,0,1,5
7,tr-008_01853,test_mixed,10,12,2,38,9,0,0,9
7,tr-007_01383,test_mixed,2,5,4,100,5,1,0,23
7,tr-011_02995,test_mixed,5,16,1,72,4,5,0,20
7,tr-009_02339,test_mixed,15,4,14,70,13,0,0,19
7,tr-009_02077,test_mixed,18,12,2,89,10,2,1,16
7,tr-008_01931,test_mixed,4,4,0,56,2,1,0,13
7,tr-005_00413,test_mixed,11,9,7,65,8,0,3,14
7,tr-008_01800,test_mixed,4,13,8,71,4,3,2,16
7,tr-011_02953,test_mixed,7,12,0,80,4,2,1,22
7,tr-006_00892,test_mixed,5,5,9,83,7,0,2,20
7,tr-007_01421,test_mixed,7,12,6,78,9,3,1,20
7,tr-007_01533,test_mixed,8,3,3,161,12,2,0,33
7,tr-006_00995,test_mixed,7,9,1,89,4,3,0,26
7,tr-009_02340,test_mixed,4,4,2,75,6,1,1,18
7,tr-005_00086,test_mixed,2,24,1,50,2,5,0,13
7,tr-005_00206,test_mixed,6,7,8,60,4,2,1,12
7,tr-005_00286,test_mixed,26,6,9,64,9,0,3,11
7,tr-005_00347,test_mixed,20,18,8,67,14,0,0,14
7,tr-005_00311,test_mixed,5,10,10,79,13,1,1,18
7,tr-005_00232,test_mixed,2,3,4,43,3,0,1,11
7,tr-006_00641,test_mixed,9,490,2,634,15,133,0,173
7,tr-007_01492,test_mixed,3,0,0,42,2,0,0,10
7,tr-008_01729,test_mixed,7,5,4,41,6,1,1,11
7,tr-006_00897,test_mixed,5,4,3,41,5,0,3,9
7,tr-010_02819,test_mixed,10,9,1,47,6,3,0,11
7,tr-006_00676,test_mixed,0,2,0,33,1,1,0,12
7,tr-010_02545,test_mixed,9,4,11,45,6,3,0,9
7,tr-011_02872,test_mixed,12,6,6,147,12,1,2,41
7,tr-010_02825,test_mixed,1,1,0,75,2,0,0,16
7,tr-009_02231,test_mixed,10,13,2,154,11,6,0,42
7,tr-007_01401,test_mixed,10,6,1,73,9,1,4,22
7,tr-007_01484,test_mixed,3,1,3,133,2,0,1,38
7,tr-007_01348,test_mixed,3,0,1,42,3,0,1,8
7,tr-009_02028,test_mixed,10,10,3,43,7,1,0,8
7,tr-009_02163,test_mixed,5,3,5,94,6,2,1,26
7,tr-008_01576,test_mixed,6,137,4,439,6,35,0,103
7,tr-006_01017,test_mixed,8,6,2,127,4,4,0,33
7,tr-011_03267,test_mixed,3,5,28,98,4,3,5,34
7,tr-006_00680,test_mixed,0,2,2,54,3,0,0,18
7,tr-006_00605,test_mixed,9,1,1,42,6,0,4,10
7,tr-008_01847,test_mixed,7,1,2,46,5,2,1,8
7,tr-011_03237,test_mixed,4,2,2,58,3,1,1,15
7,tr-009_02219,test_mixed,2,0,10,36,3,0,3,10
7,tr-008_01677,test_mixed,9,4,3,92,5,4,2,25
7,tr-006_01075,test_mixed,10,8,3,54,6,3,0,14
7,tr-006_01025,test_mixed,0,1,7,47,5,2,1,13
7,tr-008_01863,test_mixed,4,3,0,34,3,0,0,8
7,tr-010_02746,test_mixed,3,1,6,62,4,1,2,17
7,tr-006_01009,test_mixed,3,0,5,29,4,0,3,9
7,tr-009_02007,test_mixed,6,2,0,24,4,1,0,7
7,tr-007_01398,test_mixed,4,2,1,32,3,0,2,6
7,tr-006_00996,test_mixed,6,13,2,47,4,0,3,6
7,tr-011_03110,test_mixed,5,9,7,78,10,1,0,24
7,tr-008_01705,test_mixed,5,5,3,95,6,1,0,25
7,tr-007_01395,test_mixed,14,16,2,80,8,5,2,19
7,tr-005_00319,test_mixed,3,4,0,38,1,2,0,11
7,tr-008_01798,test_mixed,4,4,1,25,3,0,0,6
7,tr-007_01214,test_mixed,2,5,2,41,3,0,0,10
7,tr-006_00487,test_mixed,5,1,1,59,2,0,1,14
7,tr-007_01427,test_mixed,31,39,17,265,23,4,4,62
7,tr-011_03153,test_spanish_only,0,3,2,51,0,2,1,17
7,tr-010_02781,test_spanish_only,10,6,1,78,7,0,3,19
7,tr-011_03254,test_spanish_only,2,2,2,209,3,0,1,61
7,tr-005_00124,test_spanish_only,4,6,4,78,5,3,2,21
7,tr-005_00131,test_spanish_only,7,5,1,91,6,0,1,18
7,tr-010_02555,test_spanish_only,6,2,6,97,7,0,1,26
7,tr-010_02703,test_spanish_only,0,3,0,89,1,0,0,26
7,tr-009_02202,test_spanish_only,3,6,1,61,3,2,1,17
7,tr-011_02955,test_spanish_only,2,6,0,117,1,2,0,32
7,tr-011_03044,test_spanish_only,0,0,0,24,0,0,0,5
7,tr-006_00650,test_spanish_only,2,16,3,88,6,5,0,26
7,tr-007_01147,test_spanish_only,1,2,0,65,3,0,0,17
7,tr-010_02797,test_spanish_only,1,2,5,61,1,1,2,17
7,tr-010_02815,test_spanish_only,2,6,0,74,2,1,1,19
7,tr-011_02948,test_spanish_only,2,1,1,78,3,1,0,22
7,tr-005_00161,test_spanish_only,4,7,3,58,8,1,0,19
7,tr-011_03246,test_spanish_only,4,3,5,96,4,1,1,26
7,tr-006_00668,test_spanish_only,1,5,1,71,5,1,0,16
7,tr-011_02964,test_spanish_only,4,1,1,74,2,2,1,19
7,tr-006_00654,test_spanish_only,8,10,4,136,8,4,3,39
7,tr-011_03277,test_spanish_only,0,2,0,15,0,1,0,5
7,tr-010_02694,test_spanish_only,1,2,0,43,2,1,0,15
7,tr-011_03021,test_spanish_only,1,12,1,65,2,3,0,17
7,tr-011_03259,test_spanish_only,1,1,1,46,0,1,2,13
7,tr-006_01024,test_spanish_only,2,10,1,78,4,1,2,20
8/seed13,tr-005_00322,test_guarani_only,2,4,5,24,3,0,1,5
8/seed13,tr-009_02047,test_guarani_only,6,4,4,42,5,0,1,5
8/seed13,tr-007_01213,test_guarani_only,5,2,6,51,4,0,1,7
8/seed13,tr-010_02466,test_guarani_only,5,6,1,32,5,0,3,5
8/seed13,tr-008_01948,test_guarani_only,2,0,2,32,2,0,1,7
8/seed13,tr-007_01347,test_guarani_only,5,1,1,25,3,1,0,6
8/seed13,tr-007_01328,test_guarani_only,3,6,5,31,4,1,0,6
8/seed13,tr-010_02424,test_guarani_only,6,0,1,29,4,1,0,6
8/seed13,tr-007_01189,test_guarani_only,5,4,3,53,7,1,1,9
8/seed13,tr-007_01154,test_guarani_only,3,1,1,26,4,0,1,6
8/seed13,tr-008_01774,test_guarani_only,19,17,2,51,7,0,0,7
8/seed13,tr-009_02005,test_guarani_only,6,6,0,30,3,3,0,6
8/seed13,tr-010_02397,test_guarani_only,3,2,0,22,4,0,1,6
8/seed13,tr-010_02510,test_guarani_only,12,0,7,33,6,0,0,7
8/seed13,tr-008_01884,test_guarani_only,1,3,0,46,4,0,0,7
8/seed13,tr-010_02395,test_guarani_only,8,4,9,40,6,3,0,9
8/seed13,tr-009_02044,test_guarani_only,0,1,0,48,2,0,2,8
8/seed13,tr-010_02472,test_guarani_only,6,3,3,32,3,1,3,6
8/seed13,tr-005_00207,test_guarani_only,1,0,0,12,1,0,0,3
8/seed13,tr-008_01937,test_guarani_only,6,3,2,36,5,0,1,6
8/seed13,tr-010_02406,test_guarani_only,3,0,3,19,2,1,0,5
8/seed13,tr-009_02359,test_guarani_only,3,2,1,27,1,1,2,4
8/seed13,tr-007_01208,test_guarani_only,9,9,4,55,7,2,1,11
8/seed13,tr-010_02415,test_guarani_only,9,8,3,69,7,1,0,12
8/seed13,tr-008_01881,test_guarani_only,1,0,0,15,1,1,0,4
8/seed13,tr-010_02520,test_jehea,1,2,0,36,3,0,0,6
8/seed13,tr-008_01885,test_jehea,2,0,3,24,2,2,0,6
8/seed13,tr-010_02529,test_jehea,13,9,6,87,13,0,2,20
8/seed13,tr-007_01440,test_jehea,15,7,7,118,10,1,5,32
8/seed13,tr-009_02080,test_jehea,14,12,5,75,10,2,0,16
8/seed13,tr-009_02023,test_jehea,4,7,1,114,2,2,0,17
8/seed13,tr-007_01396,test_jehea,9,15,5,111,13,1,2,23
8/seed13,tr-008_01771,test_jehea,5,6,0,106,8,0,2,16
8/seed13,tr-008_01742,test_jehea,8,2,2,29,3,0,3,5
8/seed13,tr-007_01490,test_jehea,19,5,8,96,10,1,4,22
8/seed13,tr-010_02454,test_jehea,16,8,4,108,13,1,2,23
8/seed13,tr-010_02536,test_jehea,11,5,8,101,8,0,2,21
8/seed13,tr-007_01215,test_jehea,24,17,23,157,15,3,2,27
8/seed13,tr-007_01243,test_jehea,3,3,1,65,4,0,1,16
8/seed13,tr-009_02087,test_jehea,4,7,3,91,5,1,1,19
8/seed13,tr-008_01968,test_jehea,11,4,3,61,8,1,2,14
8/seed13,tr-006_00990,test_jehea,9,9,5,84,7,3,2,23
8/seed13,tr-005_00374,test_jehea,4,7,1,80,9,1,0,19
8/seed13,tr-005_00406,test_jehea,9,15,11,106,11,1,4,23
8/seed13,tr-005_00364,test_jehea,9,9,7,81,10,0,2,17
8/seed13,tr-005_00194,test_jehea,4,2,2,77,3,1,2,15
8/seed13,tr-005_00323,test_jehea,9,9,4,84,14,1,0,19
8/seed13,tr-010_02531,test_jehea,1,2,0,33,1,2,0,7
8/seed13,tr-005_00258,test_jehea,6,4,3,53,6,0,2,13
8/seed13,tr-005_00198,test_jehea,12,12,3,67,7,1,0,13
8/seed13,tr-005_00276,test_jehea,8,1,2,59,8,0,2,11
8/seed13,tr-005_00293,test_jehea,12,2,3,54,6,0,2,10
8/seed13,tr-005_00203,test_jehea,14,10,3,76,6,1,4,12
8/seed13,tr-005_00345,test_jehea,9,7,4,43,5,1,1,11
8/seed13,tr-005_00348,test_jehea,6,10,7,51,9,0,3,10
8/seed13,tr-005_00403,test_jehea,2,6,0,64,5,1,2,13
8/seed13,tr-006_00693,test_jehea,23,357,31,634,25,106,8,176
8/seed13,tr-005_00267,test_jehea,9,2,3,25,3,0,2,5
8/seed13,tr-010_02425,test_mixed,5,1,3,40,5,1,2,7
8/seed13,tr-005_00340,test_mixed,5,0,11,26,4,0,1,8
8/seed13,tr-007_01128,test_mixed,3,1,0,65,2,0,0,22
8/seed13,tr-008_01702,test_mixed,6,4,5,53,4,2,1,16
8/seed13,tr-005_00370,test_mixed,4,5,3,52,6,0,1,14
8/seed13,tr-005_00010,test_mixed,22,13,5,173,11,1,2,42
8/seed13,tr-008_01864,test_mixed,15,2,13,26,5,0,1,5
8/seed13,tr-008_01853,test_mixed,18,5,0,38,7,1,1,9
8/seed13,tr-007_01383,test_mixed,2,11,7,100,6,4,0,23
8/seed13,tr-011_02995,test_mixed,3,34,0,72,3,11,0,20
8/seed13,tr-009_02339,test_mixed,9,4,5,70,11,1,1,19
8/seed13,tr-009_02077,test_mixed,16,12,4,89,10,1,2,16
8/seed13,tr-008_01931,test_mixed,4,4,0,56,2,1,0,13
8/seed13,tr-005_00413,test_mixed,15,3,7,65,7,0,2,14
8/seed13,tr-008_01800,test_mixed,6,11,5,71,3,3,3,16
8/seed13,tr-011_02953,test_mixed,1,10,0,80,3,2,0,22
8/seed13,tr-006_00892,test_mixed,8,8,7,83,8,0,1,20
8/seed13,tr-007_01421,test_mixed,6,11,3,78,6,3,0,20
8/seed13,tr-007_01533,test_mixed,17,4,1,161,15,3,2,33
8/seed13,tr-006_00995,test_mixed,8,10,1,89,6,3,0,26
8/seed13,tr-009_02340,test_mixed,5,2,1,75,7,0,0,18
8/seed13,tr-005_00086,test_mixed,4,20,1,50,3,4,0,13
8/seed13,tr-005_00206,test_mixed,10,4,9,60,4,2,2,12
8/seed13,tr-005_00286,test_mixed,16,7,7,64,10,0,3,11
8/seed13,tr-005_00347,test_mixed,22,13,8,67,13,0,4,14
8/seed13,tr-005_00311,test_mixed,8,9,6,79,11,3,1,18
8/seed13,tr-005_00232,test_mixed,4,1,5,43,2,0,1,11
8/seed13,tr-006_00641,test_mixed,6,491,3,634,13,133,0,173
8/seed13,tr-007_01492,test_mixed,1,0,0,42,1,0,0,10
8/seed13,tr-008_01729,test_mixed,4,10,1,41,2,4,1,11
8/seed13,tr-006_00897,test_mixed,2,3,3,41,5,0,2,9
8/seed13,tr-010_02819,test_mixed,13,11,0,47,5,2,0,11
8/seed13,tr-006_00676,test_mixed,0,2,0,33,1,1,0,12
8/seed13,tr-010_02545,test_mixed,7,5,4,45,8,0,1,9
8/seed13,tr-011_02872,test_mixed,13,6,4,147,9,3,2,41
8/seed13,tr-010_02825,test_mixed,3,1,0,75,3,0,0,16
8/seed13,tr-009_02231,test_mixed,6,14,2,154,7,7,0,42
8/seed13,tr-007_01401,test_mixed,9,7,1,73,8,1,3,22
8/seed13,tr-007_01484,test_mixed,3,0,5,133,2,0,1,38
8/seed13,tr-007_01348,test_mixed,5,0,1,42,3,0,1,8
8/seed13,tr-009_02028,test_mixed,10,10,6,43,8,0,0,8
8/seed13,tr-009_02163,test_mixed,6,1,10,94,6,0,5,26
8/seed13,tr-008_01576,test_mixed,22,263,1,439,13,67,0,103
8/seed13,tr-006_01017,test_mixed,7,7,1,127,4,3,0,33
8/seed13,tr-011_03267,test_mixed,3,8,23,98,3,3,4,34
8/seed13,tr-006_00680,test_mixed,0,0,2,54,2,0,0,18
8/seed13,tr-006_00605,test_mixed,3,2,3,42,4,0,0,10
8/seed13,tr-008_01847,test_mixed,6,1,2,46,6,0,1,8
8/seed13,tr-011_03237,test_mixed,4,2,5,58,4,1,2,15
8/seed13,tr-009_02219,test_mixed,7,3,17,36,7,0,1,10
8/seed13,tr-008_01677,test_mixed,3,10,0,92,3,5,0,25
8/seed13,tr-006_01075,test_mixed,4,3,1,54,3,1,1,14
8/seed13,tr-006_01025,test_mixed,1,1,6,47,4,1,1,13
8/seed13,tr-008_01863,test_mixed,2,3,0,34,2,1,0,8
8/seed13,tr-010_02746,test_mixed,1,1,5,62,3,1,3,17
8/seed13,tr-006_01009,test_mixed,0,0,3,29,1,0,0,9
8/seed13,tr-009_02007,test_mixed,5,2,0,24,3,1,0,7
8/seed13,tr-007_01398,test_mixed,2,2,2,32,3,0,1,6
8/seed13,tr-006_00996,test_mixed,5,16,0,47,5,0,1,6
8/seed13,tr-011_03110,test_mixed,6,9,5,78,6,4,0,24
8/seed13,tr-008_01705,test_mixed,6,5,4,95,5,3,0,25
8/seed13,tr-007_01395,test_mixed,7,13,0,80,6,5,1,19
8/seed13,tr-005_00319,test_mixed,6,2,4,38,3,1,0,11
8/seed13,tr-008_01798,test_mixed,4,4,2,25,3,0,1,6
8/seed13,tr-007_01214,test_mixed,8,2,0,41,4,0,2,10
8/seed13,tr-006_00487,test_mixed,2,1,0,59,1,0,0,14
8/seed13,tr-007_01427,test_mixed,19,44,9,265,20,5,1,62
8/seed13,tr-011_03153,test_spanish_only,0,3,4,51,0,2,2,17
8/seed13,tr-010_02781,test_spanish_only,8,8,5,78,8,0,2,19
8/seed13,tr-011_03254,test_spanish_only,0,0,2,209,1,0,1,61
8/seed13,tr-005_00124,test_spanish_only,4,6,8,78,5,3,2,21
8/seed13,tr-005_00131,test_spanish_only,5,3,0,91,4,0,0,18
8/seed13,tr-010_02555,test_spanish_only,1,3,5,97,3,1,1,26
8/seed13,tr-010_02703,test_spanish_only,0,3,2,89,2,0,0,26
8/seed13,tr-009_02202,test_spanish_only,5,3,1,61,3,1,0,17
8/seed13,tr-011_02955,test_spanish_only,2,6,1,117,2,2,0,32
8/seed13,tr-011_03044,test_spanish_only,0,1,2,24,2,0,0,5
8/seed13,tr-006_00650,test_spanish_only,3,12,1,88,6,3,1,26
8/seed13,tr-007_01147,test_spanish_only,1,2,0,65,3,0,0,17
8/seed13,tr-010_02797,test_spanish_only,1,1,4,61,2,0,1,17
8/seed13,tr-010_02815,test_spanish_only,1,3,4,74,2,0,1,19
8/seed13,tr-011_02948,test_spanish_only,0,0,0,78,0,0,0,22
8/seed13,tr-005_00161,test_spanish_only,3,6,4,58,6,2,0,19
8/seed13,tr-011_03246,test_spanish_only,4,4,4,96,5,0,0,26
8/seed13,tr-006_00668,test_spanish_only,0,5,3,71,4,1,2,16
8/seed13,tr-011_02964,test_spanish_only,6,2,3,74,4,1,0,19
8/seed13,tr-006_00654,test_spanish_only,8,7,9,136,7,3,7,39
8/seed13,tr-011_03277,test_spanish_only,0,2,0,15,0,1,0,5
8/seed13,tr-010_02694,test_spanish_only,0,1,0,43,0,1,0,15
8/seed13,tr-011_03021,test_spanish_only,7,1,1,65,4,0,0,17
8/seed13,tr-011_03259,test_spanish_only,0,3,0,46,1,1,0,13
8/seed13,tr-006_01024,test_spanish_only,4,13,1,78,5,1,1,20
9/seed13,tr-005_00322,test_guarani_only,10,3,2,24,5,0,1,5
9/seed13,tr-009_02047,test_guarani_only,5,6,0,42,4,0,2,5
9/seed13,tr-007_01213,test_guarani_only,6,2,3,51,5,0,1,7
9/seed13,tr-010_02466,test_guarani_only,4,7,1,32,5,0,0,5
9/seed13,tr-008_01948,test_guarani_only,2,0,1,32,2,0,0,7
9/seed13,tr-007_01347,test_guarani_only,2,3,0,25,5,1,0,6
9/seed13,tr-007_01328,test_guarani_only,6,9,1,31,3,3,0,6
9/seed13,tr-010_02424,test_guarani_only,4,3,1,29,4,1,1,6
9/seed13,tr-007_01189,test_guarani_only,9,13,1,53,7,2,0,9
9/seed13,tr-007_01154,test_guarani_only,4,7,0,26,3,1,0,6
9/seed13,tr-008_01774,test_guarani_only,22,15,1,51,7,0,0,7
9/seed13,tr-009_02005,test_guarani_only,2,6,0,30,3,3,0,6
9/seed13,tr-010_02397,test_guarani_only,1,2,0,22,2,0,0,6
9/seed13,tr-010_02510,test_guarani_only,7,4,6,33,7,0,3,7
9/seed13,tr-008_01884,test_guarani_only,3,4,0,46,5,0,0,7
9/seed13,tr-010_02395,test_guarani_only,4,4,6,40,4,3,0,9
9/seed13,tr-009_02044,test_guarani_only,0,1,0,48,2,0,2,8
9/seed13,tr-010_02472,test_guarani_only,10,3,3,32,4,0,4,6
9/seed13,tr-005_00207,test_guarani_only,1,0,0,12,1,0,0,3
9/seed13,tr-008_01937,test_guarani_only,8,3,0,36,4,1,0,6
9/seed13,tr-010_02406,test_guarani_only,6,0,0,19,3,2,0,5
9/seed13,tr-009_02359,test_guarani_only,2,2,1,27,1,1,1,4
9/seed13,tr-007_01208,test_guarani_only,15,13,0,55,8,3,0,11
9/seed13,tr-010_02415,test_guarani_only,6,11,2,69,5,2,0,12
9/seed13,tr-008_01881,test_guarani_only,0,0,0,15,1,1,0,4
9/seed13,tr-010_02520,test_jehea,5,2,0,36,4,1,0,6
9/seed13,tr-008_01885,test_jehea,2,0,3,24,2,1,0,6
9/seed13,tr-010_02529,test_jehea,15,14,0,87,12,4,1,20
9/seed13,tr-007_01440,test_jehea,12,10,3,118,13,2,2,32
9/seed13,tr-009_02080,test_jehea,15,10,1,75,10,2,0,16
9/seed13,tr-009_02023,test_jehea,5,5,1,114,3,2,0,17
9/seed13,tr-007_01396,test_jehea,15,19,1,111,16,2,4,23
9/seed13,tr-008_01771,test_jehea,7,4,1,106,8,0,3,16
9/seed13,tr-008_01742,test_jehea,9,1,1,29,4,1,0,5
9/seed13,tr-007_01490,test_jehea,15,9,7,96,9,2,4,22
9/seed13,tr-010_02454,test_jehea,14,15,4,108,17,1,0,23
9/seed13,tr-010_02536,test_jehea,12,5,8,101,9,0,1,21
9/seed13,tr-007_01215,test_jehea,12,48,4,157,13,5,1,27
9/seed13,tr-007_01243,test_jehea,3,3,1,65,4,0,1,16
9/seed13,tr-009_02087,test_jehea,6,10,0,91,6,4,0,19
9/seed13,tr-008_01968,test_jehea,11,5,3,61,8,1,2,14
9/seed13,tr-006_00990,test_jehea,7,9,3,84,7,3,2,23
9/seed13,tr-005_00374,test_jehea,11,15,1,80,9,7,0,19
9/seed13,tr-005_00406,test_jehea,12,27,6,106,12,3,3,23
9/seed13,tr-005_00364,test_jehea,9,12,2,81,10,1,0,17
9/seed13,tr-005_00194,test_jehea,3,11,1,77,5,2,1,15
9/seed13,tr-005_00323,test_jehea,12,12,3,84,13,4,0,19
9/seed13,tr-010_02531,test_jehea,1,2,0,33,1,2,0,7
9/seed13,tr-005_00258,test_jehea,7,3,3,53,6,0,1,13
9/seed13,tr-005_00198,test_jehea,11,13,2,67,9,2,0,13
9/seed13,tr-005_00276,test_jehea,6,1,2,59,5,0,1,11
9/seed13,tr-005_00293,test_jehea,6,6,2,54,5,1,1,10
9/seed13,tr-005_00203,test_jehea,10,26,1,76,4,3,1,12
9/seed13,tr-005_00345,test_jehea,9,9,2,43,8,2,0,11
9/seed13,tr-005_00348,test_jehea,7,18,3,51,7,1,0,10
9/seed13,tr-005_00403,test_jehea,3,9,0,64,4,2,1,13
9/seed13,tr-006_00693,test_jehea,10,93,52,634,10,28,15,176
9/seed13,tr-005_00267,test_jehea,2,4,0,25,3,0,1,5
9/seed13,tr-010_02425,test_mixed,6,2,2,40,4,1,1,7
9/seed13,tr-005_00340,test_mixed,2,2,3,26,3,1,0,8
9/seed13,tr-007_01128,test_mixed,3,1,0,65,2,0,0,22
9/seed13,tr-008_01702,test_mixed,5,10,1,53,3,6,0,16
9/seed13,tr-005_00370,test_mixed,6,3,0,52,5,0,1,14
9/seed13,tr-005_00010,test_mixed,22,13,5,173,11,1,2,42
9/seed13,tr-008_01864,test_mixed,15,2,13,26,5,0,1,5
9/seed13,tr-008_01853,test_mixed,14,7,2,38,7,2,0,9
9/seed13,tr-007_01383,test_mixed,8,14,0,100,8,7,0,23
9/seed13,tr-011_02995,test_mixed,2,35,0,72,3,11,0,20
9/seed13,tr-009_02339,test_mixed,6,5,3,70,7,3,1,19
9/seed13,tr-009_02077,test_mixed,13,14,2,89,8,6,0,16
9/seed13,tr-008_01931,test_mixed,4,4,0,56,2,1,0,13
9/seed13,tr-005_00413,test_mixed,12,5,4,65,7,0,5,14
9/seed13,tr-008_01800,test_mixed,7,14,1,71,5,3,0,16
9/seed13,tr-011_02953,test_mixed,1,15,0,80,2,3,1,22
9/seed13,tr-006_00892,test_mixed,12,7,4,83,8,0,2,20
9/seed13,tr-007_01421,test_mixed,10,17,6,78,10,3,0,20
9/seed13,tr-007_01533,test_mixed,17,5,1,161,15,4,2,33
9/seed13,tr-006_00995,test_mixed,8,10,1,89,6,3,0,26
9/seed13,tr-009_02340,test_mixed,7,3,3,75,9,1,0,18
9/seed13,tr-005_00086,test_mixed,1,25,1,50,2,5,0,13
9/seed13,tr-005_00206,test_mixed,8,12,5,60,6,4,0,12
9/seed13,tr-005_00286,test_mixed,11,11,4,64,9,0,2,11
9/seed13,tr-005_00347,test_mixed,27,13,1,67,12,2,0,14
9/seed13,tr-005_00311,test_mixed,10,8,9,79,11,4,0,18
9/seed13,tr-005_00232,test_mixed,7,3,4,43,5,0,0,11
9/seed13,tr-006_00641,test_mixed,10,92,23,634,22,22,3,173
9/seed13,tr-007_01492,test_mixed,1,0,0,42,1,0,0,10
9/seed13,tr-008_01729,test_mixed,3,9,2,41,3,3,1,11
9/seed13,tr-006_00897,test_mixed,2,4,0,41,7,0,0,9
9/seed13,tr-010_02819,test_mixed,8,8,0,47,6,2,1,11
9/seed13,tr-006_00676,test_mixed,3,2,0,33,1,1,0,12
9/seed13,tr-010_02545,test_mixed,10,5,7,45,6,3,0,9
9/seed13,tr-011_02872,test_mixed,17,9,8,147,15,2,2,41
9/seed13,tr-010_02825,test_mixed,3,3,0,75,2,1,0,16
9/seed13,tr-009_02231,test_mixed,6,14,1,154,8,6,0,42
9/seed13,tr-007_01401,test_mixed,5,8,5,73,10,1,1,22
9/seed13,tr-007_01484,test_mixed,3,0,5,133,2,0,1,38
9/seed13,tr-007_01348,test_mixed,4,1,0,42,3,0,0,8
9/seed13,tr-009_02028,test_mixed,14,9,8,43,8,0,1,8
9/seed13,tr-009_02163,test_mixed,3,9,2,94,4,3,0,26
9/seed13,tr-008_01576,test_mixed,1,119,4,439,3,31,0,103
9/seed13,tr-006_01017,test_mixed,11,15,0,127,6,3,0,33
9/seed13,tr-011_03267,test_mixed,3,10,22,98,3,4,4,34
9/seed13,tr-006_00680,test_mixed,2,1,3,54,3,0,1,18
9/seed13,tr-006_00605,test_mixed,1,2,3,42,3,0,0,10
9/seed13,tr-008_01847,test_mixed,4,1,1,46,3,1,1,8
9/seed13,tr-011_03237,test_mixed,5,2,3,58,4,1,1,15
9/seed13,tr-009_02219,test_mixed,3,7,3,36,6,0,0,10
9/seed13,tr-008_01677,test_mixed,1,15,0,92,3,6,0,25
9/seed13,tr-006_01075,test_mixed,1,9,0,54,2,3,0,14
9/seed13,tr-006_01025,test_mixed,1,1,6,47,4,1,1,13
9/seed13,tr-008_01863,test_mixed,2,4,0,34,3,1,0,8
9/seed13,tr-010_02746,test_mixed,2,20,1,62,2,7,2,17
9/seed13,tr-006_01009,test_mixed,0,1,1,29,1,1,0,9
9/seed13,tr-009_02007,test_mixed,4,6,0,24,3,2,0,7
9/seed13,tr-007_01398,test_mixed,2,0,1,32,3,0,0,6
9/seed13,tr-006_00996,test_mixed,7,15,0,47,5,0,0,6
9/seed13,tr-011_03110,test_mixed,6,11,4,78,8,3,1,24
9/seed13,tr-008_01705,test_mixed,7,5,5,95,5,4,0,25
9/seed13,tr-007_01395,test_mixed,11,16,0,80,7,8,0,19
9/seed13,tr-005_00319,test_mixed,6,2,4,38,3,1,0,11
9/seed13,tr-008_01798,test_mixed,4,4,2,25,3,0,0,6
9/seed13,tr-007_01214,test_mixed,10,2,0,41,3,0,2,10
9/seed13,tr-006_00487,test_mixed,2,1,0,59,1,0,0,14
9/seed13,tr-007_01427,test_mixed,19,67,9,265,27,12,2,62
9/seed13,tr-011_03153,test_spanish_only,0,3,3,51,0,2,2,17
9/seed13,tr-010_02781,test_spanish_only,5,7,0,78,5,1,1,19
9/seed13,tr-011_03254,test_spanish_only,0,0,2,209,1,0,1,61
9/seed13,tr-005_00124,test_spanish_only,4,6,8,78,5,3,2,21
9/seed13,tr-005_00131,test_spanish_only,5,3,0,91,4,0,0,18
9/seed13,tr-010_02555,test_spanish_only,1,7,0,97,4,2,0,26
9/seed13,tr-010_02703,test_spanish_only,0,3,2,89,2,0,0,26
9/seed13,tr-009_02202,test_spanish_only,5,4,1,61,3,1,0,17
9/seed13,tr-011_02955,test_spanish_only,2,6,0,117,1,2,0,32
9/seed13,tr-011_03044,test_spanish_only,0,1,0,24,1,0,0,5
9/seed13,tr-006_00650,test_spanish_only,3,11,2,88,7,2,1,26
9/seed13,tr-007_01147,test_spanish_only,1,2,0,65,3,0,0,17
9/seed13,tr-010_02797,test_spanish_only,1,1,4,61,2,0,1,17
9/seed13,tr-010_02815,test_spanish_only,4,4,2,74,3,0,1,19
9/seed13,tr-011_02948,test_spanish_only,0,0,0,78,0,0,0,22
9/seed13,tr-005_00161,test_spanish_only,2,4,1,58,5,1,0,19
9/seed13,tr-011_03246,test_spanish_only,4,4,4,96,5,0,0,26
9/seed13,tr-006_00668,test_spanish_only,0,5,3,71,4,1,2,16
9/seed13,tr-011_02964,test_spanish_only,6,2,3,74,4,1,0,19
9/seed13,tr-006_00654,test_spanish_only,10,14,12,136,9,4,5,39
9/seed13,tr-011_03277,test_spanish_only,0,2,0,15,0,1,0,5
9/seed13,tr-010_02694,test_spanish_only,0,1,0,43,0,1,0,15
9/seed13,tr-011_03021,test_spanish_only,4,9,1,65,3,2,0,17
9/seed13,tr-011_03259,test_spanish_only,0,3,0,46,1,1,0,13
9/seed13,tr-006_01024,test_spanish_only,3,13,1,78,5,1,1,20
8/seed42,tr-005_00322,test_guarani_only,2,4,5,24,3,0,1,5
8/seed42,tr-009_02047,test_guarani_only,6,6,3,42,5,0,1,5
8/seed42,tr-007_01213,test_guarani_only,5,2,6,51,4,0,1,7
8/seed42,tr-010_02466,test_guarani_only,5,6,1,32,5,0,3,5
8/seed42,tr-008_01948,test_guarani_only,4,0,4,32,2,0,1,7
8/seed42,tr-007_01347,test_guarani_only,6,1,2,25,3,2,0,6
8/seed42,tr-007_01328,test_guarani_only,10,5,0,31,5,0,0,6
8/seed42,tr-010_02424,test_guarani_only,5,1,1,29,4,1,0,6
8/seed42,tr-007_01189,test_guarani_only,5,5,3,53,7,1,1,9
8/seed42,tr-007_01154,test_guarani_only,4,1,2,26,6,0,0,6
8/seed42,tr-008_01774,test_guarani_only,19,17,2,51,7,0,0,7
8/seed42,tr-009_02005,test_guarani_only,11,3,2,30,5,0,0,6
8/seed42,tr-010_02397,test_guarani_only,3,2,0,22,4,0,1,6
8/seed42,tr-010_02510,test_guarani_only,6,2,9,33,6,1,0,7
8/seed42,tr-008_01884,test_guarani_only,1,3,0,46,4,0,0,7
8/seed42,tr-010_02395,test_guarani_only,8,4,7,40,6,2,0,9
8/seed42,tr-009_02044,test_guarani_only,0,1,0,48,2,0,2,8
8/seed42,tr-010_02472,test_guarani_only,6,3,3,32,3,1,3,6
8/seed42,tr-005_00207,test_guarani_only,1,0,0,12,1,0,0,3
8/seed42,tr-008_01937,test_guarani_only,6,3,2,36,5,0,1,6
8/seed42,tr-010_02406,test_guarani_only,3,0,3,19,2,1,0,5
8/seed42,tr-009_02359,test_guarani_only,3,2,1,27,1,1,2,4
8/seed42,tr-007_01208,test_guarani_only,9,10,2,55,5,3,1,11
8/seed42,tr-010_02415,test_guarani_only,10,8,3,69,8,1,0,12
8/seed42,tr-008_01881,test_guarani_only,1,0,0,15,1,1,0,4
8/seed42,tr-010_02520,test_jehea,1,2,0,36,3,0,0,6
8/seed42,tr-008_01885,test_jehea,2,0,3,24,2,2,0,6
8/seed42,tr-010_02529,test_jehea,11,11,6,87,13,2,2,20
8/seed42,tr-007_01440,test_jehea,13,8,6,118,10,1,3,32
8/seed42,tr-009_02080,test_jehea,14,12,5,75,10,2,0,16
8/seed42,tr-009_02023,test_jehea,4,7,1,114,2,2,0,17
8/seed42,tr-007_01396,test_jehea,10,17,5,111,15,1,3,23
8/seed42,tr-008_01771,test_jehea,5,4,1,106,7,0,3,16
8/seed42,tr-008_01742,test_jehea,8,2,5,29,4,0,3,5
8/seed42,tr-007_01490,test_jehea,19,5,8,96,10,1,4,22
8/seed42,tr-010_02454,test_jehea,15,11,4,108,14,1,1,23
8/seed42,tr-010_02536,test_jehea,11,5,8,101,8,0,2,21
8/seed42,tr-007_01215,test_jehea,24,16,33,157,13,3,8,27
8/seed42,tr-007_01243,test_jehea,3,3,1,65,4,0,1,16
8/seed42,tr-009_02087,test_jehea,4,7,3,91,5,1,1,19
8/seed42,tr-008_01968,test_jehea,11,4,4,61,8,1,2,14
8/seed42,tr-006_00990,test_jehea,10,10,5,84,8,2,2,23
8/seed42,tr-005_00374,test_jehea,4,7,1,80,9,1,0,19
8/seed42,tr-005_00406,test_jehea,9,15,11,106,11,1,4,23
8/seed42,tr-005_00364,test_jehea,5,10,6,81,9,0,2,17
8/seed42,tr-005_00194,test_jehea,4,2,2,77,3,1,2,15
8/seed42,tr-005_00323,test_jehea,9,9,4,84,14,1,0,19
8/seed42,tr-010_02531,test_jehea,1,2,0,33,1,2,0,7
8/seed42,tr-005_00258,test_jehea,6,4,3,53,6,0,2,13
8/seed42,tr-005_00198,test_jehea,12,12,3,67,7,1,0,13
8/seed42,tr-005_00276,test_jehea,5,1,2,59,5,0,1,11
8/seed42,tr-005_00293,test_jehea,10,3,6,54,5,0,1,10
8/seed42,tr-005_00203,test_jehea,14,8,3,76,6,0,4,12
8/seed42,tr-005_00345,test_jehea,9,7,4,43,5,1,1,11
8/seed42,tr-005_00348,test_jehea,6,8,10,51,9,0,2,10
8/seed42,tr-005_00403,test_jehea,2,6,0,64,5,1,2,13
8/seed42,tr-006_00693,test_jehea,34,90,75,634,26,27,21,176
8/seed42,tr-005_00267,test_jehea,9,2,3,25,3,0,2,5
8/seed42,tr-010_02425,test_mixed,5,1,3,40,5,1,2,7
8/seed42,tr-005_00340,test_mixed,4,0,10,26,4,0,2,8
8/seed42,tr-007_01128,test_mixed,3,1,0,65,2,0,0,22
8/seed42,tr-008_01702,test_mixed,6,4,5,53,4,2,1,16
8/seed42,tr-005_00370,test_mixed,4,5,3,52,6,0,1,14
8/seed42,tr-005_00010,test_mixed,21,11,9,173,11,1,3,42
8/seed42,tr-008_01864,test_mixed,15,2,13,26,5,0,1,5
8/seed42,tr-008_01853,test_mixed,14,5,3,38,8,0,1,9
8/seed42,tr-007_01383,test_mixed,3,11,8,100,7,4,0,23
8/seed42,tr-011_02995,test_mixed,3,34,0,72,3,11,0,20
8/seed42,tr-009_02339,test_mixed,7,4,6,70,9,3,1,19
8/seed42,tr-009_02077,test_mixed,12,13,3,89,10,1,3,16
8/seed42,tr-008_01931,test_mixed,4,4,0,56,2,1,0,13
8/seed42,tr-005_00413,test_mixed,6,16,7,65,7,0,0,14
8/seed42,tr-008_01800,test_mixed,8,11,6,71,4,3,2,16
8/seed42,tr-011_02953,test_mixed,1,10,0,80,3,2,0,22
8/seed42,tr-006_00892,test_mixed,8,8,7,83,8,0,1,20
8/seed42,tr-007_01421,test_mixed,6,11,3,78,6,3,0,20
8/seed42,tr-007_01533,test_mixed,17,4,1,161,15,3,2,33
8/seed42,tr-006_00995,test_mixed,8,10,1,89,5,2,0,26
8/seed42,tr-009_02340,test_mixed,5,2,1,75,7,0,0,18
8/seed42,tr-005_00086,test_mixed,4,20,1,50,3,4,0,13
8/seed42,tr-005_00206,test_mixed,10,4,9,60,4,2,2,12
8/seed42,tr-005_00286,test_mixed,17,8,4,64,9,0,3,11
8/seed42,tr-005_00347,test_mixed,28,11,5,67,14,0,2,14
8/seed42,tr-005_00311,test_mixed,5,11,6,79,9,4,1,18
8/seed42,tr-005_00232,test_mixed,4,0,6,43,2,0,1,11
8/seed42,tr-006_00641,test_mixed,6,463,2,634,10,119,0,173
8/seed42,tr-007_01492,test_mixed,1,0,0,42,1,0,0,10
8/seed42,tr-008_01729,test_mixed,4,10,1,41,2,4,1,11
8/seed42,tr-006_00897,test_mixed,1,3,3,41,4,0,2,9
8/seed42,tr-010_02819,test_mixed,9,5,0,47,5,1,1,11
8/seed42,tr-006_00676,test_mixed,0,2,0,33,1,1,0,12
8/seed42,tr-010_02545,test_mixed,6,4,2,45,9,0,2,9
8/seed42,tr-011_02872,test_mixed,15,7,2,147,10,2,2,41
8/seed42,tr-010_02825,test_mixed,3,1,0,75,3,0,0,16
8/seed42,tr-009_02231,test_mixed,9,13,1,154,9,5,0,42
8/seed42,tr-007_01401,test_mixed,9,7,3,73,8,1,3,22
8/seed42,tr-007_01484,test_mixed,3,0,5,133,2,0,1,38
8/seed42,tr-007_01348,test_mixed,6,0,0,42,3,0,2,8
8/seed42,tr-009_02028,test_mixed,14,8,3,43,8,0,0,8
8/seed42,tr-009_02163,test_mixed,5,2,10,94,5,1,5,26
8/seed42,tr-008_01576,test_mixed,2,95,3,439,4,26,0,103
8/seed42,tr-006_01017,test_mixed,7,7,1,127,4,3,0,33
8/seed42,tr-011_03267,test_mixed,3,8,23,98,3,3,4,34
8/seed42,tr-006_00680,test_mixed,0,0,2,54,2,0,0,18
8/seed42,tr-006_00605,test_mixed,4,1,2,42,3,0,0,10
8/seed42,tr-008_01847,test_mixed,6,1,3,46,6,0,1,8
8/seed42,tr-011_03237,test_mixed,4,2,5,58,4,1,2,15
8/seed42,tr-009_02219,test_mixed,9,3,7,36,5,2,1,10
8/seed42,tr-008_01677,test_mixed,3,10,0,92,3,5,0,25
8/seed42,tr-006_01075,test_mixed,4,3,1,54,3,1,1,14
8/seed42,tr-006_01025,test_mixed,1,1,6,47,4,1,1,13
8/seed42,tr-008_01863,test_mixed,2,3,0,34,2,1,0,8
8/seed42,tr-010_02746,test_mixed,1,1,7,62,3,1,4,17
8/seed42,tr-006_01009,test_mixed,0,0,3,29,1,0,0,9
8/seed42,tr-009_02007,test_mixed,5,2,0,24,3,1,0,7
8/seed42,tr-007_01398,test_mixed,2,2,2,32,3,0,1,6
8/seed42,tr-006_00996,test_mixed,9,13,0,47,5,0,1,6
8/seed42,tr-011_03110,test_mixed,7,8,5,78,9,2,0,24
8/seed42,tr-008_01705,test_mixed,6,5,4,95,5,3,0,25
8/seed42,tr-007_01395,test_mixed,11,15,1,80,7,5,1,19
8/seed42,tr-005_00319,test_mixed,6,2,4,38,3,1,0,11
8/seed42,tr-008_01798,test_mixed,5,4,2,25,3,0,1,6
8/seed42,tr-007_01214,test_mixed,8,2,0,41,4,0,2,10
8/seed42,tr-006_00487,test_mixed,2,1,0,59,1,0,0,14
8/seed42,tr-007_01427,test_mixed,14,55,9,265,22,5,0,62
8/seed42,tr-011_03153,test_spanish_only,0,3,4,51,0,2,2,17
8/seed42,tr-010_02781,test_spanish_only,7,6,2,78,5,0,1,19
8/seed42,tr-011_03254,test_spanish_only,0,0,2,209,1,0,1,61
8/seed42,tr-005_00124,test_spanish_only,4,6,8,78,5,3,2,21
8/seed42,tr-005_00131,test_spanish_only,5,3,0,91,4,0,0,18
8/seed42,tr-010_02555,test_spanish_only,2,2,5,97,4,1,1,26
8/seed42,tr-010_02703,test_spanish_only,0,3,2,89,2,0,0,26
8/seed42,tr-009_02202,test_spanish_only,5,3,1,61,3,1,0,17
8/seed42,tr-011_02955,test_spanish_only,2,6,0,117,1,2,0,32
8/seed42,tr-011_03044,test_spanish_only,0,1,2,24,2,0,0,5
8/seed42,tr-006_00650,test_spanish_only,9,13,1,88,8,3,1,26
8/seed42,tr-007_01147,test_spanish_only,1,2,0,65,3,0,0,17
8/seed42,tr-010_02797,test_spanish_only,1,1,4,61,2,0,1,17
8/seed42,tr-010_02815,test_spanish_only,1,3,4,74,2,0,1,19
8/seed42,tr-011_02948,test_spanish_only,0,0,0,78,0,0,0,22
8/seed42,tr-005_00161,test_spanish_only,3,5,2,58,6,1,0,19
8/seed42,tr-011_03246,test_spanish_only,4,4,4,96,5,0,0,26
8/seed42,tr-006_00668,test_spanish_only,0,5,3,71,4,1,2,16
8/seed42,tr-011_02964,test_spanish_only,6,2,3,74,4,1,0,19
8/seed42,tr-006_00654,test_spanish_only,8,7,9,136,7,3,7,39
8/seed42,tr-011_03277,test_spanish_only,0,0,0,15,0,0,0,5
8/seed42,tr-010_02694,test_spanish_only,0,1,0,43,0,1,0,15
8/seed42,tr-011_03021,test_spanish_only,4,9,1,65,3,2,0,17
8/seed42,tr-011_03259,test_spanish_only,0,3,0,46,1,1,0,13
8/seed42,tr-006_01024,test_spanish_only,4,13,1,78,5,1,1,20
9/seed42,tr-005_00322,test_guarani_only,10,3,3,24,5,0,0,5
9/seed42,tr-009_02047,test_guarani_only,5,6,0,42,4,0,2,5
9/seed42,tr-007_01213,test_guarani_only,6,2,3,51,5,0,1,7
9/seed42,tr-010_02466,test_guarani_only,4,7,1,32,5,0,0,5
9/seed42,tr-008_01948,test_guarani_only,2,0,1,32,2,0,0,7
9/seed42,tr-007_01347,test_guarani_only,3,3,0,25,4,2,0,6
9/seed42,tr-007_01328,test_guarani_only,6,7,1,31,4,2,0,6
9/seed42,tr-010_02424,test_guarani_only,4,3,1,29,4,1,1,6
9/seed42,tr-007_01189,test_guarani_only,9,13,1,53,7,2,0,9
9/seed42,tr-007_01154,test_guarani_only,4,7,0,26,3,1,0,6
9/seed42,tr-008_01774,test_guarani_only,22,15,1,51,7,0,0,7
9/seed42,tr-009_02005,test_guarani_only,3,4,1,30,2,2,1,6
9/seed42,tr-010_02397,test_guarani_only,1,2,0,22,2,0,0,6
9/seed42,tr-010_02510,test_guarani_only,9,3,1,33,7,0,0,7
9/seed42,tr-008_01884,test_guarani_only,3,4,0,46,5,0,0,7
9/seed42,tr-010_02395,test_guarani_only,4,4,6,40,4,3,0,9
9/seed42,tr-009_02044,test_guarani_only,0,1,0,48,2,0,2,8
9/seed42,tr-010_02472,test_guarani_only,10,3,3,32,4,0,4,6
9/seed42,tr-005_00207,test_guarani_only,1,0,0,12,1,0,0,3
9/seed42,tr-008_01937,test_guarani_only,8,3,0,36,4,1,0,6
9/seed42,tr-010_02406,test_guarani_only,6,0,0,19,3,2,0,5
9/seed42,tr-009_02359,test_guarani_only,2,2,1,27,1,1,1,4
9/seed42,tr-007_01208,test_guarani_only,15,15,0,55,8,3,0,11
9/seed42,tr-010_02415,test_guarani_only,6,11,2,69,5,2,0,12
9/seed42,tr-008_01881,test_guarani_only,0,0,0,15,1,1,0,4
9/seed42,tr-010_02520,test_jehea,5,2,0,36,4,1,0,6
9/seed42,tr-008_01885,test_jehea,2,0,3,24,1,2,0,6
9/seed42,tr-010_02529,test_jehea,15,14,1,87,12,4,1,20
9/seed42,tr-007_01440,test_jehea,12,10,3,118,13,2,1,32
9/seed42,tr-009_02080,test_jehea,15,10,1,75,10,2,0,16
9/seed42,tr-009_02023,test_jehea,5,5,1,114,3,2,0,17
9/seed42,tr-007_01396,test_jehea,15,19,1,111,16,2,4,23
9/seed42,tr-008_01771,test_jehea,7,4,1,106,8,0,3,16
9/seed42,tr-008_01742,test_jehea,6,2,5,29,3,0,1,5
9/seed42,tr-007_01490,test_jehea,16,9,7,96,9,2,4,22
9/seed42,tr-010_02454,test_jehea,15,14,4,108,17,1,0,23
9/seed42,tr-010_02536,test_jehea,12,5,8,101,9,0,1,21
9/seed42,tr-007_01215,test_jehea,12,48,5,157,13,5,1,27
9/seed42,tr-007_01243,test_jehea,3,3,1,65,4,0,1,16
9/seed42,tr-009_02087,test_jehea,6,10,0,91,6,4,0,19
9/seed42,tr-008_01968,test_jehea,11,4,3,61,8,1,2,14
9/seed42,tr-006_00990,test_jehea,6,8,3,84,7,3,2,23
9/seed42,tr-005_00374,test_jehea,11,15,1,80,9,7,0,19
9/seed42,tr-005_00406,test_jehea,12,27,6,106,12,3,3,23
9/seed42,tr-005_00364,test_jehea,9,12,3,81,11,1,0,17
9/seed42,tr-005_00194,test_jehea,3,11,1,77,5,2,1,15
9/seed42,tr-005_00323,test_jehea,12,12,3,84,13,4,0,19
9/seed42,tr-010_02531,test_jehea,1,2,0,33,1,2,0,7
9/seed42,tr-005_00258,test_jehea,7,3,3,53,6,0,1,13
9/seed42,tr-005_00198,test_jehea,11,13,2,67,9,2,0,13
9/seed42,tr-005_00276,test_jehea,6,1,2,59,5,0,1,11
9/seed42,tr-005_00293,test_jehea,7,3,4,54,6,0,1,10
9/seed42,tr-005_00203,test_jehea,11,25,2,76,5,2,1,12
9/seed42,tr-005_00345,test_jehea,9,9,2,43,8,2,0,11
9/seed42,tr-005_00348,test_jehea,7,18,3,51,7,1,0,10
9/seed42,tr-005_00403,test_jehea,3,9,0,64,4,2,1,13
9/seed42,tr-006_00693,test_jehea,10,93,52,634,10,28,15,176
9/seed42,tr-005_00267,test_jehea,5,3,1,25,3,0,1,5
9/seed42,tr-010_02425,test_mixed,6,2,2,40,4,1,1,7
9/seed42,tr-005_00340,test_mixed,2,2,3,26,3,1,0,8
9/seed42,tr-007_01128,test_mixed,3,1,0,65,2,0,0,22
9/seed42,tr-008_01702,test_mixed,5,10,1,53,3,6,0,16
9/seed42,tr-005_00370,test_mixed,6,3,0,52,5,0,1,14
9/seed42,tr-005_00010,test_mixed,22,13,5,173,11,1,2,42
9/seed42,tr-008_01864,test_mixed,15,2,13,26,5,0,1,5
9/seed42,tr-008_01853,test_mixed,11,11,3,38,6,3,0,9
9/seed42,tr-007_01383,test_mixed,10,13,0,100,8,7,0,23
9/seed42,tr-011_02995,test_mixed,2,35,0,72,3,11,0,20
9/seed42,tr-009_02339,test_mixed,7,4,3,70,7,4,1,19
9/seed42,tr-009_02077,test_mixed,13,14,2,89,8,6,0,16
9/seed42,tr-008_01931,test_mixed,4,4,0,56,2,1,0,13
9/seed42,tr-005_00413,test_mixed,9,7,7,65,7,0,2,14
9/seed42,tr-008_01800,test_mixed,7,14,1,71,5,3,0,16
9/seed42,tr-011_02953,test_mixed,1,15,0,80,2,3,1,22
9/seed42,tr-006_00892,test_mixed,12,7,4,83,8,0,2,20
9/seed42,tr-007_01421,test_mixed,10,17,6,78,10,3,0,20
9/seed42,tr-007_01533,test_mixed,17,5,1,161,15,4,2,33
9/seed42,tr-006_00995,test_mixed,8,10,1,89,6,3,0,26
9/seed42,tr-009_02340,test_mixed,7,3,3,75,9,1,0,18
9/seed42,tr-005_00086,test_mixed,0,27,1,50,1,6,0,13
9/seed42,tr-005_00206,test_mixed,8,12,5,60,6,4,0,12
9/seed42,tr-005_00286,test_mixed,11,11,4,64,9,0,2,11
9/seed42,tr-005_00347,test_mixed,21,14,2,67,13,1,0,14
9/seed42,tr-005_00311,test_mixed,10,8,9,79,11,4,0,18
9/seed42,tr-005_00232,test_mixed,5,5,2,43,3,2,0,11
9/seed42,tr-006_00641,test_mixed,10,92,23,634,22,22,3,173
9/seed42,tr-007_01492,test_mixed,1,0,0,42,1,0,0,10
9/seed42,tr-008_01729,test_mixed,3,9,2,41,3,3,1,11
9/seed42,tr-006_00897,test_mixed,2,4,0,41,7,0,0,9
9/seed42,tr-010_02819,test_mixed,12,7,1,47,7,1,2,11
9/seed42,tr-006_00676,test_mixed,3,2,0,33,1,1,0,12
9/seed42,tr-010_02545,test_mixed,11,5,7,45,6,3,0,9
9/seed42,tr-011_02872,test_mixed,17,9,8,147,15,2,2,41
9/seed42,tr-010_02825,test_mixed,3,3,0,75,2,1,0,16
9/seed42,tr-009_02231,test_mixed,6,14,1,154,8,6,0,42
9/seed42,tr-007_01401,test_mixed,5,8,4,73,9,1,1,22
9/seed42,tr-007_01484,test_mixed,3,0,5,133,2,0,1,38
9/seed42,tr-007_01348,test_mixed,3,0,1,42,3,0,1,8
9/seed42,tr-009_02028,test_mixed,11,9,8,43,8,0,2,8
9/seed42,tr-009_02163,test_mixed,3,9,2,94,4,3,0,26
9/seed42,tr-008_01576,test_mixed,1,127,4,439,4,33,0,103
9/seed42,tr-006_01017,test_mixed,11,15,0,127,6,3,0,33
9/seed42,tr-011_03267,test_mixed,3,10,24,98,2,5,5,34
9/seed42,tr-006_00680,test_mixed,4,0,2,54,3,0,2,18
9/seed42,tr-006_00605,test_mixed,1,1,2,42,2,0,0,10
9/seed42,tr-008_01847,test_mixed,4,1,1,46,3,1,1,8
9/seed42,tr-011_03237,test_mixed,4,2,5,58,4,1,2,15
9/seed42,tr-009_02219,test_mixed,3,7,3,36,6,0,0,10
9/seed42,tr-008_01677,test_mixed,1,15,0,92,3,6,0,25
9/seed42,tr-006_01075,test_mixed,1,7,1,54,4,1,0,14
9/seed42,tr-006_01025,test_mixed,1,1,6,47,4,1,1,13
9/seed42,tr-008_01863,test_mixed,2,4,0,34,3,1,0,8
9/seed42,tr-010_02746,test_mixed,2,20,1,62,2,7,2,17
9/seed42,tr-006_01009,test_mixed,0,1,1,29,1,1,0,9
9/seed42,tr-009_02007,test_mixed,4,6,0,24,3,2,0,7
9/seed42,tr-007_01398,test_mixed,3,0,2,32,3,0,1,6
9/seed42,tr-006_00996,test_mixed,7,15,0,47,5,0,0,6
9/seed42,tr-011_03110,test_mixed,6,11,4,78,8,3,1,24
9/seed42,tr-008_01705,test_mixed,7,5,5,95,5,4,0,25
9/seed42,tr-007_01395,test_mixed,11,16,0,80,7,8,0,19
9/seed42,tr-005_00319,test_mixed,6,2,4,38,3,1,0,11
9/seed42,tr-008_01798,test_mixed,4,4,2,25,3,0,0,6
9/seed42,tr-007_01214,test_mixed,10,2,0,41,3,0,2,10
9/seed42,tr-006_00487,test_mixed,2,1,0,59,1,0,0,14
9/seed42,tr-007_01427,test_mixed,19,67,9,265,28,13,2,62
9/seed42,tr-011_03153,test_spanish_only,0,3,3,51,0,2,2,17
9/seed42,tr-010_02781,test_spanish_only,6,6,1,78,5,0,1,19
9/seed42,tr-011_03254,test_spanish_only,0,0,2,209,1,0,1,61
9/seed42,tr-005_00124,test_spanish_only,6,6,2,78,5,3,1,21
9/seed42,tr-005_00131,test_spanish_only,5,3,0,91,4,0,0,18
9/seed42,tr-010_02555,test_spanish_only,1,7,0,97,4,2,0,26
9/seed42,tr-010_02703,test_spanish_only,0,3,2,89,2,0,0,26
9/seed42,tr-009_02202,test_spanish_only,5,4,1,61,3,1,0,17
9/seed42,tr-011_02955,test_spanish_only,2,6,0,117,1,2,0,32
9/seed42,tr-011_03044,test_spanish_only,0,1,0,24,1,0,0,5
9/seed42,tr-006_00650,test_spanish_only,3,11,2,88,7,2,1,26
9/seed42,tr-007_01147,test_spanish_only,1,2,0,65,3,0,0,17
9/seed42,tr-010_02797,test_spanish_only,1,1,4,61,2,0,1,17
9/seed42,tr-010_02815,test_spanish_only,4,4,2,74,3,0,1,19
9/seed42,tr-011_02948,test_spanish_only,0,0,0,78,0,0,0,22
9/seed42,tr-005_00161,test_spanish_only,2,4,1,58,5,1,0,19
9/seed42,tr-011_03246,test_spanish_only,2,7,2,96,4,1,0,26
9/seed42,tr-006_00668,test_spanish_only,0,5,3,71,4,1,2,16
9/seed42,tr-011_02964,test_spanish_only,6,2,3,74,4,1,0,19
9/seed42,tr-006_00654,test_spanish_only,9,14,12,136,9,4,5,39
9/seed42,tr-011_03277,test_spanish_only,0,2,0,15,0,1,0,5
9/seed42,tr-010_02694,test_spanish_only,0,1,0,43,0,1,0,15
9/seed42,tr-011_03021,test_spanish_only,4,9,1,65,3,2,0,17
9/seed42,tr-011_03259,test_spanish_only,0,2,0,46,0,1,0,13
9/seed42,tr-006_01024,test_spanish_only,3,13,1,78,5,1,1,20
8/seed123,tr-005_00322,test_guarani_only,6,3,5,24,4,0,0,5
8/seed123,tr-009_02047,test_guarani_only,4,6,3,42,5,0,0,5
8/seed123,tr-007_01213,test_guarani_only,5,2,4,51,3,0,1,7
8/seed123,tr-010_02466,test_guarani_only,5,6,1,32,5,0,3,5
8/seed123,tr-008_01948,test_guarani_only,2,0,4,32,2,0,1,7
8/seed123,tr-007_01347,test_guarani_only,3,1,1,25,2,1,0,6
8/seed123,tr-007_01328,test_guarani_only,10,5,0,31,5,0,0,6
8/seed123,tr-010_02424,test_guarani_only,5,1,1,29,4,1,0,6
8/seed123,tr-007_01189,test_guarani_only,7,6,3,53,8,1,0,9
8/seed123,tr-007_01154,test_guarani_only,3,1,1,26,4,0,1,6
8/seed123,tr-008_01774,test_guarani_only,19,17,2,51,7,0,0,7
8/seed123,tr-009_02005,test_guarani_only,1,3,1,30,1,5,0,6
8/seed123,tr-010_02397,test_guarani_only,3,2,0,22,4,0,1,6
8/seed123,tr-010_02510,test_guarani_only,7,6,4,33,6,1,0,7
8/seed123,tr-008_01884,test_guarani_only,1,3,0,46,4,0,0,7
8/seed123,tr-010_02395,test_guarani_only,5,4,9,40,8,0,1,9
8/seed123,tr-009_02044,test_guarani_only,0,1,0,48,2,0,2,8
8/seed123,tr-010_02472,test_guarani_only,5,3,5,32,4,1,3,6
8/seed123,tr-005_00207,test_guarani_only,1,0,0,12,1,0,0,3
8/seed123,tr-008_01937,test_guarani_only,6,3,2,36,5,0,1,6
8/seed123,tr-010_02406,test_guarani_only,3,0,5,19,2,1,0,5
8/seed123,tr-009_02359,test_guarani_only,2,2,1,27,3,0,0,4
8/seed123,tr-007_01208,test_guarani_only,9,9,2,55,5,3,2,11
8/seed123,tr-010_02415,test_guarani_only,10,8,3,69,8,1,0,12
8/seed123,tr-008_01881,test_guarani_only,1,0,0,15,1,1,0,4
8/seed123,tr-010_02520,test_jehea,1,2,0,36,4,0,1,6
8/seed123,tr-008_01885,test_jehea,0,0,3,24,2,1,0,6
8/seed123,tr-010_02529,test_jehea,12,10,6,87,12,1,2,20
8/seed123,tr-007_01440,test_jehea,12,9,8,118,10,2,4,32
8/seed123,tr-009_02080,test_jehea,15,10,4,75,12,1,1,16
8/seed123,tr-009_02023,test_jehea,4,7,1,114,2,2,0,17
8/seed123,tr-007_01396,test_jehea,11,17,4,111,15,1,2,23
8/seed123,tr-008_01771,test_jehea,5,6,0,106,8,0,2,16
8/seed123,tr-008_01742,test_jehea,8,2,5,29,4,0,3,5
8/seed123,tr-007_01490,test_jehea,19,5,8,96,10,1,4,22
8/seed123,tr-010_02454,test_jehea,17,9,5,108,14,1,1,23
8/seed123,tr-010_02536,test_jehea,11,5,8,101,8,0,2,21
8/seed123,tr-007_01215,test_jehea,24,18,25,157,12,3,6,27
8/seed123,tr-007_01243,test_jehea,3,3,1,65,4,0,1,16
8/seed123,tr-009_02087,test_jehea,4,7,3,91,5,1,1,19
8/seed123,tr-008_01968,test_jehea,11,4,3,61,8,1,2,14
8/seed123,tr-006_00990,test_jehea,10,6,5,84,6,2,2,23
8/seed123,tr-005_00374,test_jehea,4,7,1,80,9,1,0,19
8/seed123,tr-005_00406,test_jehea,10,15,11,106,12,1,4,23
8/seed123,tr-005_00364,test_jehea,8,12,6,81,11,0,3,17
8/seed123,tr-005_00194,test_jehea,4,2,2,77,3,1,2,15
8/seed123,tr-005_00323,test_jehea,9,9,4,84,14,1,0,19
8/seed123,tr-010_02531,test_jehea,1,2,0,33,1,2,0,7
8/seed123,tr-005_00258,test_jehea,6,4,3,53,6,0,1,13
8/seed123,tr-005_00198,test_jehea,10,13,2,67,6,1,0,13
8/seed123,tr-005_00276,test_jehea,5,1,2,59,5,0,1,11
8/seed123,tr-005_00293,test_jehea,9,2,7,54,6,0,3,10
8/seed123,tr-005_00203,test_jehea,14,10,3,76,6,1,4,12
8/seed123,tr-005_00345,test_jehea,12,6,5,43,7,0,1,11
8/seed123,tr-005_00348,test_jehea,6,8,10,51,9,0,2,10
8/seed123,tr-005_00403,test_jehea,2,6,0,64,5,1,2,13
8/seed123,tr-006_00693,test_jehea,9,394,30,634,17,116,8,176
8/seed123,tr-005_00267,test_jehea,9,2,3,25,3,0,2,5
8/seed123,tr-010_02425,test_mixed,5,1,3,40,5,1,2,7
8/seed123,tr-005_00340,test_mixed,4,0,10,26,4,0,2,8
8/seed123,tr-007_01128,test_mixed,3,1,0,65,2,0,0,22
8/seed123,tr-008_01702,test_mixed,6,4,5,53,4,2,1,16
8/seed123,tr-005_00370,test_mixed,4,5,3,52,6,0,1,14
8/seed123,tr-005_00010,test_mixed,22,11,9,173,11,1,3,42
8/seed123,tr-008_01864,test_mixed,15,2,13,26,5,0,1,5
8/seed123,tr-008_01853,test_mixed,14,5,3,38,8,0,1,9
8/seed123,tr-007_01383,test_mixed,2,10,6,100,5,4,0,23
8/seed123,tr-011_02995,test_mixed,2,35,0,72,3,11,0,20
8/seed123,tr-009_02339,test_mixed,8,4,5,70,11,1,1,19
8/seed123,tr-009_02077,test_mixed,12,13,3,89,10,1,3,16
8/seed123,tr-008_01931,test_mixed,4,4,0,56,2,1,0,13
8/seed123,tr-005_00413,test_mixed,11,5,12,65,7,0,3,14
8/seed123,tr-008_01800,test_mixed,8,11,6,71,4,3,2,16
8/seed123,tr-011_02953,test_mixed,1,10,0,80,3,2,0,22
8/seed123,tr-006_00892,test_mixed,13,11,5,83,10,2,3,20
8/seed123,tr-007_01421,test_mixed,6,11,3,78,6,3,0,20
8/seed123,tr-007_01533,test_mixed,17,4,1,161,15,3,2,33
8/seed123,tr-006_00995,test_mixed,8,10,1,89,6,3,0,26
8/seed123,tr-009_02340,test_mixed,5,2,1,75,7,0,0,18
8/seed123,tr-005_00086,test_mixed,8,2,5,50,6,0,1,13
8/seed123,tr-005_00206,test_mixed,9,4,9,60,4,2,2,12
8/seed123,tr-005_00286,test_mixed,17,9,7,64,8,1,1,11
8/seed123,tr-005_00347,test_mixed,20,11,4,67,13,0,2,14
8/seed123,tr-005_00311,test_mixed,5,11,6,79,9,4,1,18
8/seed123,tr-005_00232,test_mixed,5,1,5,43,3,0,1,11
8/seed123,tr-006_00641,test_mixed,12,464,1,634,12,119,1,173
8/seed123,tr-007_01492,test_mixed,1,0,0,42,1,0,0,10
8/seed123,tr-008_01729,test_mixed,4,10,1,41,2,4,1,11
8/seed123,tr-006_00897,test_mixed,1,3,3,41,4,0,2,9
8/seed123,tr-010_02819,test_mixed,9,5,0,47,5,1,1,11
8/seed123,tr-006_00676,test_mixed,0,2,0,33,1,1,0,12
8/seed123,tr-010_02545,test_mixed,6,5,2,45,9,0,2,9
8/seed123,tr-011_02872,test_mixed,13,6,4,147,9,3,2,41
8/seed123,tr-010_02825,test_mixed,3,1,0,75,3,0,0,16
8/seed123,tr-009_02231,test_mixed,9,13,1,154,9,5,0,42
8/seed123,tr-007_01401,test_mixed,9,7,3,73,8,1,3,22
8/seed123,tr-007_01484,test_mixed,3,0,5,133,2,0,1,38
8/seed123,tr-007_01348,test_mixed,5,0,1,42,3,0,1,8
8/seed123,tr-009_02028,test_mixed,11,9,5,43,8,0,0,8
8/seed123,tr-009_02163,test_mixed,5,2,10,94,5,1,5,26
8/seed123,tr-008_01576,test_mixed,22,263,1,439,13,67,0,103
8/seed123,tr-006_01017,test_mixed,7,7,1,127,4,3,0,33
8/seed123,tr-011_03267,test_mixed,3,5,25,98,2,3,5,34
8/seed123,tr-006_00680,test_mixed,3,1,3,54,4,0,2,18
8/seed123,tr-006_00605,test_mixed,2,2,3,42,4,0,0,10
8/seed123,tr-008_01847,test_mixed,6,1,3,46,6,0,1,8
8/seed123,tr-011_03237,test_mixed,4,2,5,58,4,1,2,15
8/seed123,tr-009_02219,test_mixed,2,1,7,36,3,0,2,10
8/seed123,tr-008_01677,test_mixed,3,10,0,92,3,5,0,25
8/seed123,tr-006_01075,test_mixed,4,3,1,54,3,1,1,14
8/seed123,tr-006_01025,test_mixed,1,1,6,47,4,1,1,13
8/seed123,tr-008_01863,test_mixed,2,3,0,34,2,1,0,8
8/seed123,tr-010_02746,test_mixed,1,1,7,62,3,1,4,17
8/seed123,tr-006_01009,test_mixed,0,0,3,29,1,0,0,9
8/seed123,tr-009_02007,test_mixed,6,2,0,24,4,1,0,7
8/seed123,tr-007_01398,test_mixed,2,2,0,32,3,0,1,6
8/seed123,tr-006_00996,test_mixed,9,13,0,47,5,0,1,6
8/seed123,tr-011_03110,test_mixed,6,9,5,78,6,4,0,24
8/seed123,tr-008_01705,test_mixed,6,5,4,95,5,3,0,25
8/seed123,tr-007_01395,test_mixed,11,15,1,80,7,5,1,19
8/seed123,tr-005_00319,test_mixed,6,2,4,38,3,1,0,11
8/seed123,tr-008_01798,test_mixed,5,4,2,25,3,0,1,6
8/seed123,tr-007_01214,test_mixed,8,2,0,41,4,0,2,10
8/seed123,tr-006_00487,test_mixed,2,1,0,59,1,0,0,14
8/seed123,tr-007_01427,test_mixed,15,55,9,265,23,5,0,62
8/seed123,tr-011_03153,test_spanish_only,0,3,4,51,0,2,2,17
8/seed123,tr-010_02781,test_spanish_only,8,8,5,78,8,0,2,19
8/seed123,tr-011_03254,test_spanish_only,0,0,2,209,1,0,1,61
8/seed123,tr-005_00124,test_spanish_only,4,6,8,78,5,3,2,21
8/seed123,tr-005_00131,test_spanish_only,5,3,0,91,4,0,0,18
8/seed123,tr-010_02555,test_spanish_only,2,2,5,97,4,1,1,26
8/seed123,tr-010_02703,test_spanish_only,0,3,2,89,2,0,0,26
8/seed123,tr-009_02202,test_spanish_only,5,3,1,61,3,1,0,17
8/seed123,tr-011_02955,test_spanish_only,2,6,1,117,2,2,0,32
8/seed123,tr-011_03044,test_spanish_only,0,1,2,24,2,0,0,5
8/seed123,tr-006_00650,test_spanish_only,3,12,1,88,6,3,1,26
8/seed123,tr-007_01147,test_spanish_only,1,2,0,65,3,0,0,17
8/seed123,tr-010_02797,test_spanish_only,1,1,4,61,2,0,1,17
8/seed123,tr-010_02815,test_spanish_only,1,3,4,74,2,0,1,19
8/seed123,tr-011_02948,test_spanish_only,0,0,0,78,0,0,0,22
8/seed123,tr-005_00161,test_spanish_only,3,5,2,58,6,1,0,19
8/seed123,tr-011_03246,test_spanish_only,4,4,4,96,5,0,0,26
8/seed123,tr-006_00668,test_spanish_only,0,5,3,71,4,1,2,16
8/seed123,tr-011_02964,test_spanish_only,6,2,3,74,4,1,0,19
8/seed123,tr-006_00654,test_spanish_only,8,7,9,136,7,3,7,39
8/seed123,tr-011_03277,test_spanish_only,0,0,0,15,0,0,0,5
8/seed123,tr-010_02694,test_spanish_only,0,1,0,43,0,1,0,15
8/seed123,tr-011_03021,test_spanish_only,7,1,1,65,4,0,0,17
8/seed123,tr-011_03259,test_spanish_only,0,3,0,46,1,1,0,13
8/seed123,tr-006_01024,test_spanish_only,4,13,1,78,5,1,1,20
9/seed123,tr-005_00322,test_guarani_only,5,5,4,24,5,0,2,5
9/seed123,tr-009_02047,test_guarani_only,5,6,0,42,4,0,1,5
9/seed123,tr-007_01213,test_guarani_only,6,2,3,51,5,0,1,7
9/seed123,tr-010_02466,test_guarani_only,4,7,2,32,5,0,0,5
9/seed123,tr-008_01948,test_guarani_only,2,0,1,32,2,0,0,7
9/seed123,tr-007_01347,test_guarani_only,4,3,0,25,4,2,0,6
9/seed123,tr-007_01328,test_guarani_only,6,7,1,31,5,1,0,6
9/seed123,tr-010_02424,test_guarani_only,4,3,1,29,4,1,1,6
9/seed123,tr-007_01189,test_guarani_only,9,13,1,53,7,2,0,9
9/seed123,tr-007_01154,test_guarani_only,5,2,0,26,4,0,0,6
9/seed123,tr-008_01774,test_guarani_only,22,15,1,51,7,0,0,7
9/seed123,tr-009_02005,test_guarani_only,5,4,2,30,2,2,1,6
9/seed123,tr-010_02397,test_guarani_only,1,2,0,22,2,0,0,6
9/seed123,tr-010_02510,test_guarani_only,9,3,1,33,7,0,0,7
9/seed123,tr-008_01884,test_guarani_only,3,4,0,46,5,0,0,7
9/seed123,tr-010_02395,test_guarani_only,4,4,6,40,4,3,0,9
9/seed123,tr-009_02044,test_guarani_only,0,1,0,48,2,0,2,8
9/seed123,tr-010_02472,test_guarani_only,10,3,3,32,4,0,2,6
9/seed123,tr-005_00207,test_guarani_only,1,0,0,12,1,0,0,3
9/seed123,tr-008_01937,test_guarani_only,8,3,0,36,4,1,0,6
9/seed123,tr-010_02406,test_guarani_only,6,0,0,19,3,2,0,5
9/seed123,tr-009_02359,test_guarani_only,2,2,1,27,1,1,1,4
9/seed123,tr-007_01208,test_guarani_only,15,13,0,55,8,3,0,11
9/seed123,tr-010_02415,test_guarani_only,6,11,2,69,5,2,0,12
9/seed123,tr-008_01881,test_guarani_only,0,0,0,15,1,1,0,4
9/seed123,tr-010_02520,test_jehea,6,2,0,36,4,1,0,6
9/seed123,tr-008_01885,test_jehea,2,0,3,24,2,1,0,6
9/seed123,tr-010_02529,test_jehea,15,14,0,87,12,4,1,20
9/seed123,tr-007_01440,test_jehea,12,10,3,118,13,2,1,32
9/seed123,tr-009_02080,test_jehea,15,10,1,75,10,2,0,16
9/seed123,tr-009_02023,test_jehea,5,5,1,114,3,2,0,17
9/seed123,tr-007_01396,test_jehea,15,19,1,111,16,2,4,23
9/seed123,tr-008_01771,test_jehea,7,4,1,106,8,0,3,16
9/seed123,tr-008_01742,test_jehea,6,2,5,29,3,0,1,5
9/seed123,tr-007_01490,test_jehea,16,9,7,96,9,2,4,22
9/seed123,tr-010_02454,test_jehea,15,15,4,108,17,1,0,23
9/seed123,tr-010_02536,test_jehea,12,5,8,101,9,0,1,21
9/seed123,tr-007_01215,test_jehea,12,48,4,157,13,5,1,27
9/seed123,tr-007_01243,test_jehea,3,3,1,65,4,0,1,16
9/seed123,tr-009_02087,test_jehea,6,10,0,91,6,4,0,19
9/seed123,tr-008_01968,test_jehea,11,4,3,61,8,1,2,14
9/seed123,tr-006_00990,test_jehea,6,8,3,84,7,3,2,23
9/seed123,tr-005_00374,test_jehea,11,15,1,80,9,7,0,19
9/seed123,tr-005_00406,test_jehea,12,27,6,106,12,3,3,23
9/seed123,tr-005_00364,test_jehea,11,13,1,81,11,1,0,17
9/seed123,tr-005_00194,test_jehea,3,11,1,77,5,2,1,15
9/seed123,tr-005_00323,test_jehea,12,12,3,84,13,4,0,19
9/seed123,tr-010_02531,test_jehea,1,2,0,33,1,2,0,7
9/seed123,tr-005_00258,test_jehea,6,4,4,53,6,0,1,13
9/seed123,tr-005_00198,test_jehea,10,15,2,67,9,2,0,13
9/seed123,tr-005_00276,test_jehea,6,1,2,59,5,0,1,11
9/seed123,tr-005_00293,test_jehea,9,3,3,54,6,0,0,10
9/seed123,tr-005_00203,test_jehea,10,26,1,76,4,3,1,12
9/seed123,tr-005_00345,test_jehea,11,6,2,43,9,1,0,11
9/seed123,tr-005_00348,test_jehea,7,18,3,51,7,1,0,10
9/seed123,tr-005_00403,test_jehea,3,9,0,64,4,2,1,13
9/seed123,tr-006_00693,test_jehea,10,93,52,634,10,28,15,176
9/seed123,tr-005_00267,test_jehea,5,3,1,25,3,0,1,5
9/seed123,tr-010_02425,test_mixed,6,2,2,40,4,1,1,7
9/seed123,tr-005_00340,test_mixed,0,2,3,26,2,1,0,8
9/seed123,tr-007_01128,test_mixed,3,1,0,65,2,0,0,22
9/seed123,tr-008_01702,test_mixed,5,10,1,53,3,6,0,16
9/seed123,tr-005_00370,test_mixed,6,3,0,52,5,0,1,14
9/seed123,tr-005_00010,test_mixed,22,13,5,173,11,1,2,42
9/seed123,tr-008_01864,test_mixed,15,2,13,26,5,0,1,5
9/seed123,tr-008_01853,test_mixed,11,11,3,38,6,3,0,9
9/seed123,tr-007_01383,test_mixed,8,14,0,100,8,7,0,23
9/seed123,tr-011_02995,test_mixed,2,35,0,72,3,11,0,20
9/seed123,tr-009_02339,test_mixed,7,4,3,70,7,4,1,19
9/seed123,tr-009_02077,test_mixed,13,14,2,89,8,6,0,16
9/seed123,tr-008_01931,test_mixed,4,4,0,56,2,1,0,13
9/seed123,tr-005_00413,test_mixed,15,3,3,65,7,0,1,14
9/seed123,tr-008_01800,test_mixed,7,14,1,71,5,3,0,16
9/seed123,tr-011_02953,test_mixed,1,15,0,80,2,3,1,22
9/seed123,tr-006_00892,test_mixed,15,7,8,83,8,1,2,20
9/seed123,tr-007_01421,test_mixed,10,17,6,78,10,3,0,20
9/seed123,tr-007_01533,test_mixed,17,5,1,161,15,4,2,33
9/seed123,tr-006_00995,test_mixed,8,10,1,89,6,3,0,26
9/seed123,tr-009_02340,test_mixed,6,3,4,75,9,1,0,18
9/seed123,tr-005_00086,test_mixed,1,28,0,50,1,7,0,13
9/seed123,tr-005_00206,test_mixed,8,12,5,60,6,4,0,12
9/seed123,tr-005_00286,test_mixed,15,9,3,64,9,0,2,11
9/seed123,tr-005_00347,test_mixed,29,8,4,67,13,1,0,14
9/seed123,tr-005_00311,test_mixed,10,8,9,79,11,4,0,18
9/seed123,tr-005_00232,test_mixed,6,2,7,43,5,0,1,11
9/seed123,tr-006_00641,test_mixed,10,92,23,634,22,22,3,173
9/seed123,tr-007_01492,test_mixed,1,0,0,42,1,0,0,10
9/seed123,tr-008_01729,test_mixed,3,9,2,41,3,3,1,11
9/seed123,tr-006_00897,test_mixed,3,4,0,41,6,1,0,9
9/seed123,tr-010_02819,test_mixed,12,6,1,47,7,1,2,11
9/seed123,tr-006_00676,test_mixed,3,2,0,33,1,1,0,12
9/seed123,tr-010_02545,test_mixed,8,5,6,45,6,3,0,9
9/seed123,tr-011_02872,test_mixed,17,9,8,147,15,2,2,41
9/seed123,tr-010_02825,test_mixed,3,3,0,75,2,1,0,16
9/seed123,tr-009_02231,test_mixed,6,14,1,154,8,6,0,42
9/seed123,tr-007_01401,test_mixed,5,8,4,73,9,1,1,22
9/seed123,tr-007_01484,test_mixed,3,0,5,133,2,0,1,38
9/seed123,tr-007_01348,test_mixed,4,1,0,42,3,0,0,8
9/seed123,tr-009_02028,test_mixed,11,11,4,43,8,0,0,8
9/seed123,tr-009_02163,test_mixed,2,11,1,94,2,4,0,26
9/seed123,tr-008_01576,test_mixed,1,119,4,439,3,31,0,103
9/seed123,tr-006_01017,test_mixed,11,15,0,127,6,3,0,33
9/seed123,tr-011_03267,test_mixed,3,10,22,98,3,4,4,34
9/seed123,tr-006_00680,test_mixed,4,0,2,54,3,0,2,18
9/seed123,tr-006_00605,test_mixed,1,2,3,42,3,0,0,10
9/seed123,tr-008_01847,test_mixed,4,1,1,46,3,1,1,8
9/seed123,tr-011_03237,test_mixed,5,2,3,58,4,1,1,15
9/seed123,tr-009_02219,test_mixed,5,7,3,36,6,0,0,10
9/seed123,tr-008_01677,test_mixed,1,15,0,92,3,6,0,25
9/seed123,tr-006_01075,test_mixed,1,6,0,54,3,1,0,14
9/seed123,tr-006_01025,test_mixed,1,1,6,47,4,1,1,13
9/seed123,tr-008_01863,test_mixed,2,4,0,34,3,1,0,8
9/seed123,tr-010_02746,test_mixed,2,20,1,62,2,7,2,17
9/seed123,tr-006_01009,test_mixed,0,1,1,29,1,1,0,9
9/seed123,tr-009_02007,test_mixed,4,6,0,24,3,2,0,7
9/seed123,tr-007_01398,test_mixed,3,0,2,32,3,0,1,6
9/seed123,tr-006_00996,test_mixed,8,15,0,47,5,0,0,6
9/seed123,tr-011_03110,test_mixed,6,11,4,78,8,3,1,24
9/seed123,tr-008_01705,test_mixed,7,5,5,95,5,4,0,25
9/seed123,tr-007_01395,test_mixed,11,16,0,80,7,8,0,19
9/seed123,tr-005_00319,test_mixed,6,2,4,38,3,1,0,11
9/seed123,tr-008_01798,test_mixed,4,4,2,25,3,0,0,6
9/seed123,tr-007_01214,test_mixed,10,2,0,41,3,0,2,10
9/seed123,tr-006_00487,test_mixed,2,1,0,59,1,0,0,14
9/seed123,tr-007_01427,test_mixed,19,68,9,265,28,13,2,62
9/seed123,tr-011_03153,test_spanish_only,0,3,3,51,0,2,2,17
9/seed123,tr-010_02781,test_spanish_only,5,7,0,78,5,1,1,19
9/seed123,tr-011_03254,test_spanish_only,0,0,2,209,1,0,1,61
9/seed123,tr-005_00124,test_spanish_only,4,6,8,78,5,3,2,21
9/seed123,tr-005_00131,test_spanish_only,7,10,0,91,5,0,0,18
9/seed123,tr-010_02555,test_spanish_only,1,2,0,97,4,1,0,26
9/seed123,tr-010_02703,test_spanish_only,0,3,2,89,2,0,0,26
9/seed123,tr-009_02202,test_spanish_only,5,4,1,61,3,1,0,17
9/seed123,tr-011_02955,test_spanish_only,2,6,0,117,1,2,0,32
9/seed123,tr-011_03044,test_spanish_only,0,0,0,24,0,0,0,5
9/seed123,tr-006_00650,test_spanish_only,3,11,2,88,7,2,1,26
9/seed123,tr-007_01147,test_spanish_only,1,2,0,65,3,0,0,17
9/seed123,tr-010_02797,test_spanish_only,1,1,4,61,2,0,1,17
9/seed123,tr-010_02815,test_spanish_only,4,4,2,74,3,0,1,19
9/seed123,tr-011_02948,test_spanish_only,0,0,0,78,0,0,0,22
9/seed123,tr-005_00161,test_spanish_only,2,4,1,58,5,1,0,19
9/seed123,tr-011_03246,test_spanish_only,2,7,2,96,4,1,0,26
9/seed123,tr-006_00668,test_spanish_only,0,5,3,71,4,1,2,16
9/seed123,tr-011_02964,test_spanish_only,6,2,3,74,4,1,0,19
9/seed123,tr-006_00654,test_spanish_only,9,14,12,136,9,4,5,39
9/seed123,tr-011_03277,test_spanish_only,0,0,0,15,0,0,0,5
9/seed123,tr-010_02694,test_spanish_only,0,1,0,43,0,1,0,15
9/seed123,tr-011_03021,test_spanish_only,4,9,1,65,3,2,0,17
9/seed123,tr-011_03259,test_spanish_only,0,3,0,46,1,1,0,13
9/seed123,tr-006_01024,test_spanish_only,3,13,1,78,5,1,1,20
